Times	Accuary	Precision	Recall	MCC	AUROC	AUPR
0	0.9545712663259511	nan	0.0	nan	0.7467730517549077	0.0897370353159539
1	0.9545712663259511	nan	0.0	nan	0.7557833135038667	0.10595811936871498
2	0.9545712663259511	nan	0.0	nan	0.7460643961927425	0.08938934337136459
3	0.9545712663259511	nan	0.0	nan	0.7555252825698989	0.0999036901668527
4	0.9545712663259511	nan	0.0	nan	0.7456519928613918	0.0888316685707212
