Times	Accuary	Precision	Recall	MCC	AUROC	AUPR
0	0.9552850153601092	nan	0.0	nan	0.7668387163643902	0.10830333524058938
1	0.9552850153601092	nan	0.0	nan	0.7589428262822354	0.09417051324086588
2	0.9552850153601092	nan	0.0	nan	0.7555565354639978	0.09764877429182411
3	0.9552850153601092	nan	0.0	nan	0.7612776349333924	0.09475482067372665
4	0.9552850153601092	nan	0.0	nan	0.7625958138311351	0.11453584288765238
