Times	Accuary	Precision	Recall	MCC	AUROC	AUPR
0	0.9540607985480943	nan	0.0	nan	0.7528244171726912	0.09213210407812192
1	0.9540607985480943	nan	0.0	nan	0.754396139094748	0.09402876980764019
2	0.9540607985480943	nan	0.0	nan	0.7585350459642062	0.09447992367622615
3	0.9540607985480943	nan	0.0	nan	0.751147160317691	0.09449574944225389
4	0.9540607985480943	nan	0.0	nan	0.7481264246848996	0.09023843092920941
