Times	Accuary	Precision	Recall	MCC	AUROC	AUPR
0	0.7967055042185617	0.7120221826104179	0.694417616380143	0.5486791794153458	0.8544987408830803	0.7716081355252938
1	0.7941609749564752	0.7007062416491697	0.7090979331659262	0.5468785278557735	0.8539657783026521	0.7749003914087191
2	0.7907459488415696	0.7534584980237155	0.5891442920610392	0.5212496794262382	0.8409858004205695	0.7633058198303776
3	0.7967724655149324	0.7242462311557789	0.6681475758161097	0.5440323063601482	0.8585188458922098	0.778489514704355
4	0.7908798714343109	0.7004293520686963	0.693258644002318	0.5372431109510855	0.8501055462298268	0.7661728973643638
