Times	Accuary	p_micro	p_macro	p_weigh	r_micro	r_macro	r_weigh	F1_micro	F1_macro	F1_weigh	roc_micro	roc_macro	pr_micro	pr_macro
0	0.920730442000415	0.920730442000415	0.6819886740062276	0.9179395658017198	0.920730442000415	0.6468309214110828	0.920730442000415	0.920730442000415	0.6620221066144181	0.9185814541395744	0.9876773803941745	0.9764487831603369	0.9692236175164846	0.7346267164958721
1	0.9181365428512139	0.9181365428512139	0.6890166915032814	0.9166888617698735	0.9181365428512139	0.63447429829151	0.9181365428512139	0.9181365428512139	0.656130175855018	0.9154473480758392	0.9869568390970681	0.9792805712224575	0.9686036647583426	0.7447072150936991
2	0.9164764473957252	0.9164764473957252	0.6902800462096954	0.915347747128384	0.9164764473957252	0.6326135590860112	0.9164764473957252	0.9164764473957252	0.6552029746453105	0.9136785184846679	0.9875938291029792	0.9767973979577218	0.9693502601314513	0.7387840168761043
3	0.9199003942726707	0.9199003942726707	0.6874093633368392	0.9180883202335315	0.9199003942726707	0.6579891037626798	0.9199003942726707	0.9199003942726707	0.6709405400137459	0.9181379623656017	0.9883388381338463	0.9781925204114839	0.9700549300937373	0.7377881540320029
4	0.9249844366051048	0.9249844366051048	0.6962644368263996	0.9247726583295562	0.9249844366051048	0.6465420213909383	0.9249844366051048	0.9249844366051047	0.666637321509908	0.9226722441110665	0.9888658821260171	0.9799330054149976	0.9729408356859974	0.7377181477030341
