Times	Accuary	p_micro	p_macro	p_weigh	r_micro	r_macro	r_weigh	F1_micro	F1_macro	F1_weigh	roc_micro	roc_macro	pr_micro	pr_macro
0	0.9067233865947292	0.9067233865947292	0.681640620644868	0.9085011919850847	0.9067233865947292	0.5880352466474416	0.9067233865947292	0.9067233865947291	0.6165169024995296	0.9008344187930768	0.9861379244842305	0.9777658260300284	0.9656556033756697	0.7246054407130424
1	0.8999792488068064	0.8999792488068064	0.6677760228974509	0.8991450745551671	0.8999792488068064	0.5834376888539179	0.8999792488068064	0.8999792488068064	0.6100451881917575	0.8942720874440159	0.9839012485064402	0.977462324940933	0.9606692681678095	0.7201147797021901
2	0.9269557999584976	0.9269557999584976	0.6913979292624224	0.9244055825012337	0.9269557999584976	0.6704908951287012	0.9269557999584976	0.9269557999584976	0.6801317770468408	0.9254333396200324	0.9903222227394353	0.9837162305395699	0.9757652164047574	0.7593392253803022
3	0.9218717576260635	0.9218717576260635	0.6868516972385288	0.9197525685881631	0.9218717576260635	0.6584055963626482	0.9218717576260635	0.9218717576260635	0.6710319398874919	0.9201436373039862	0.9880805050125894	0.9783680269502835	0.9699876816525881	0.7476423047248215
4	0.9196928823407345	0.9196928823407345	0.693020840314449	0.9178890357252822	0.9196928823407345	0.6307990405037998	0.9196928823407345	0.9196928823407345	0.6547726069005364	0.9166167992095597	0.9877825986467903	0.980326187896803	0.9712477609235366	0.7354480021687642
