Times	Accuary	Precision	Recall	MCC	AUROC	AUPR
0	0.7926935149936553	0.7213288192975031	0.6560816012317167	0.534004119739943	0.8543555742637411	0.7670566413065002
1	0.8023108261537434	0.7389910218041899	0.6653194765204004	0.5550565018040237	0.8574610956744959	0.7771045927351754
2	0.7963667935617444	0.7367144432194046	0.6429946112394149	0.5395981877157414	0.8545720648207137	0.768887285470862
3	0.8018433179723502	0.7592463363572924	0.628175519630485	0.5495692322678556	0.8565002146008411	0.777187534868122
4	0.8022440392706872	0.7418307725600519	0.6597382602001539	0.5541293882542463	0.8614118416515864	0.780386176608773
