Times	Accuary	Precision	Recall	MCC	AUROC	AUPR
0	0.8032107023411371	0.7420677746600475	0.6630665380906461	0.5564825409173363	0.8602991219403325	0.7803265958345554
1	0.8008695652173913	0.7371134020618557	0.6619093539054967	0.5514844232509644	0.852908676955711	0.7747807892116767
2	0.8031438127090301	0.7319950331125827	0.6821600771456123	0.5592446654394813	0.856076890830367	0.77581696826841
3	0.7980602006688963	0.7565135007105637	0.6160077145612344	0.5399910824601797	0.8524822627799578	0.7734073437203819
4	0.7970568561872909	0.777262180974478	0.5814850530376084	0.535314748828246	0.8567850760963649	0.7689851583701753
