Times	Accuary	p_micro	p_macro	p_weigh	r_micro	r_macro	r_weigh	F1_micro	F1_macro	F1_weigh	roc_micro	roc_macro	pr_micro	pr_macro
0	0.9026466009340944	0.9026466009340944	0.6727158041222467	0.9015676489672731	0.9026466009340944	0.5848270353873849	0.9026466009340944	0.9026466009340944	0.6122535297594347	0.8968062565338641	0.985515266759288	0.9745895049574871	0.9641139325230286	0.722360363817039
1	0.9247535028541775	0.9247535028541775	0.6992521063224213	0.9229835678567659	0.9247535028541775	0.6573280707240595	0.9247535028541775	0.9247535028541775	0.6752325465800385	0.9229056127355003	0.988839177280907	0.9835199292781217	0.9720183499272634	0.7586466234024365
2	0.9330565646081993	0.9330565646081993	0.6979848876058689	0.9310286551824742	0.9330565646081993	0.6859735122845866	0.9330565646081993	0.9330565646081993	0.6916241081851335	0.9318019628542548	0.9908100197962528	0.9849258673605545	0.9766055701855407	0.7936260370233317
3	0.9120913336792943	0.9120913336792943	0.6957630736367834	0.9115046823652984	0.9120913336792943	0.6324608896288847	0.9120913336792943	0.9120913336792943	0.6570994946396765	0.9096156930909332	0.9861853016525063	0.977499250701217	0.9658829836469726	0.7307435107350546
4	0.9135443694862481	0.9135443694862481	0.6813885297143315	0.9126160928784892	0.9135443694862481	0.6174479162264724	0.9135443694862481	0.9135443694862481	0.6411956460768149	0.9100158959700221	0.987377658519709	0.9804693213555219	0.9688049469865124	0.7320133428246641
