Times	Accuary	Precision	Recall	MCC	AUROC	AUPR
0	0.771928639005271	0.10377535687453043	0.6550088915234143	0.19324093168237041	0.7870495306038197	0.11322713616604449
1	0.7159300806415282	0.09067745803357315	0.7172495554238293	0.1806130090717186	0.7954743706613998	0.11357339358532945
2	0.7303464432130468	0.0941594317284925	0.7071724955542383	0.18562196584968885	0.7868863309217913	0.11097144946390508
3	0.7572644952020543	0.10020234010732823	0.6751630112625964	0.19085691101457544	0.7895002601714952	0.11253364519184487
4	0.7465648511060053	0.09543147208121827	0.6686425607587433	0.1809404120257672	0.7937849249991419	0.11486162499835312
