Times	Accuary	Precision	Recall	MCC	AUROC	AUPR
0	0.7720955270627385	0.10917514351898479	0.6980038634900193	0.21088422726456765	0.8121527307753128	0.13656913795289571
1	0.7199765097386709	0.09638455888353872	0.760463618802318	0.1998195375630522	0.8077994788243846	0.12447898289823862
2	0.7870705686600763	0.11193138638584302	0.6638763683193818	0.20857563784533	0.8057086181017339	0.1275215044635017
3	0.665777625526084	0.08512679917751885	0.7997424339987121	0.18365990041349983	0.8101431558255472	0.13860672164900945
4	0.78484388763825	0.1116713151684188	0.6703155183515775	0.2094580382061558	0.8052999044568696	0.12234344516027652
