Times	Accuary	Precision	Recall	MCC	AUROC	AUPR
0	0.6677150086310861	0.08491761723700887	0.7921593030491599	0.18184452287908928	0.7913105967644933	0.11879768913180426
1	0.7177516611884888	0.09280138768430182	0.7324206596141879	0.18759775678925014	0.7928302376038022	0.10461377529082566
2	0.73290926718532	0.09894022189104157	0.7436216552582452	0.2015274870546249	0.7996739291410021	0.1186378123236644
3	0.69327721156802	0.08968804159445408	0.7728686994399502	0.18863658559192711	0.7999138873250287	0.11227086824378464
4	0.6786398354181938	0.08812813638550904	0.7977598008711886	0.18985150169204187	0.8095377592385851	0.12502802866534835
