Times	Accuary	Precision	Recall	MCC	AUROC	AUPR
0	0.8187372708757638	0.838379705400982	0.834623217922607	0.6331564752646128	0.8973289060523226	0.9137565364359284
1	0.8099117447386287	0.8092684795097663	0.8606924643584521	0.6135844218537221	0.8977306382502146	0.9159139691193039
2	0.8182846797918081	0.8476430976430976	0.8203665987780041	0.6339128867525272	0.8954032047320194	0.9122495571913154
3	0.8044806517311609	0.8386547467007237	0.8024439918533605	0.6069074599976778	0.8909192346140924	0.9103366266159354
4	0.8110432224485178	0.8266129032258065	0.835030549898167	0.6169154287469416	0.8946029550234155	0.9142319919106578
