Times	Accuary	Precision	Recall	MCC	AUROC	AUPR
0	0.7598183881952327	0.9176682692307693	0.6237745098039216	0.5675431610475911	0.8844945745288406	0.9027907823598381
1	0.8090805902383655	0.826758845058967	0.8304738562091504	0.6131472048429205	0.8885483357880711	0.9084597388843689
2	0.8077185017026107	0.8666972056802565	0.7728758169934641	0.6203135393820456	0.8933374746594259	0.9140526892679773
3	0.78683314415437	0.8711264141662568	0.7234477124183006	0.5876381310043031	0.8810367551040175	0.8994439955945639
4	0.8024971623155505	0.8312342569269522	0.8088235294117647	0.6016483057894486	0.8870133941841087	0.9027967681482573
