Times	Accuary	Precision	Recall	MCC	AUROC	AUPR
0	0.8129934581547484	0.8579570363875493	0.7948822095857027	0.6268847714462772	0.893422333008147	0.9132045550701902
1	0.8141213625084592	0.8432523051131601	0.8172217709179529	0.6254411073896954	0.8922885083095624	0.9107060220742443
2	0.8132190390254906	0.856768558951965	0.7969130787977254	0.6269655279823558	0.8925034445437726	0.9085281891489058
3	0.8145725242499436	0.8430962343096234	0.8184402924451666	0.6262379364547801	0.8915478747278263	0.9014633160058751
4	0.8046469659372886	0.8313953488372093	0.8131600324939074	0.6057022575730276	0.8896032479069993	0.9110700740746797
