Times	Accuary	p_micro	p_macro	p_weigh	r_micro	r_macro	r_weigh	F1_micro	F1_macro	F1_weigh	roc_micro	roc_macro	pr_micro	pr_macro
0	0.48647249190938513	0.48647249190938513	0.2345433405394413	0.4602818178094407	0.48647249190938513	0.2478891820580475	0.48647249190938513	0.48647249190938513	0.18109075948264455	0.35538328980671735	0.8176968094874023	0.4329745665472823	0.49643859364281856	0.2535705171258631
1	0.4862135922330097	0.4862135922330097	0.23384977127212647	0.4589207161793446	0.4862135922330097	0.24775725593667544	0.4862135922330097	0.4862135922330097	0.1784924188143961	0.3502841513561482	0.8130514343167751	0.4225017936041754	0.48846897441811243	0.25219308686036457
2	0.4935922330097087	0.4935922330097087	0.2521227915106754	0.49478077919764907	0.4935922330097087	0.2515171503957784	0.4935922330097087	0.4935922330097087	0.19553012235517592	0.3837199553274391	0.8234987847494964	0.434847520924074	0.5027916688758227	0.2609186085822879
3	0.48699029126213594	0.48699029126213594	0.2171637152969127	0.42617500633025196	0.48699029126213594	0.24815303430079155	0.48699029126213594	0.48699029126213594	0.16930271019947363	0.33224971995132946	0.8107920109760058	0.3747446589542565	0.4811233213420754	0.23943902373550024
4	0.4859546925566343	0.4859546925566343	0.23283664357763612	0.4569324940630373	0.4859546925566343	0.24762532981530344	0.4859546925566343	0.4859546925566343	0.18077030921075332	0.3547544191113296	0.8103223077540731	0.38159249179421084	0.4705695616672144	0.23379787861472495
