Times	Accuary	p_micro	p_macro	p_weigh	r_micro	r_macro	r_weigh	F1_micro	F1_macro	F1_weigh	roc_micro	roc_macro	pr_micro	pr_macro
0	0.7953398058252428	0.7953398058252428	0.42178667052385854	0.8230956232064025	0.7953398058252428	0.4121560497549943	0.7953398058252428	0.7953398058252428	0.4152507855461116	0.8080025663150794	0.9447804749985163	0.8028871313757352	0.8561475740754332	0.4362015502305462
1	0.8031067961165048	0.8031067961165048	0.4270946763198447	0.8224538769389328	0.8031067961165048	0.4281520919713532	0.8031067961165048	0.8031067961165047	0.42474544414276183	0.811476066082414	0.9445299735025816	0.8131643304488588	0.8541009763132162	0.43567856829252377
2	0.8183818770226537	0.8183818770226537	0.4211532427229985	0.8209699807380096	0.8183818770226537	0.4204579721070486	0.8183818770226537	0.8183818770226537	0.42062260932623285	0.8193777889663575	0.945261145847516	0.7969166145934223	0.8565099088399349	0.43372322729454577
3	0.7826537216828479	0.7826537216828479	0.4259216854406136	0.8236494897702621	0.7826537216828479	0.4228891820580475	0.7826537216828479	0.7826537216828479	0.4180244043511618	0.8009574883533456	0.9406016861993486	0.7995022903025241	0.8457658013977266	0.4306965198319054
4	0.7924919093851133	0.7924919093851133	0.43002456703320346	0.8353150549980229	0.7924919093851133	0.4210233697700716	0.7924919093851133	0.7924919093851132	0.42061341676795083	0.8117413976379106	0.94097323935303	0.8243060199526038	0.8449681158114772	0.4342213382364547
