Times	Accuary	p_micro	p_macro	p_weigh	r_micro	r_macro	r_weigh	F1_micro	F1_macro	F1_weigh	roc_micro	roc_macro	pr_micro	pr_macro
0	0.7162459546925566	0.7162459546925566	0.45338688374614533	0.8764306957675958	0.7162459546925566	0.43892291745194123	0.7162459546925566	0.7162459546925567	0.408267004024351	0.7768024922305026	0.8902879944701041	0.7328057014893463	0.7888647716397186	0.42663043657780997
1	0.7550809061488674	0.7550809061488674	0.44862295574397515	0.8630956327253334	0.7550809061488674	0.48456935544666413	0.7550809061488674	0.7550809061488674	0.422900834034764	0.7988783441788785	0.9160109005980248	0.7996911709491548	0.8241989532270193	0.4367043885205858
2	0.7206472491909385	0.7206472491909385	0.4558225652438001	0.8706256317421179	0.7206472491909385	0.49791745194119863	0.7206472491909385	0.7206472491909384	0.4168136380366644	0.7742413099368154	0.9172427882685211	0.8051838912694137	0.8271713101933984	0.4423268157350292
3	0.686990291262136	0.686990291262136	0.4488333654199905	0.8560719056349708	0.686990291262136	0.49624481718808894	0.686990291262136	0.686990291262136	0.3995556649970544	0.738551066626978	0.8710915889025042	0.777300573978721	0.7918292642016475	0.4254947275580957
4	0.7045954692556634	0.7045954692556634	0.46114269979164785	0.8785625670039132	0.7045954692556634	0.5345128156803618	0.7045954692556634	0.7045954692556634	0.4150608824860209	0.766411193880772	0.8893945811208512	0.782850721916952	0.8034935201390075	0.43355790818284623
