Times	Accuary	p_micro	p_macro	p_weigh	r_micro	r_macro	r_weigh	F1_micro	F1_macro	F1_weigh	roc_micro	roc_macro	pr_micro	pr_macro
0	0.43158576051779934	0.43158576051779934	0.2439177746978987	0.47165286362243897	0.43158576051779934	0.23367885412740297	0.43158576051779934	0.43158576051779934	0.2111871627237264	0.40329601212638877	0.7883742259367483	0.47502828356775495	0.46024293905148006	0.26605200707262655
1	0.42097087378640774	0.42097087378640774	0.2346631769519525	0.46051699192124274	0.42097087378640774	0.21451187335092348	0.42097087378640774	0.42097087378640774	0.19931987419938763	0.3911571900145911	0.7517371623673819	0.4900543665631342	0.42232227097034514	0.2573210855169903
2	0.3989644012944984	0.3989644012944984	0.24602181056623917	0.4773319512855501	0.3989644012944984	0.2153364116094987	0.3989644012944984	0.3989644012944984	0.20357250565321333	0.39061183042120246	0.7716654161560939	0.48667154997553497	0.4520674744845387	0.26864361536884374
3	0.43404530744336567	0.43404530744336567	0.24090751411599615	0.46964216551042565	0.43404530744336567	0.2263333961552959	0.43404530744336567	0.43404530744336567	0.213925533755199	0.41503951219353913	0.7818622595071271	0.5160008279747895	0.45024912250993365	0.25923722283230627
4	0.43197411003236247	0.43197411003236247	0.24235768762102067	0.46802692636661003	0.43197411003236247	0.233876743309461	0.43197411003236247	0.43197411003236247	0.21206223501418767	0.40431423076483436	0.7805951704178493	0.5002751377239348	0.4544755910891123	0.26871540701875124
