Times	Accuary	p_micro	p_macro	p_weigh	r_micro	r_macro	r_weigh	F1_micro	F1_macro	F1_weigh	roc_micro	roc_macro	pr_micro	pr_macro
0	0.8405177993527508	0.8405177993527508	0.5102893054419492	0.8747032183466692	0.8405177993527508	0.5865765171503957	0.8405177993527508	0.840517799352751	0.5150744193880445	0.8431349045974008	0.9710527595368013	0.9520904793700206	0.9239833592209143	0.5633418917941674
1	0.8437540453074434	0.8437540453074434	0.5233305893085203	0.8795554895456811	0.8437540453074434	0.6621748963437618	0.8437540453074434	0.8437540453074434	0.5441625254992928	0.8484097305709537	0.9724560069542629	0.9648167146957098	0.925023910431725	0.6203942388250404
2	0.8944983818770227	0.8944983818770227	0.5452304382468496	0.9100159422611218	0.8944983818770227	0.6467583867320015	0.8944983818770227	0.8944983818770227	0.5697766694090223	0.8992283064356166	0.9842438739993646	0.9562041808956487	0.9579745754760538	0.583226227052571
3	0.8379288025889967	0.8379288025889967	0.5401766731647113	0.8587522296275308	0.8379288025889967	0.5112467018469657	0.8379288025889967	0.8379288025889966	0.517766089220975	0.834509878906248	0.9731633895748892	0.9574688788941768	0.9265020960257053	0.5781978841709294
4	0.8168284789644013	0.8168284789644013	0.5064026791224927	0.8564822061368783	0.8168284789644013	0.6037410478703354	0.8168284789644013	0.8168284789644014	0.5139048495265797	0.8186131361391771	0.9661909587596835	0.9516847896018363	0.9100482289899132	0.5851072332523242
