Times	Accuary	p_micro	p_macro	p_weigh	r_micro	r_macro	r_weigh	F1_micro	F1_macro	F1_weigh	roc_micro	roc_macro	pr_micro	pr_macro
0	0.5800647249190939	0.5800647249190939	0.33961843222695154	0.6606661790785683	0.5800647249190939	0.30589898228420653	0.5800647249190939	0.5800647249190939	0.2992320222003764	0.5781878313563188	0.8514184979210524	0.5746800355594259	0.6220221273237432	0.349796860735463
1	0.5699676375404531	0.5699676375404531	0.352555105719658	0.6765029647521056	0.5699676375404531	0.32311062947606484	0.5699676375404531	0.5699676375404531	0.2998347543551848	0.5636142770730411	0.8351729202668593	0.6039060506960157	0.592742883183012	0.34758768453280386
2	0.5603883495145631	0.5603883495145631	0.34980655375399683	0.6688845390313789	0.5603883495145631	0.36472389747455713	0.5603883495145631	0.5603883495145631	0.3073637318949101	0.5755947515675822	0.8405531795156453	0.5944611418288415	0.6171703054643245	0.3563665072499583
3	0.5800647249190939	0.5800647249190939	0.3462377173168066	0.6659224180930342	0.5800647249190939	0.3196569920844327	0.5800647249190939	0.5800647249190939	0.30654330037044253	0.580512308105207	0.8335819580160799	0.6316226661394417	0.5984429986731192	0.34080999306550297
4	0.5702265372168285	0.5702265372168285	0.34299479671897193	0.662897372082938	0.5702265372168285	0.31120429702223895	0.5702265372168285	0.5702265372168285	0.2988570927280185	0.5701786874160693	0.8376758293971227	0.6026662122349337	0.6068458535325943	0.3487869059891492
