Times	Accuary	p_micro	p_macro	p_weigh	r_micro	r_macro	r_weigh	F1_micro	F1_macro	F1_weigh	roc_micro	roc_macro	pr_micro	pr_macro
0	0.9693203883495146	0.9693203883495146	0.7350948509485096	0.9699802667929593	0.9693203883495146	0.5606374555684709	0.9693203883495146	0.9693203883495146	0.5964104695459426	0.9654882946845701	0.997145869858925	0.9916042477789269	0.9929187243346315	0.6942675890962566
1	0.9774757281553398	0.9774757281553398	0.7233508355226981	0.9764537557517168	0.9774757281553398	0.5750366402183251	0.9774757281553398	0.9774757281553398	0.611108664059861	0.9740867385564265	0.9978507305118296	0.9912526656967409	0.9949595728828424	0.7001188270434857
2	0.970873786407767	0.970873786407767	0.7192204301075269	0.9703177784737446	0.970873786407767	0.5665504287326696	0.970873786407767	0.970873786407767	0.6017488990357426	0.9673297660605787	0.9971062556948503	0.9889865570845113	0.9928089639408582	0.6777227561165446
3	0.9770873786407767	0.9770873786407767	0.7388132129044891	0.9772754763469821	0.9770873786407767	0.5850811138626371	0.9770873786407767	0.9770873786407767	0.624403165321173	0.9741688509524529	0.9973467558990794	0.9910625132812566	0.9934119158332512	0.6964485914750993
4	0.9770873786407767	0.9770873786407767	0.707830774909972	0.9755188640175452	0.9770873786407767	0.6055659439699466	0.9770873786407767	0.9770873786407767	0.6393342186331309	0.9749873898534391	0.997963188487762	0.9911222903611956	0.995056079745959	0.7000973786979279
