Times	Accuary	p_micro	p_macro	p_weigh	r_micro	r_macro	r_weigh	F1_micro	F1_macro	F1_weigh	roc_micro	roc_macro	pr_micro	pr_macro
0	0.9336437718277066	0.9336437718277066	0.8478934580588351	0.9410243486537375	0.9336437718277066	0.9047224279558309	0.9336437718277066	0.9336437718277066	0.8691639455088611	0.9354069677727704	0.9906733430418144	0.9851541397768384	0.9774609486824216	0.9288657660716306
1	0.9192859914629414	0.9192859914629414	0.5794190597249723	0.9301921870273417	0.9192859914629414	0.6477999596014005	0.9192859914629414	0.9192859914629414	0.6023433976777258	0.9214826608784552	0.9872665907636315	0.981119153832112	0.9704231290980412	0.7203553606876566
2	0.9177337989910749	0.9177337989910749	0.7078986006134104	0.9266313447788334	0.9177337989910749	0.7410828507945058	0.9177337989910749	0.917733798991075	0.7201062072705116	0.9189623883852531	0.9865753220169448	0.979386463538636	0.968634071821476	0.7378934267359527
3	0.9107489328676756	0.9107489328676756	0.8171634647124844	0.9274948526046094	0.9107489328676756	0.7887363654726637	0.9107489328676756	0.9107489328676756	0.7611749152275865	0.9146251283917591	0.9840523065372329	0.9792373057341794	0.9635797104925694	0.9151443121789926
4	0.923942568878541	0.923942568878541	0.6618006144269442	0.9396147221054958	0.923942568878541	0.9305059924589281	0.923942568878541	0.923942568878541	0.7331061904530355	0.928236069454925	0.9892388047917191	0.9852668246195436	0.9747119212581213	0.9251379098897343
