Times	Accuary	p_micro	p_macro	p_weigh	r_micro	r_macro	r_weigh	F1_micro	F1_macro	F1_weigh	roc_micro	roc_macro	pr_micro	pr_macro
0	0.7652308886301902	0.7652308886301902	0.45856186178042857	0.8345200201896135	0.7652308886301902	0.7471847225962833	0.7652308886301902	0.7652308886301902	0.46247778095479375	0.7930079606289203	0.9172793445013492	0.890586600815788	0.7785395397860344	0.5261268848656258
1	0.7446643383779589	0.7446643383779589	0.4543571150691412	0.8484785055698513	0.7446643383779589	0.6221426407217883	0.7446643383779589	0.7446643383779588	0.43961662049578265	0.7872901339264244	0.9181376079561558	0.8813651466043835	0.7941573171317275	0.45993699964115325
2	0.7365153279006597	0.7365153279006597	0.4468775153939219	0.8183476864908581	0.7365153279006597	0.7427913748990034	0.7365153279006597	0.7365153279006598	0.4447780509242292	0.7689265984795033	0.9131551725167769	0.8764863162569312	0.7772589628541167	0.45492062048558957
3	0.7380675203725262	0.7380675203725262	0.4485802358152273	0.8324142075872141	0.7380675203725262	0.6290230272017237	0.7380675203725262	0.7380675203725262	0.43902294839819256	0.7767284463795573	0.9130568930943246	0.8780847095310242	0.7888666449062227	0.4596684966822569
4	0.7442762902599922	0.7442762902599922	0.4499769351887152	0.8209784171633959	0.7442762902599922	0.7518684352275788	0.7442762902599922	0.7442762902599921	0.44986417256806754	0.7741593658178588	0.9111780394981887	0.8880107497787835	0.7647171146035163	0.4714275837267823
