Times	Accuary	Precision	Recall	MCC	AUROC	AUPR
0	0.9698703279938978	0.9516129032258065	0.9900839054157132	0.9405095334290322	0.9968825655821975	0.9967672116528886
1	0.9633867276887872	0.9379956741167988	0.992372234935164	0.9283346667691351	0.9963577567272408	0.99613591300038
2	0.967581998474447	0.9461426491994177	0.9916094584286804	0.9362456462519755	0.9967109263225387	0.9960768020712772
3	0.9633867276887872	0.9392624728850325	0.9908466819221968	0.9281742904252844	0.9955821800047826	0.9945444560532324
4	0.9633867276887872	0.9411764705882353	0.988558352402746	0.9279501196301534	0.9956543266766392	0.9954477461128904
