Times	Accuary	Precision	Recall	MCC	AUROC	AUPR
0	0.9634146341463414	0.9330484330484331	0.9984756097560976	0.9291163566748843	0.9968361931142178	0.9962974711466912
1	0.9634146341463414	0.9355300859598854	0.9954268292682927	0.9287347216881089	0.9953623447724569	0.9941736909115156
2	0.9592225609756098	0.9288256227758007	0.9946646341463414	0.9207612460697334	0.9959258579342652	0.9956631284735132
3	0.9657012195121951	0.9421128798842258	0.9923780487804879	0.9327309470986592	0.9960815502305176	0.9946101372883764
4	0.9729420731707317	0.9532505478451424	0.9946646341463414	0.9467780800535232	0.9968077269854254	0.9961711554500788
