Times	Accuary	Precision	Recall	MCC	AUROC	AUPR
0	0.838795731707317	0.8041158536585366	0.864045864045864	0.6792272380910173	0.9256023200475907	0.9421196053539533
1	0.8467987804878049	0.8010670731707317	0.8817114093959731	0.6965170558920387	0.9210686533313504	0.9385114598354138
2	0.8334603658536586	0.7766768292682927	0.8761822871883062	0.6712635844801209	0.914448245092207	0.9348214653771107
3	0.8433689024390244	0.7980182926829268	0.8776194467728415	0.6895801511246243	0.9236050435008925	0.9410361470793764
4	0.8407012195121951	0.7766768292682927	0.8907342657342657	0.6870583923868732	0.9086672971817369	0.9311532672125786
