Times	Accuary	p_micro	p_macro	p_weigh	r_micro	r_macro	r_weigh	F1_micro	F1_macro	F1_weigh	roc_micro	roc_macro	pr_micro	pr_macro
0	0.8858252427184466	0.8858252427184466	0.9259841129912456	0.895262256411784	0.8858252427184466	0.7401850541601388	0.8858252427184466	0.8858252427184466	0.805217110514377	0.8847444679301977	0.9865287711691331	0.9370717762495351	0.9622318723087476	0.8126705521629359
1	0.887378640776699	0.887378640776699	0.9207738310047946	0.8970332059601293	0.887378640776699	0.7409768197975102	0.887378640776699	0.887378640776699	0.8038363686674151	0.8864761606307757	0.9858301442171741	0.9512460861520416	0.9601929109085928	0.8172781841154341
2	0.8753398058252427	0.8753398058252427	0.9147889624843457	0.8904102995719392	0.8753398058252427	0.7553254662151918	0.8753398058252427	0.8753398058252427	0.8089076711095585	0.8741847754833912	0.9838477267728658	0.9735240650402914	0.9547186383328216	0.8293858336969046
3	0.9025242718446602	0.9025242718446602	0.6794270107418264	0.910471944958333	0.9025242718446602	0.6341368912248783	0.9025242718446602	0.9025242718446603	0.6520011184095739	0.9014018059049194	0.9880369497596381	0.8658140916950585	0.9673121804085424	0.7017787879351138
4	0.8928155339805826	0.8928155339805826	0.9052718766276062	0.9020062442183308	0.8928155339805826	0.7591116221087919	0.8928155339805826	0.8928155339805826	0.8082210454903894	0.8919177776205838	0.9885609074056618	0.9462264944816864	0.967834077237964	0.8333720500468382
