Times	Accuary	Precision	Recall	MCC	AUROC	AUPR
0	0.9908536585365854	0.9856711915535445	0.9961890243902439	0.9817632126604574	0.998778861168947	0.9980934941542552
1	0.9874237804878049	0.9783096484667165	0.9969512195121951	0.975024587093753	0.999219795694527	0.9991702306406071
2	0.9908536585365854	0.986404833836858	0.9954268292682927	0.9817483822884348	0.9990321516210589	0.9989175566883899
3	0.9916158536585366	0.9864253393665159	0.9969512195121951	0.98328768969875	0.9986388542906008	0.9980514528864634
4	0.9881859756097561	0.9776286353467561	0.9992378048780488	0.9766105525155833	0.9986591872397383	0.9982055790319622
