Times	Accuary	Precision	Recall	MCC	AUROC	AUPR
0	0.6399694889397407	0.7101449275362319	0.622742474916388	0.2827375626971398	0.8182142418693901	0.833204464182633
1	0.6304347826086957	0.7665903890160183	0.6025179856115108	0.2711152179089878	0.8386137133368359	0.8546507943397684
2	0.6258581235697941	0.7467581998474447	0.6013513513513513	0.25941408189844894	0.830228408217506	0.8424491763141407
3	0.6147978642257819	0.7048054919908466	0.5972850678733032	0.2334087359313052	0.8010410066555305	0.8070617007140148
4	0.6159420289855072	0.6834477498093059	0.6021505376344086	0.23402679808889273	0.8008519125559064	0.8166467906930035
