Times	Accuary	p_micro	p_macro	p_weigh	r_micro	r_macro	r_weigh	F1_micro	F1_macro	F1_weigh	roc_micro	roc_macro	pr_micro	pr_macro
0	0.5744267392149243	0.5744267392149243	0.37529921923397	0.6988599340480117	0.5744267392149243	0.673280491583187	0.5744267392149243	0.5744267392149243	0.345629763232781	0.6091874125897506	0.8354592347298752	0.7777125436083965	0.5859761863967774	0.3543666235407143
1	0.5697629226583755	0.5697629226583755	0.3772894796821169	0.7110593260214039	0.5697629226583755	0.4577610244758856	0.5697629226583755	0.5697629226583755	0.33878478827207736	0.6106498296198197	0.8367339951433431	0.7718716160060909	0.6056714186664927	0.35655948338650123
2	0.5635445005829771	0.5635445005829771	0.3787065523195979	0.7130357015486792	0.5635445005829771	0.4807781679231643	0.5635445005829771	0.5635445005829771	0.34331448007832205	0.6175418788042898	0.8305336990553389	0.7992145636114186	0.5916532911039596	0.36546966053186325
3	0.5573260785075786	0.5573260785075786	0.37294178198285255	0.7031083973704741	0.5573260785075786	0.4461900581775621	0.5573260785075786	0.5573260785075786	0.33285762555245	0.6001390378264311	0.8432312049748585	0.6894758169148196	0.6164086484494414	0.3423314590642147
4	0.5456665371162067	0.5456665371162067	0.3713312529546008	0.6949247397068272	0.5456665371162067	0.6743433508898757	0.5456665371162067	0.5456665371162067	0.3342068823088031	0.5923276520062724	0.8249436445429426	0.7721248408918575	0.5789237523709352	0.3538839468896551
