Times	Accuary	p_micro	p_macro	p_weigh	r_micro	r_macro	r_weigh	F1_micro	F1_macro	F1_weigh	roc_micro	roc_macro	pr_micro	pr_macro
0	0.546371750097012	0.546371750097012	0.3843044473609327	0.6992331569667888	0.546371750097012	0.6970904591974145	0.546371750097012	0.546371750097012	0.3578873283923547	0.5996693700783733	0.8303943619936307	0.7781936751248782	0.5826407527442772	0.36890788060434454
1	0.5506402793946449	0.5506402793946449	0.3728308242248148	0.6898534647683342	0.5506402793946449	0.5795852410449771	0.5506402793946449	0.5506402793946449	0.3406442057581365	0.5914834702982062	0.8257919436673192	0.7713347486226435	0.5687577351839894	0.35313333967625804
2	0.5421032207993791	0.5421032207993791	0.37305770113641246	0.6924255472185064	0.5421032207993791	0.5752339752221923	0.5421032207993791	0.5421032207993791	0.3383323127627411	0.5903298612211604	0.8383635281549714	0.7401599962763034	0.6144739398229825	0.35687978176745316
3	0.563057819169577	0.563057819169577	0.38156143161934414	0.7114256023875035	0.563057819169577	0.555186170212766	0.563057819169577	0.563057819169577	0.34266327328212076	0.603423043708369	0.8430928865524687	0.7022218325490589	0.6111340490813544	0.3545291778497901
4	0.537058595265813	0.537058595265813	0.38595520674194306	0.7190331850251817	0.537058595265813	0.5726627726905468	0.537058595265813	0.537058595265813	0.3354546916643596	0.5866390781231151	0.8314085775248211	0.7627515523975519	0.5832041698557555	0.35176400166831795
