Times	Accuary	Precision	Recall	MCC	AUROC	AUPR
0	0.6276676829268293	0.6875	0.6140231449965963	0.25718339027198434	0.7751576674970255	0.7659059599716651
1	0.6284298780487805	0.7530487804878049	0.6028065893837706	0.26522979452393636	0.8559427981856038	0.8728145902713064
2	0.6322408536585366	0.739329268292683	0.6089139987445072	0.2707648310310383	0.8355151555993456	0.850545970054622
3	0.6234756097560976	0.6791158536585366	0.6111111111111112	0.24849460996877465	0.7883398088935158	0.8009919436781685
4	0.6345274390243902	0.6928353658536586	0.6204778156996587	0.2709032249289911	0.8019768274092801	0.8226224846996834
