Times	Accuary	Precision	Recall	MCC	AUROC	AUPR
0	0.9676067073170732	0.9455337690631809	0.9923780487804879	0.93636326188319	0.996952962336407	0.9969252371142542
1	0.9752286585365854	0.967741935483871	0.9832317073170732	0.9505790917540308	0.9971504824137418	0.9971772785778373
2	0.9626524390243902	0.9366906474820144	0.9923780487804879	0.9269444463143097	0.9960902643515765	0.9957921017487518
3	0.9657012195121951	0.9593984962406015	0.9725609756097561	0.9314901080196765	0.9959444480591909	0.9959546113690497
4	0.9676067073170732	0.9474835886214442	0.9900914634146342	0.9361604722216266	0.9963975823542535	0.9960726549965004
