Times	Accuary	p_micro	p_macro	p_weigh	r_micro	r_macro	r_weigh	F1_micro	F1_macro	F1_weigh	roc_micro	roc_macro	pr_micro	pr_macro
0	0.7448543689320388	0.7448543689320388	0.45794772408852835	0.8428953808927959	0.7448543689320388	0.7624071359983827	0.7448543689320388	0.7448543689320388	0.44942780732855114	0.7845008761664483	0.9156405818958746	0.9007354584565339	0.7830658776483919	0.5445805858297733
1	0.7335922330097088	0.7335922330097088	0.4527953317253175	0.8318595260631331	0.7335922330097088	0.761788042654268	0.7335922330097088	0.7335922330097088	0.44416070500979904	0.7725238451717856	0.9033990008483364	0.8846381231549539	0.7567426352943303	0.4596394269062433
2	0.7366990291262135	0.7366990291262135	0.45547780290806855	0.8290231669734941	0.7366990291262135	0.7838564040363201	0.7366990291262135	0.7366990291262135	0.45274763299607845	0.7729750287860995	0.9057320136990605	0.894449503533542	0.7625495053476802	0.5559116896126526
3	0.7394174757281553	0.7394174757281553	0.4484386641643364	0.8222715096099136	0.7394174757281553	0.6450763127305806	0.7394174757281553	0.7394174757281553	0.4449074659108087	0.7716334264433391	0.9101942375970089	0.8855958655680963	0.7622563370256813	0.47457987614727415
4	0.7417475728155339	0.7417475728155339	0.4475880705237834	0.825051725724924	0.7417475728155339	0.636021546132983	0.7417475728155339	0.741747572815534	0.44350194533535015	0.7772222337081954	0.9125753102711535	0.8629565488305199	0.7712363946454628	0.47194423533255425
