Times	Accuary	p_micro	p_macro	p_weigh	r_micro	r_macro	r_weigh	F1_micro	F1_macro	F1_weigh	roc_micro	roc_macro	pr_micro	pr_macro
0	0.9354838709677419	0.9354838709677419	0.5935389076948434	0.9428109907972825	0.9354838709677419	0.6440238906674929	0.9354838709677419	0.9354838709677419	0.6124273526709542	0.9369432240646025	0.9903915399572035	0.9808698443490643	0.976782319736741	0.6593088160974205
1	0.9261562378546444	0.9261562378546444	0.634443764210874	0.9380616718241205	0.9261562378546444	0.9047858790319804	0.9261562378546444	0.9261562378546444	0.6913474319708752	0.9290713407113078	0.9886898118406704	0.9834559311759041	0.973388484973003	0.9032988754521025
2	0.9261562378546444	0.9261562378546444	0.8516005937221752	0.9353981151066305	0.9261562378546444	0.9204964026300388	0.9261562378546444	0.9261562378546444	0.8761099157000904	0.9276578300186029	0.9894519089106699	0.9861787967397246	0.9746204909881696	0.9304650878207397
3	0.929654100272056	0.929654100272056	0.8442881369847457	0.9397400944359285	0.929654100272056	0.9222778753141244	0.929654100272056	0.929654100272056	0.8708107516108128	0.9317527855180048	0.9886235009367864	0.9803531995890047	0.9730307027506142	0.909740927449829
4	0.9129420909444228	0.9129420909444228	0.6997300144732951	0.9275014848330387	0.9129420909444228	0.9085295535130298	0.9129420909444228	0.9129420909444228	0.7670149265216542	0.9158562984474121	0.9853902527603486	0.9798114380299701	0.9662156229514787	0.7858950781954933
