Times	Accuary	Precision	Recall	MCC	AUROC	AUPR
0	0.838795731707317	0.7797256097560976	0.8841832324978393	0.6823701563323273	0.913488529892921	0.933766048734672
1	0.8502286585365854	0.7903963414634146	0.8978354978354979	0.7055269721192645	0.9233837048259963	0.9404463143367998
2	0.848704268292683	0.788109756097561	0.8967909800520382	0.702586990772294	0.9256273005279596	0.942759265820783
3	0.834984756097561	0.7637195121951219	0.8906666666666667	0.6768801798338472	0.9066438782718621	0.9303052938475556
4	0.8319359756097561	0.7652439024390244	0.8830255057167986	0.6698575217921008	0.9137069638607971	0.9345542206214144
