Times	Accuary	p_micro	p_macro	p_weigh	r_micro	r_macro	r_weigh	F1_micro	F1_macro	F1_weigh	roc_micro	roc_macro	pr_micro	pr_macro
0	0.9293203883495146	0.9293203883495146	0.7744830195603964	0.9396247546696729	0.9293203883495146	0.948611040919122	0.9293203883495146	0.9293203883495145	0.8383717248059543	0.9309260481066876	0.9881284192666604	0.9858173443835083	0.9720435811568183	0.9368214210835955
1	0.9285436893203883	0.9285436893203883	0.8547462467530468	0.9363798208141328	0.9285436893203883	0.7722010242415054	0.9285436893203883	0.9285436893203883	0.7876993767172797	0.929651901969745	0.9894287240393378	0.9829452802523995	0.975331777784046	0.8130295873914395
2	0.9266019417475728	0.9266019417475728	0.7541485275464506	0.9398564676409402	0.9266019417475728	0.9369830360000673	0.9266019417475728	0.9266019417475728	0.8179009363977449	0.9295671963811288	0.986486819367204	0.9837374309145694	0.9688791241736664	0.9250910898635187
3	0.912621359223301	0.912621359223301	0.5653186028031486	0.9271156950271224	0.912621359223301	0.6546469904482741	0.912621359223301	0.912621359223301	0.5916679198530979	0.9164456659569354	0.9860699657523486	0.9395398327258084	0.9673111936722265	0.6596101566691894
4	0.926990291262136	0.926990291262136	0.8419965675521977	0.9379287997179426	0.926990291262136	0.7918940887114435	0.926990291262136	0.926990291262136	0.7839993876335264	0.9290925049661477	0.9869508781851887	0.9658145843724897	0.9704471754285406	0.8000535607440432
