Times	Accuary	p_micro	p_macro	p_weigh	r_micro	r_macro	r_weigh	F1_micro	F1_macro	F1_weigh	roc_micro	roc_macro	pr_micro	pr_macro
0	0.9790454016298021	0.9790454016298021	0.7395458318424019	0.9787131260361598	0.9790454016298021	0.5655888095879342	0.9790454016298021	0.9790454016298021	0.6012828879364873	0.9750561174777702	0.9974555266790736	0.98827475737518	0.9946817964379085	0.8205704612443778
1	0.9774932091579356	0.9774932091579356	0.7389739679987056	0.9775911455962186	0.9774932091579356	0.605768583355777	0.9774932091579356	0.9774932091579356	0.6457983610833118	0.9753512002518392	0.9975021567012687	0.9892430871204878	0.99442902162996	0.8599727341292979
2	0.9755529685681025	0.9755529685681025	0.7380686363002591	0.9758149108009738	0.9755529685681025	0.5894155669270131	0.9755529685681025	0.9755529685681025	0.6291734054889834	0.9728637830506522	0.9974876005048892	0.991006959467552	0.9947793452906665	0.8388461649574911
3	0.9740007760962359	0.9740007760962359	0.728299712306217	0.9741394720583266	0.9740007760962359	0.6295953406948559	0.9740007760962359	0.9740007760962359	0.664885156173873	0.9726310284927872	0.9978997416375529	0.9911009630222605	0.9951398488084952	0.7426918676336509
4	0.9736127279782693	0.9736127279782693	0.7367240591888929	0.9731768891187593	0.9736127279782693	0.5679411863722057	0.9736127279782693	0.9736127279782693	0.6048262918908017	0.9698792320450995	0.9975491882737089	0.9899950162740522	0.9944671018162946	0.7199601761558867
