Times	Accuary	p_micro	p_macro	p_weigh	r_micro	r_macro	r_weigh	F1_micro	F1_macro	F1_weigh	roc_micro	roc_macro	pr_micro	pr_macro
0	0.9743888242142026	0.9743888242142026	0.7283244994491523	0.9741881037209891	0.9743888242142026	0.6297931255049825	0.9743888242142026	0.9743888242142026	0.6650745001775149	0.9730025159908134	0.9987989632173451	0.9965646482479511	0.9970235977891866	0.8741980821366074
1	0.9821497865735351	0.9821497865735351	0.7352765223670613	0.9818552673329959	0.9821497865735351	0.705447919472125	0.9821497865735351	0.9821497865735351	0.7191893583156349	0.9817065422119573	0.9988639641632469	0.9974333110964153	0.9971661227443803	0.8738016561071291
2	0.9743888242142026	0.9743888242142026	0.7279768715864104	0.9741787951294466	0.9743888242142026	0.6246717613789389	0.9743888242142026	0.9743888242142026	0.6607309638049111	0.9728731506255391	0.9984083552165668	0.9958782695087158	0.9958154955842651	0.8624192204001534
3	0.9840900271633682	0.9840900271633682	0.7289826355343102	0.98351571169781	0.9840900271633682	0.6808300228925397	0.9840900271633682	0.9840900271633682	0.7018353998593501	0.9834354346225097	0.9987878703918283	0.9972588863776127	0.9970100977406579	0.8110301274440233
4	0.9844780752813349	0.9844780752813349	0.724969726833377	0.9838476951098661	0.9844780752813349	0.7015132642068408	0.9844780752813349	0.9844780752813349	0.7124930730819901	0.984004931253248	0.9988958874077205	0.9972331568030215	0.997228332280923	0.8714570065701077
