Times	Accuary	p_micro	p_macro	p_weigh	r_micro	r_macro	r_weigh	F1_micro	F1_macro	F1_weigh	roc_micro	roc_macro	pr_micro	pr_macro
0	0.9747376603186941	0.9747376603186941	0.7309027194112923	0.9752530485897412	0.9747376603186941	0.6797264966091776	0.9747376603186941	0.9747376603186941	0.7018738489308358	0.9743351130097909	0.9989524186285406	0.9978788024349727	0.9970645269986997	0.7571333957942958
1	0.9794014768752429	0.9794014768752429	0.7309147500619436	0.9790305491749803	0.9794014768752429	0.6402070639264691	0.9794014768752429	0.9794014768752429	0.6740607126750027	0.9783418730482053	0.9988977385665678	0.9977028286361672	0.9970223532721649	0.7572634993329042
2	0.9805674310143802	0.9805674310143802	0.7299935340502057	0.9800371812495036	0.9805674310143802	0.6198535233570863	0.9805674310143802	0.9805674310143802	0.6569020792983858	0.9789842392042706	0.9987343529301943	0.9963363201138653	0.9967969373470832	0.74402388719294
3	0.9786241741158181	0.9786241741158181	0.7330121867475139	0.9787034136175334	0.9786241741158181	0.6921795931013116	0.9786241741158181	0.9786241741158181	0.7104656790922597	0.978295205268188	0.9991183721131282	0.9989362280732865	0.9975633599879868	0.8029519353325396
4	0.9828993392926545	0.9828993392926545	0.7271036893354172	0.9824780698859874	0.9828993392926545	0.6681727426073186	0.9828993392926545	0.9828993392926545	0.692999446760524	0.9822904022674571	0.9993593470455421	0.9965805966470409	0.9983540118375738	0.7493670612454596
