Times	Accuary	p_micro	p_macro	p_weigh	r_micro	r_macro	r_weigh	F1_micro	F1_macro	F1_weigh	roc_micro	roc_macro	pr_micro	pr_macro
0	0.9759036144578314	0.9759036144578314	0.7382713914190911	0.9765826154097351	0.9759036144578314	0.5546361320527384	0.9759036144578314	0.9759036144578314	0.5878994935691452	0.9717640665626534	0.9979152596998326	0.9930364533493712	0.9948462853541457	0.6975577454285713
1	0.9848425961912165	0.9848425961912165	0.7272001792194658	0.9844064537181271	0.9848425961912165	0.6586887672553272	0.9848425961912165	0.9848425961912165	0.686500146915867	0.984082742349442	0.9990523633090338	0.996813286731062	0.9972821678439203	0.7337276630339009
2	0.9790128254955305	0.9790128254955305	0.7395594286257199	0.9791116336638697	0.9790128254955305	0.5509828221281283	0.9790128254955305	0.9790128254955305	0.5823345572732521	0.9744700062967789	0.9970558361475187	0.9881644624413864	0.9936239980141538	0.6869891850423462
3	0.9821220365332297	0.9821220365332297	0.7266866195598362	0.9816591672407345	0.9821220365332297	0.5839874005989879	0.9821220365332297	0.9821220365332297	0.6211161067110099	0.9792925926720916	0.9982525037652962	0.9931121178738309	0.9956221390985358	0.6961571012414117
4	0.9840652934317917	0.9840652934317917	0.7308856409446428	0.983580427466194	0.9840652934317917	0.6111613136424662	0.9840652934317917	0.9840652934317917	0.6490142719843771	0.9821778591048729	0.9986447803424875	0.9968287839733738	0.9965020367129772	0.7851184073472253
