Times	Accuary	p_micro	p_macro	p_weigh	r_micro	r_macro	r_weigh	F1_micro	F1_macro	F1_weigh	roc_micro	roc_macro	pr_micro	pr_macro
0	0.7446560435289545	0.7446560435289545	0.4594552724994318	0.8465338937708776	0.7446560435289545	0.7913998760714654	0.7446560435289545	0.7446560435289545	0.4486150893825133	0.783131446856365	0.9133440347148911	0.900930861095505	0.773542329713246	0.5390460078987045
1	0.7617567042363	0.7617567042363	0.46336595769197386	0.8461386059365203	0.7617567042363	0.7791619332851389	0.7617567042363	0.7617567042363	0.46017497281736564	0.7970524439572005	0.9217373235277784	0.8986876585234592	0.7978922513654723	0.49189655342058053
2	0.7570928876797512	0.7570928876797512	0.4573685468159304	0.8476055246103968	0.7570928876797512	0.7506024303762608	0.7570928876797512	0.7570928876797512	0.44870968313570064	0.795832642423978	0.9222513463203013	0.8939767787007378	0.8029021737353942	0.4659795242849827
3	0.7260007773027595	0.7260007773027595	0.4490795441123573	0.8344447176458462	0.7260007773027595	0.7557144824262453	0.7260007773027595	0.7260007773027595	0.433846850656183	0.7691463306390423	0.9080815067247161	0.880658710599518	0.7649317155215087	0.5126374240960929
4	0.739214924212981	0.739214924212981	0.44655146800637446	0.8225333494282012	0.739214924212981	0.7624444903439016	0.739214924212981	0.739214924212981	0.44289435341430505	0.7734537874245592	0.9045762932124168	0.8849178957433754	0.7599832226528378	0.7057859929598238
