Times	Accuary	p_micro	p_macro	p_weigh	r_micro	r_macro	r_weigh	F1_micro	F1_macro	F1_weigh	roc_micro	roc_macro	pr_micro	pr_macro
0	0.8845705402254178	0.8845705402254178	0.9112488376022707	0.894957904602519	0.8845705402254178	0.8836061482322972	0.8845705402254178	0.8845705402254178	0.8936845915277655	0.883676313291652	0.9857384227682138	0.9811913279814737	0.960061581767771	0.9453389462475783
1	0.8872910998834046	0.8872910998834046	0.7738012107301555	0.8996445329480808	0.8872910998834046	0.9007022616957554	0.8872910998834046	0.8872910998834046	0.8127990112224711	0.8865020693952895	0.9864374816820534	0.9841420896121282	0.9620171259106896	0.9554741898326693
2	0.8841818888457054	0.8841818888457054	0.7974471944016436	0.8948321904846884	0.8841818888457054	0.8886450480223071	0.8841818888457054	0.8841818888457054	0.8180855345097041	0.8833078375746054	0.985836202400213	0.9838813445151855	0.9594550098565026	0.9604425139103642
3	0.8900116595413914	0.8900116595413914	0.6795776648436077	0.8996898711486909	0.8900116595413914	0.6313384281730868	0.8900116595413914	0.8900116595413914	0.6501639129299482	0.8890663999837711	0.986232506974603	0.817223176129922	0.9613851860823013	0.7007433399615257
4	0.8814613291877186	0.8814613291877186	0.9026014500181906	0.8928480688097375	0.8814613291877186	0.8924962993562601	0.8814613291877186	0.8814613291877186	0.8940725903244503	0.8803755828491144	0.9856011939386495	0.9876347003507993	0.9590144304940122	0.9623242130369465
