Times	Accuary	p_micro	p_macro	p_weigh	r_micro	r_macro	r_weigh	F1_micro	F1_macro	F1_weigh	roc_micro	roc_macro	pr_micro	pr_macro
0	0.9751456310679611	0.9751456310679611	0.7162606564391313	0.9746962928068156	0.9751456310679611	0.6557883121915062	0.9751456310679611	0.9751456310679611	0.6808246854153059	0.9742760693667416	0.9979129167059415	0.9933338676549907	0.9951410792198402	0.7338088381239454
1	0.9790291262135923	0.9790291262135923	0.7311608446799096	0.978545872545888	0.9790291262135923	0.6424041037044524	0.9790291262135923	0.9790291262135923	0.6757554458262038	0.9778316552675657	0.9989741540201716	0.99890961898866	0.9974935647677664	0.8619908792565352
2	0.9786407766990292	0.9786407766990292	0.7394410193025953	0.9785071959288202	0.9786407766990292	0.6012365020804905	0.9786407766990292	0.9786407766990292	0.6413159763345361	0.9762944323061531	0.9986241618751375	0.9933168664420208	0.9970534206127732	0.7305421455105122
3	0.9825242718446602	0.9825242718446602	0.7413340404066534	0.982221193061908	0.9825242718446602	0.6339431613348832	0.9825242718446602	0.9825242718446602	0.6715049918087802	0.9810685195324428	0.9990476010934113	0.9964216495760188	0.9977419527755205	0.8658680968199737
4	0.9825242718446602	0.9825242718446602	0.7331907839044579	0.9819856984926815	0.9825242718446602	0.6493067839153653	0.9825242718446602	0.9825242718446602	0.6815268802331431	0.9814080570834126	0.9990818864486128	0.9981826327580128	0.9977247310296723	0.767307875497485
