Times	Accuary	p_micro	p_macro	p_weigh	r_micro	r_macro	r_weigh	F1_micro	F1_macro	F1_weigh	roc_micro	roc_macro	pr_micro	pr_macro
0	0.8890182382615445	0.8890182382615445	0.9365299523485364	0.8990863170641057	0.8890182382615445	0.8973412671694048	0.8890182382615445	0.8890182382615446	0.9126435319532302	0.8883194647939165	0.9856506772872691	0.978369053915313	0.9598159032003577	0.9551025131488746
1	0.875824602250679	0.875824602250679	0.9169785873457673	0.8881689193588541	0.875824602250679	0.7402075478050094	0.875824602250679	0.875824602250679	0.8012234299145036	0.8744423913853747	0.9830820858547552	0.9490733216578172	0.9523651909459886	0.8204009125502407
2	0.8882421420256111	0.8882421420256111	0.903990352614251	0.8974962941755453	0.8882421420256111	0.7619007541071909	0.8882421420256111	0.8882421420256111	0.809146565558019	0.887392550728332	0.9868556040879221	0.9385912886156097	0.9637956457345137	0.8206484195849674
3	0.889406286379511	0.889406286379511	0.9033261870812447	0.9007604792682431	0.889406286379511	0.772736836789658	0.889406286379511	0.889406286379511	0.8138150211475057	0.8883810503608633	0.985933845500632	0.9464657840235495	0.9609805507883263	0.8202409417841423
4	0.8734963135428793	0.8734963135428793	0.9124137339951408	0.8854012381042233	0.8734963135428793	0.7185353824400753	0.8734963135428793	0.8734963135428793	0.7853540437532738	0.8719797096946913	0.9838477417843194	0.9635079344800077	0.9550391413527137	0.8077229547863937
