Times	Accuary	Precision	Recall	MCC	AUROC	AUPR
0	0.9843630816170862	0.9696745562130178	1.0	0.9692002437195502	0.9985902307588026	0.9983287428982482
1	0.9874141876430206	0.9754464285714286	1.0	0.9751373529625748	0.9980287667399188	0.9973621451032244
2	0.9820747520976354	0.9653902798232695	1.0	0.9647696925414578	0.9991016575697859	0.9989429417034639
3	0.9725400457665904	0.9512017479970867	0.996186117467582	0.9461387255682121	0.9980025844799708	0.997514935432397
4	0.9801678108314263	0.9625275532696547	0.9992372234935164	0.9610348222237104	0.9983627360112548	0.9979327083105562
