Times	Accuary	Precision	Recall	MCC	AUROC	AUPR
0	0.9824695121951219	0.9681952662721893	0.9977134146341463	0.96538779569151	0.9993388886823319	0.9993260648001423
1	0.9767530487804879	0.9589141599413059	0.9961890243902439	0.9542273024727469	0.9979643813206425	0.9976702103991799
2	0.9855182926829268	0.9753731343283583	0.9961890243902439	0.9712577941522251	0.9988404409577633	0.9988002629385857
3	0.9866615853658537	0.9740163325909429	1.0	0.973669689978016	0.9987846705829864	0.9983913387652661
4	0.9778963414634146	0.9637573964497042	0.993140243902439	0.9562372004716854	0.9984523720999405	0.9983675767227023
