Times	Accuary	Precision	Recall	MCC	AUROC	AUPR
0	0.8470633104500381	0.7909992372234935	0.8908934707903781	0.6985317331329697	0.9251175728928661	0.9425618111167158
1	0.8329519450800915	0.7757437070938215	0.875968992248062	0.6703058750266327	0.9144811752460114	0.9312330489389185
2	0.8325705568268498	0.7643020594965675	0.8851590106007067	0.6714290651952857	0.9174874805160349	0.9370738134741246
3	0.841723874904653	0.7856598016781083	0.8848797250859106	0.6877850910847702	0.9263975944903216	0.9417122808751958
4	0.8428680396643783	0.7757437070938215	0.8960352422907489	0.692000290396656	0.9199323217671744	0.9401369935164238
