Times	Accuary	p_micro	p_macro	p_weigh	r_micro	r_macro	r_weigh	F1_micro	F1_macro	F1_weigh	roc_micro	roc_macro	pr_micro	pr_macro
0	0.5778640776699029	0.5778640776699029	0.38176453588718573	0.6994304318126663	0.5778640776699029	0.6670499149273091	0.5778640776699029	0.5778640776699029	0.3572862362000092	0.6093282442841711	0.8404504854368932	0.781324383058418	0.5918080673668049	0.3706677151767054
1	0.5537864077669903	0.5537864077669903	0.37894568234894593	0.7059173725300072	0.5537864077669903	0.5658239416451879	0.5537864077669903	0.5537864077669903	0.3406901975947698	0.5987612245058556	0.8331970716687089	0.7603330594907554	0.5829120728638126	0.35551121844361516
2	0.5398058252427185	0.5398058252427185	0.38056382270525535	0.705451668416057	0.5398058252427185	0.5894252960698102	0.5398058252427185	0.5398058252427185	0.3380754637080564	0.5864254852239615	0.8316050146102365	0.7091027495691256	0.606610597613666	0.35999542868695944
3	0.5809708737864078	0.5809708737864078	0.3938713508831373	0.7325406652944564	0.5809708737864078	0.4958474419231482	0.5809708737864078	0.5809708737864078	0.3515643211494639	0.6168097587048207	0.8402548779338298	0.7878837558424776	0.5888841932915058	0.3580065941145925
4	0.5666019417475728	0.5666019417475728	0.38565075947666083	0.7179616999802885	0.5666019417475728	0.5774772156803288	0.5666019417475728	0.5666019417475728	0.35077255202399166	0.6164125418417203	0.8434118955603733	0.7338734539330817	0.6155393196484222	0.36791275950533897
