Times	Accuary	Precision	Recall	MCC	AUROC	AUPR
0	0.6269054878048781	0.7050304878048781	0.6097560975609756	0.2569671647037253	0.802978370389649	0.8135443655220665
1	0.6215701219512195	0.7004573170731707	0.6050032916392364	0.2462241558036216	0.8283782904521118	0.8482022460850445
2	0.6204268292682927	0.7454268292682927	0.5963414634146341	0.2487525889027528	0.8141498735871505	0.8312443998040326
3	0.5956554878048781	0.7545731707317073	0.5725853094274147	0.20177376936277608	0.819981944341166	0.8221455405510345
4	0.5994664634146342	0.7355182926829268	0.5781905332534452	0.2067334028443912	0.7626778842578821	0.7474112953479315
