Times	Accuary	p_micro	p_macro	p_weigh	r_micro	r_macro	r_weigh	F1_micro	F1_macro	F1_weigh	roc_micro	roc_macro	pr_micro	pr_macro
0	0.339615478482523	0.339615478482523	0.2086431184693226	0.3077298778570747	0.339615478482523	0.21824725160554245	0.339615478482523	0.339615478482523	0.20535113164850083	0.3144849137608535	0.6259668507595287	0.46938911377251535	0.3158847957491297	0.2267796480222944
1	0.32041651978197794	0.32041651978197794	0.21073528328245003	0.30530149702673737	0.32041651978197794	0.21347696510139635	0.32041651978197794	0.32041651978197794	0.20728723955502806	0.3060794832689547	0.6152497289405903	0.4553026846967942	0.3082414846508889	0.2259978466548253
2	0.32838896873389917	0.32838896873389917	0.20996373253714584	0.306091038570592	0.32838896873389917	0.21501036024325393	0.32838896873389917	0.32838896873389917	0.20574431626950568	0.3086705927163886	0.6277233141804114	0.4523305288525692	0.3176143449892159	0.22918080542640967
3	0.31778615397131005	0.31778615397131005	0.21140941073384553	0.30433204781311857	0.31778615397131005	0.21421158320997302	0.31778615397131005	0.31778615397131005	0.20820133019684428	0.30417613903932833	0.6218491264623516	0.4615904307349319	0.3115550836678825	0.22913068518319896
4	0.313501640588985	0.313501640588985	0.20599742936521181	0.30162010159489905	0.313501640588985	0.20813289125443948	0.313501640588985	0.313501640588985	0.20261235151170393	0.30144818530216927	0.625325953204079	0.4457921365414863	0.31161446179233376	0.22455758351684663
