Times	Accuary	p_micro	p_macro	p_weigh	r_micro	r_macro	r_weigh	F1_micro	F1_macro	F1_weigh	roc_micro	roc_macro	pr_micro	pr_macro
0	0.39040594408438867	0.39040594408438867	0.20008625159313925	0.3033947653973602	0.39040594408438867	0.24092265388162828	0.39040594408438867	0.39040594408438867	0.16781212571907864	0.2718127558036718	0.6826181045715899	0.45965478142121324	0.36044168784191316	0.23010776468678434
1	0.3946091059467961	0.3946091059467961	0.18527600839442715	0.300304188891496	0.3946091059467961	0.24345847554038683	0.3946091059467961	0.3946091059467961	0.164946009276264	0.26735235692873205	0.6841049174350117	0.47452308771997664	0.3628185450155965	0.23250792332231057
2	0.39412099682729074	0.39412099682729074	0.21943615197216246	0.3108556387440901	0.39412099682729074	0.24321469697873058	0.39412099682729074	0.39412099682729074	0.16285515406700277	0.26377782171754544	0.6826900807377478	0.4622603597146258	0.3597942438176044	0.22891285943148887
3	0.39829704151639234	0.39829704151639234	0.1984556845504534	0.3146949124945308	0.39829704151639234	0.24579115418277261	0.39829704151639234	0.39829704151639234	0.16890878046216368	0.27359189060699923	0.6852179132833418	0.4701350845142679	0.363669637066009	0.23389691587609807
4	0.39398541096076145	0.39398541096076145	0.19514248877425483	0.30265631258005693	0.39398541096076145	0.24313104577080716	0.39398541096076145	0.39398541096076145	0.1631949081572213	0.26432938542402	0.6799369186029823	0.45884835721648703	0.3585146865848181	0.22868652445428314
