Times	Accuary	Precision	Recall	MCC	AUROC	AUPR
0	0.8733037333500093	0.6136662286465178	0.39376053962900504	0.42461701833405535	0.8491609994072611	0.5560367042102901
1	0.875304858983178	0.6316155988857939	0.3823777403035413	0.4270881788933414	0.8537941488103059	0.5712248713545547
2	0.8728659871177538	0.589825119236884	0.46922428330522764	0.45434211638751565	0.8546368702736122	0.5626028029971092
3	0.8698642986680007	0.5738953783646521	0.4763912310286678	0.4486692735382255	0.8516327780589239	0.5570457993336343
4	0.8761803514476894	0.6562998405103668	0.346964586846543	0.4168932719923667	0.8475557161672878	0.5509144682394513
