Times	Accuary	p_micro	p_macro	p_weigh	r_micro	r_macro	r_weigh	F1_micro	F1_macro	F1_weigh	roc_micro	roc_macro	pr_micro	pr_macro
0	0.8530621572212066	0.8530621572212066	0.6354902371067545	0.8636686901010314	0.8530621572212066	0.5912229692207358	0.8530621572212066	0.8530621572212066	0.6070425963611036	0.8513107411367905	0.9675951581920997	0.9459298365822897	0.914296402101981	0.6546915131128807
1	0.8404936014625228	0.8404936014625228	0.6382486582853106	0.8599943982887991	0.8404936014625228	0.5421249661429607	0.8404936014625228	0.8404936014625227	0.5678365541249036	0.8349795197309116	0.9671521672559984	0.9445772196218685	0.9129465089485613	0.6605930446199383
2	0.8254113345521024	0.8254113345521024	0.6491732615653354	0.8515054462831007	0.8254113345521024	0.48077222799746394	0.8254113345521024	0.8254113345521024	0.49525753698011676	0.808608368167894	0.966193650383177	0.946377194516605	0.9147383737704871	0.6671939957991981
3	0.831581352833638	0.831581352833638	0.6328679981970972	0.8465352446889092	0.831581352833638	0.520639175507326	0.831581352833638	0.831581352833638	0.5463085108083088	0.8236789313420972	0.9664600037097815	0.9435015523318329	0.9120322043183	0.6546557196402459
4	0.8064442413162706	0.8064442413162706	0.6196329121213866	0.8195046758659253	0.8064442413162706	0.4499986381526086	0.8064442413162706	0.8064442413162706	0.4487047325897696	0.7827248762010277	0.960449729536879	0.9432507787456093	0.9007540924273352	0.66070645196215
