Times	Accuary	Precision	Recall	MCC	AUROC	AUPR
0	0.8714572360170554	0.6056140350877193	0.3670778392173543	0.40484639568624997	0.8418267071510727	0.5325501209740336
1	0.8742789064459493	0.6268328445747801	0.3636750319013186	0.4135613677850156	0.8491551496006122	0.5525011966992918
2	0.872585904188613	0.6216628527841342	0.3466609953211399	0.4003479209282046	0.8489442259747353	0.5474312647976909
3	0.8717707549535992	0.5950310559006211	0.4074861760952786	0.42308839547581717	0.8447617598485067	0.5412414537077079
4	0.8715199398043642	0.5895610913404508	0.4227988090174394	0.4288062901400364	0.8329369449881465	0.5443391086549165
