Times	Accuary	p_micro	p_macro	p_weigh	r_micro	r_macro	r_weigh	F1_micro	F1_macro	F1_weigh	roc_micro	roc_macro	pr_micro	pr_macro
0	0.8214857142857143	0.8214857142857143	0.6737472896740722	0.8577309919371883	0.8214857142857143	0.44714518957672267	0.8214857142857143	0.8214857142857143	0.433982654150995	0.7925424406787046	0.9669231629931974	0.9488972064513332	0.9173628920443906	0.6697423575653398
1	0.8429714285714286	0.8429714285714286	0.6592669841710724	0.8701848237340384	0.8429714285714286	0.5017083618942995	0.8429714285714286	0.8429714285714286	0.522137089280666	0.8293653648283921	0.9699939961904761	0.9547522873249357	0.9216508469276066	0.672548561273362
2	0.8381714285714286	0.8381714285714286	0.6490993480826351	0.8626915775175208	0.8381714285714286	0.49206156458107303	0.8381714285714286	0.8381714285714286	0.5087559340563151	0.8227313457320956	0.9674693834013606	0.9540500988510419	0.9179204844235328	0.6722344599747998
3	0.8514285714285714	0.8514285714285714	0.6377951017332883	0.8576767091227208	0.8514285714285714	0.572290264152999	0.8514285714285714	0.8514285714285714	0.5950626196502091	0.8486168017725905	0.9656915330612245	0.9487245633286848	0.909148031434751	0.6653712185427598
4	0.8564571428571428	0.8564571428571428	0.6459422487500815	0.8708869650809127	0.8564571428571428	0.5756525140459428	0.8564571428571428	0.8564571428571428	0.5985241820885191	0.8535708922832356	0.9700631248979592	0.9484864475554772	0.9209271241844031	0.6667370152133559
