Times	Accuary	p_micro	p_macro	p_weigh	r_micro	r_macro	r_weigh	F1_micro	F1_macro	F1_weigh	roc_micro	roc_macro	pr_micro	pr_macro
0	0.8510054844606947	0.8510054844606947	0.6487311698550833	0.8669845695737884	0.8510054844606947	0.5446110942141157	0.8510054844606947	0.8510054844606947	0.5717403415554412	0.844905679722925	0.9689694675516668	0.9481566030678878	0.9209977862346013	0.6670168103661882
1	0.8587751371115173	0.8587751371115173	0.6344680321984606	0.8655607512306427	0.8587751371115173	0.6013645710861641	0.8587751371115173	0.8587751371115173	0.6139481879851979	0.8574828773161398	0.9639846314922569	0.9493361003716504	0.9070445753760026	0.6653052588428949
2	0.8334095063985375	0.8334095063985375	0.6605420316916077	0.8607910841396154	0.8334095063985375	0.4761302198475639	0.8334095063985375	0.8334095063985375	0.48461842577592096	0.8134309993508996	0.9651319534728791	0.9503124651038709	0.914771927220116	0.671181666612402
3	0.8663162705667276	0.8663162705667276	0.6351915101654709	0.8750220524476691	0.8663162705667276	0.6349246520101623	0.8663162705667276	0.8663162705667276	0.6324527837577478	0.8659120106256707	0.9712355292064522	0.9458463231490649	0.9223881139609763	0.6691180499416047
4	0.8596892138939671	0.8596892138939671	0.6437912095982563	0.8749858439036149	0.8596892138939671	0.5871204039541995	0.8596892138939671	0.859689213893967	0.6061039433011455	0.8574710459904716	0.9682509236854506	0.9454138041918941	0.9181014624389049	0.6612975127870445
