Times	Accuary	Precision	Recall	MCC	AUROC	AUPR
0	0.8755714196255244	0.6543513957307061	0.33728311468472283	0.4097959658457585	0.85141047653356	0.5601484722661567
1	0.8737554010896111	0.6120077469335055	0.40118493440541686	0.4283246652111528	0.8518135591396317	0.5538535533827427
2	0.8738806437472603	0.6614246068455134	0.3025814642403724	0.38964920634594963	0.8480335186071167	0.5446579555626574
3	0.8706869559772058	0.5870327102803738	0.42530681337283116	0.42849013883616877	0.8535214076536024	0.5562262708599363
4	0.8752583129814014	0.6663677130044843	0.31443080829454084	0.39999624000190864	0.8472178669028357	0.5489131974723678
