Times	Accuary	p_micro	p_macro	p_weigh	r_micro	r_macro	r_weigh	F1_micro	F1_macro	F1_weigh	roc_micro	roc_macro	pr_micro	pr_macro
0	0.4876543209876543	0.4876543209876543	0.3777130784973922	0.6058659702813661	0.4876543209876543	0.43952380952380954	0.4876543209876543	0.4876543209876543	0.3532162817673732	0.509503686258581	0.7894883909973074	0.7338486555737854	0.49729366102239375	0.3873603905603154
1	0.5987654320987654	0.5987654320987654	0.4555330634278002	0.6459189283750687	0.5987654320987654	0.6214285714285714	0.5987654320987654	0.5987654320987654	0.4777994026199214	0.60600712419327	0.8516994360615759	0.8031519592479045	0.6250734986551583	0.5387265353715007
2	0.5308641975308642	0.5308641975308642	0.3912098147753885	0.5833290621541988	0.5308641975308642	0.49142857142857144	0.5308641975308642	0.5308641975308642	0.4030809105251296	0.5494639632495542	0.8032820200172738	0.7334750066042444	0.5254892039858203	0.40501475680846555
3	0.5740740740740741	0.5740740740740741	0.43123167155425224	0.642610091355611	0.5740740740740741	0.5614285714285714	0.5740740740740741	0.5740740740740741	0.44054465052538094	0.5978583353705436	0.8102296397906822	0.7562032843196628	0.5701041076866044	0.4416059625879577
4	0.6481481481481481	0.6481481481481481	0.49812925170068023	0.7161123708742756	0.6481481481481481	0.6195238095238096	0.6481481481481481	0.6481481481481481	0.5139183549256586	0.6621650899563931	0.8593202255753696	0.7899545052192367	0.6657274604062812	0.5160658065963027
