Times	Accuary	p_micro	p_macro	p_weigh	r_micro	r_macro	r_weigh	F1_micro	F1_macro	F1_weigh	roc_micro	roc_macro	pr_micro	pr_macro
0	0.7839506172839507	0.7839506172839507	0.6050245098039215	0.8144486807068506	0.7839506172839507	0.7538095238095237	0.7839506172839507	0.7839506172839507	0.6459548854506838	0.7938888583146285	0.9348295483412082	0.9190152281672229	0.8177361792558046	0.7793380233610683
1	0.7901234567901234	0.7901234567901234	0.6462121212121212	0.8118837952171285	0.7901234567901234	0.7104761904761905	0.7901234567901234	0.7901234567901234	0.6465547211792518	0.7954031187818794	0.9443428339175938	0.9171324781610095	0.8604130271134149	0.6581467642660351
2	0.7962962962962963	0.7962962962962963	0.6199228197467634	0.8174777245591016	0.7962962962962963	0.7138095238095239	0.7962962962962963	0.7962962962962963	0.6536364809358939	0.8046132996122125	0.9304602956866331	0.8999168309433785	0.8018810510130165	0.6384866060200215
3	0.8271604938271605	0.8271604938271605	0.6653349675737735	0.8560334157349083	0.8271604938271605	0.8095238095238095	0.8271604938271605	0.8271604938271605	0.7019414773503062	0.8359684422810881	0.9552405629223187	0.928213247422489	0.879458321790138	0.7914927998097987
4	0.8148148148148148	0.8148148148148148	0.6611851577605001	0.8218106488020237	0.8148148148148148	0.7095238095238094	0.8148148148148148	0.8148148148148148	0.6821871444354666	0.8177427478322332	0.9506172839506173	0.9312579193295913	0.8637458497882963	0.7234837867778167
