Times	Accuary	Precision	Recall	MCC	AUROC	AUPR
0	0.8735632183908046	0.8620689655172413	0.8823529411764706	0.7473239325389002	0.9235037653587	0.929438844308711
1	0.8275862068965517	0.8620689655172413	0.8064516129032258	0.6567360733292694	0.898797727572995	0.8432382158272321
2	0.8275862068965517	0.896551724137931	0.7878787878787878	0.6614950926316517	0.9110846875412869	0.8994376463723782
3	0.8390804597701149	0.8620689655172413	0.8241758241758241	0.678878835231049	0.942264499933941	0.9316039867496457
4	0.7873563218390804	0.8620689655172413	0.75	0.5812381937190964	0.8688069758224337	0.8169903495713062
