Times	Accuary	Precision	Recall	MCC	AUROC	AUPR
0	0.8295454545454546	0.8636363636363636	0.8085106382978723	0.6606282490521962	0.9398243801652891	0.9568736598078118
1	0.8125	0.8863636363636364	0.7722772277227723	0.6319334885835687	0.9265237603305786	0.9182601002558094
2	0.8352272727272727	0.875	0.8105263157894737	0.6725858085891565	0.9275568181818181	0.9369386132592028
3	0.8238636363636364	0.8522727272727273	0.8064516129032258	0.6487753418777004	0.8982438016528925	0.9122885224821641
4	0.7954545454545454	0.8068181818181818	0.7888888888888889	0.5910617608744104	0.8739669421487604	0.8749803145454446
