Times	Accuary	p_micro	p_macro	p_weigh	r_micro	r_macro	r_weigh	F1_micro	F1_macro	F1_weigh	roc_micro	roc_macro	pr_micro	pr_macro
0	0.3780487804878049	0.3780487804878049	0.40971451229183187	0.7235865843987543	0.3780487804878049	0.36	0.3780487804878049	0.37804878048780494	0.2039467247459386	0.3256668874174246	0.722424648026968	0.6679691038587354	0.42707987329336194	0.32400808527544833
1	0.5670731707317073	0.5670731707317073	0.28235735735735734	0.5165073610195561	0.5670731707317073	0.31	0.5670731707317073	0.5670731707317073	0.29483424852552365	0.5393309424247384	0.8247446956176879	0.7155507192962303	0.559999026627966	0.3964540477018783
2	0.5609756097560976	0.5609756097560976	0.28153455739662636	0.5150022391401701	0.5609756097560976	0.30666666666666664	0.5609756097560976	0.5609756097560976	0.29329109811565945	0.5365081063091331	0.7973552448939123	0.6665823787694788	0.5496553444857002	0.37022250208181295
3	0.27439024390243905	0.27439024390243905	0.16440174945329586	0.2790477061284202	0.27439024390243905	0.3416666666666667	0.27439024390243905	0.27439024390243905	0.16611581629139985	0.26302265708052663	0.5204305472932778	0.6554378890736628	0.24822859655942364	0.36692054176249406
4	0.4329268292682927	0.4329268292682927	0.2607643928398645	0.4298691989096959	0.4329268292682927	0.4041666666666666	0.4329268292682927	0.4329268292682927	0.23637882818361636	0.3506929783846641	0.7671400951814397	0.6772427851565777	0.4928644624420371	0.3402045810467986
