Times	Accuary	p_micro	p_macro	p_weigh	r_micro	r_macro	r_weigh	F1_micro	F1_macro	F1_weigh	roc_micro	roc_macro	pr_micro	pr_macro
0	0.7469135802469136	0.7469135802469136	0.6860835243188185	0.7636039825582309	0.7469135802469136	0.7519047619047619	0.7469135802469136	0.7469135802469135	0.6969083548030915	0.751634655143427	0.9205151653711324	0.8765197741027927	0.8058110127844897	0.8021973549146391
1	0.691358024691358	0.691358024691358	0.5402450192084338	0.7155534543745926	0.691358024691358	0.6285714285714286	0.691358024691358	0.691358024691358	0.5671207832035857	0.6963142075786567	0.9083536554387034	0.8763159753886889	0.7861813996777103	0.7117520766457461
2	0.808641975308642	0.808641975308642	0.6880753968253968	0.8198241230648639	0.808641975308642	0.7852380952380952	0.808641975308642	0.8086419753086419	0.7229720853858784	0.8120882239656184	0.9516905451404765	0.9191811141891557	0.871878861802703	0.8168923381494961
3	0.7222222222222222	0.7222222222222222	0.590321638494396	0.7835965765090904	0.7222222222222222	0.7566666666666666	0.7222222222222222	0.7222222222222222	0.6230715287517532	0.7299678515978968	0.9227505969618452	0.9066962674014387	0.8210264576558693	0.7856880028575383
4	0.7407407407407407	0.7407407407407407	0.6003230243736573	0.7650806244336483	0.7407407407407407	0.7019047619047619	0.7407407407407407	0.7407407407407407	0.6335874270656879	0.7473841241957185	0.9158474317939339	0.8505072779391024	0.7935110475929211	0.657513440559868
