Times	Accuary	Precision	Recall	MCC	AUROC	AUPR
0	0.5568181818181818	0.7083333333333334	0.19318181818181818	0.16556654463313047	0.7064178719008264	0.6791198611319756
1	0.5	0.5	1.0	nan	0.7135847107438016	0.7387811145716858
2	0.5	0.5	1.0	nan	0.5804493801652892	0.5354996806498721
3	0.5965909090909091	0.5594405594405595	0.9090909090909091	0.2474707831533165	0.6772339876033058	0.6504619695993272
4	0.5	0.5	1.0	nan	0.7093233471074379	0.7140041776724925
