Times	Accuary	Precision	Recall	MCC	AUROC	AUPR
0	0.5862068965517241	0.6666666666666666	0.5742574257425742	0.17469044136748726	0.7872902629145198	0.7894768720506775
1	0.603448275862069	0.7471264367816092	0.5803571428571429	0.2160069123317937	0.8084291187739464	0.8259951267604546
2	0.5574712643678161	0.4827586206896552	0.5675675675675675	0.11624763874381927	0.6872770511296077	0.7280517049502653
3	0.6494252873563219	0.7816091954022989	0.6181818181818182	0.3098753415048175	0.8470075307173999	0.8590339251664452
4	0.6149425287356322	0.6091954022988506	0.6162790697674418	0.22990024493585146	0.7615272823358435	0.7784681434067671
