Times	Accuary	Precision	Recall	MCC	AUROC	AUPR
0	0.7954545454545454	0.8863636363636364	0.75	0.6009252125773316	0.950025826446281	0.959714491095209
1	0.8238636363636364	0.875	0.7938144329896907	0.6511416008167787	0.9084452479338843	0.8767114299274623
2	0.8238636363636364	0.8636363636363636	0.8	0.6497862896539309	0.9451188016528925	0.9510295656990512
3	0.8465909090909091	0.8295454545454546	0.8588235294117647	0.6935849741410449	0.9151601239669422	0.8994549124398548
4	0.8238636363636364	0.8636363636363636	0.8	0.6497862896539309	0.9079287190082646	0.903946530392268
