Times	Accuary	Precision	Recall	MCC	AUROC	AUPR
0	0.7454642475987193	0.0728476821192053	0.36666666666666664	0.06554520678105309	0.6101893373193822	0.06687742847512242
1	0.5149413020277481	0.06574761399787911	0.6888888888888889	0.08341509585135706	0.6076326606875934	0.06496935918643221
2	0.4967982924226254	0.06256410256410257	0.6777777777777778	0.0708096810377259	0.6178593672147482	0.07372700335704824
3	0.3473852721451441	0.05428796223446106	0.7666666666666667	0.042520881921299304	0.5593827852516193	0.06567639765962532
4	0.18676627534685167	0.05075187969924812	0.9	0.03055013867160464	0.514259466865969	0.050477698704798096
