Times	Accuary	p_micro	p_macro	p_weigh	r_micro	r_macro	r_weigh	F1_micro	F1_macro	F1_weigh	roc_micro	roc_macro	pr_micro	pr_macro
0	0.8395061728395061	0.8395061728395061	0.8807689984293827	0.851218309848651	0.8395061728395061	0.8485714285714285	0.8395061728395061	0.8395061728395061	0.8534002567961978	0.8377595477520309	0.9758547985571304	0.9761938792459612	0.9333746851646768	0.9564406045866756
1	0.8271604938271605	0.8271604938271605	0.7972117794486216	0.8508037067978589	0.8271604938271605	0.7628571428571429	0.8271604938271605	0.8271604938271605	0.7717177299575145	0.8251183033401266	0.9680942945689173	0.9400879857409051	0.9233146876136349	0.8395833307294556
2	0.7962962962962963	0.7962962962962963	0.819683908045977	0.8101142330069533	0.7962962962962963	0.8109523809523809	0.7962962962962963	0.7962962962962963	0.807144163746748	0.7929933792944612	0.9609625057155922	0.9234530509359585	0.9027324506147465	0.8823913489201878
3	0.8271604938271605	0.8271604938271605	0.8371647509578544	0.8383709379877963	0.8271604938271605	0.780952380952381	0.8271604938271605	0.8271604938271605	0.7908615136876007	0.8256694697918533	0.9672560077224001	0.9479507341929141	0.9222250901233223	0.8740142981612705
4	0.8580246913580247	0.8580246913580247	0.82883352279904	0.874970956388581	0.8580246913580247	0.8585714285714285	0.8580246913580247	0.8580246913580247	0.8362499897059188	0.8559703994073049	0.9682213077274806	0.9727222487066759	0.90932483324777	0.9008183547999359
