Times	Accuary	p_micro	p_macro	p_weigh	r_micro	r_macro	r_weigh	F1_micro	F1_macro	F1_weigh	roc_micro	roc_macro	pr_micro	pr_macro
0	0.808641975308642	0.808641975308642	0.7924603174603175	0.8220164609053497	0.808641975308642	0.7852380952380952	0.808641975308642	0.8086419753086419	0.7846320346320347	0.8075196408529741	0.9524462734339277	0.9420851991940178	0.874243863184664	0.8557870551452036
1	0.7962962962962963	0.7962962962962963	0.8678846153846154	0.8392924976258309	0.7962962962962963	0.6995238095238095	0.7962962962962963	0.7962962962962963	0.7528705772811917	0.7902953077223716	0.9597685820250976	0.9132661741570438	0.9096946221456342	0.8100198697134501
2	0.8209876543209876	0.8209876543209876	0.9111887508626639	0.8355347238197479	0.8209876543209876	0.7128571428571429	0.8209876543209876	0.8209876543209876	0.7811683944364235	0.8172590918295162	0.9523700655387898	0.905711857691552	0.8850533338651165	0.8042701026801956
3	0.8148148148148148	0.8148148148148148	0.7303918421503168	0.8326872248325482	0.8148148148148148	0.8028571428571428	0.8148148148148148	0.8148148148148148	0.7455665614488066	0.8137272505462231	0.9715109485342681	0.9719232127407877	0.9307152199226157	0.926125977469088
4	0.8580246913580247	0.8580246913580247	0.8752619828685986	0.8770283633369108	0.8580246913580247	0.7976190476190477	0.8580246913580247	0.8580246913580247	0.8273843693619812	0.856663045510475	0.974108367626886	0.9417253137058228	0.9378549305974461	0.8645420514573464
