Times	Accuary	p_micro	p_macro	p_weigh	r_micro	r_macro	r_weigh	F1_micro	F1_macro	F1_weigh	roc_micro	roc_macro	pr_micro	pr_macro
0	0.46296296296296297	0.46296296296296297	0.11574074074074074	0.2143347050754458	0.46296296296296297	0.25	0.46296296296296297	0.46296296296296297	0.1582278481012658	0.2930145335208626	0.7550170197632474	0.6030806379075865	0.43838914218243374	0.3213063489965457
1	0.4691358024691358	0.4691358024691358	0.23958333333333331	0.3912037037037037	0.4691358024691358	0.2857142857142857	0.4691358024691358	0.4691358024691358	0.21083738338640298	0.3344725206744088	0.799236650917035	0.5950135121320728	0.48383394883676584	0.33294891434950685
2	0.5679012345679012	0.5679012345679012	0.29527972027972027	0.5468142968142968	0.5679012345679012	0.30666666666666664	0.5679012345679012	0.5679012345679012	0.2906150244732922	0.5381759712468374	0.8054221917390643	0.646910256726011	0.5488349527427873	0.3268274461697648
3	0.3271604938271605	0.3271604938271605	0.39741784037558686	0.7116153712397844	0.3271604938271605	0.36333333333333334	0.3271604938271605	0.3271604938271605	0.1783492822966507	0.2847923681257014	0.6675557587766091	0.6109478341733572	0.40038227396142756	0.30236861854047536
4	0.5123456790123457	0.5123456790123457	0.3091666666666667	0.5165637860082305	0.5123456790123457	0.3414285714285714	0.5123456790123457	0.5123456790123457	0.3183116883116883	0.5131473464806798	0.7757138139511253	0.605040463296877	0.5251786627507979	0.32314555380067195
