Times	Accuary	Precision	Recall	MCC	AUROC	AUPR
0	0.6022727272727273	0.5803571428571429	0.7386363636363636	0.21260501606769033	0.6721332644628099	0.6502329532559149
1	0.5909090909090909	0.5930232558139535	0.5795454545454546	0.1818651571921263	0.6885330578512396	0.6761340847499783
2	0.5	0.5	1.0	nan	0.6858858471074379	0.6996533370886471
3	0.5909090909090909	0.5851063829787234	0.625	0.18224227560060585	0.6197701446280992	0.5612864162898903
4	0.5909090909090909	0.5597014925373134	0.8522727272727273	0.21327646718989116	0.6801394628099173	0.669516647530531
