Times	Accuary	Precision	Recall	MCC	AUROC	AUPR
0	0.5	0.5	1.0	nan	0.7323088842975206	0.7122021932830176
1	0.5	0.5	1.0	nan	0.7549070247933884	0.7568404466114498
2	0.5	0.5	1.0	nan	0.7301136363636364	0.7216237914833126
3	0.5	nan	0.0	nan	0.7446410123966943	0.7412865515386167
4	0.5	0.5	1.0	nan	0.7674328512396695	0.7543096460524601
