Times	Accuary	p_micro	p_macro	p_weigh	r_micro	r_macro	r_weigh	F1_micro	F1_macro	F1_weigh	roc_micro	roc_macro	pr_micro	pr_macro
0	0.725609756097561	0.725609756097561	0.5385243055555555	0.763941819105691	0.725609756097561	0.6129166666666667	0.725609756097561	0.7256097560975608	0.5586750599520383	0.7395478738960051	0.8953809736268095	0.8207644385760496	0.7627867397442429	0.591191143971916
1	0.725609756097561	0.725609756097561	0.7471552878179384	0.7417474777157411	0.725609756097561	0.7454166666666666	0.725609756097561	0.7256097560975608	0.7233360017344607	0.7266124200242353	0.9262963513781479	0.8888650171949134	0.8255853453320066	0.8096243238162042
2	0.7195121951219512	0.7195121951219512	0.7014667535853978	0.7398782077781664	0.7195121951219512	0.6304166666666666	0.7195121951219512	0.7195121951219512	0.6521968470898519	0.7202787853269649	0.9208866250247868	0.8455893087024862	0.8111672350146863	0.7035781827586401
3	0.75	0.75	0.6584211553473849	0.772373193579711	0.75	0.7029166666666666	0.75	0.75	0.6633909853249476	0.7541705016106766	0.9227518342256593	0.8837374251939215	0.8100864948825186	0.7924600944103153
4	0.7073170731707317	0.7073170731707317	0.5771454297069052	0.7325369094786328	0.7073170731707317	0.6795833333333333	0.7073170731707317	0.7073170731707317	0.6098908918406072	0.7133943860785856	0.9170756494150307	0.880315216905718	0.8061351556574019	0.7067172592752549
