Times	Accuary	p_micro	p_macro	p_weigh	r_micro	r_macro	r_weigh	F1_micro	F1_macro	F1_weigh	roc_micro	roc_macro	pr_micro	pr_macro
0	0.5609756097560976	0.5609756097560976	0.28085867620751337	0.513765871111305	0.5609756097560976	0.30666666666666664	0.5609756097560976	0.5609756097560976	0.29302155644866645	0.536015042284146	0.822204045211184	0.5981188584710933	0.5874653251154043	0.34859997488026984
1	0.5	0.5	0.26672786617707056	0.4879168283726901	0.5	0.2733333333333333	0.5	0.5	0.2551340686933907	0.4667086622440075	0.7352952111838192	0.5449967634176851	0.4836802321887549	0.3244831944644595
2	0.3902439024390244	0.3902439024390244	0.30740022995326755	0.5355282095306674	0.3902439024390244	0.32499999999999996	0.3902439024390244	0.3902439024390244	0.26604962423175366	0.4393095812652263	0.6754226155066428	0.5724593478423392	0.37560195679106134	0.3417075627733397
3	0.49390243902439024	0.49390243902439024	0.2502051282051282	0.4576923076923077	0.49390243902439024	0.27	0.49390243902439024	0.49390243902439024	0.24021929824561405	0.43942554557124525	0.7806922962522309	0.5401844384666441	0.4837967196788357	0.32302065965153615
4	0.3475609756097561	0.3475609756097561	0.20663380736910147	0.3594269790467782	0.3475609756097561	0.305	0.3475609756097561	0.3475609756097561	0.18615882448713778	0.30642105336308983	0.6516024687685901	0.5901136707082919	0.40800651280148903	0.3020715643697745
