Times	Accuary	Precision	Recall	MCC	AUROC	AUPR
0	0.5795454545454546	0.3522727272727273	0.6458333333333334	0.17860862707794006	0.6266787190082644	0.6827758210203158
1	0.6306818181818182	0.7386363636363636	0.6074766355140186	0.26767721296867825	0.8010072314049587	0.8012556758358007
2	0.5568181818181818	0.5795454545454546	0.5543478260869565	0.11375393879832252	0.7500000000000001	0.7949337264444376
3	0.5965909090909091	0.6704545454545454	0.5841584158415841	0.19532489647128487	0.7909349173553718	0.8016517667963833
4	0.5909090909090909	0.7045454545454546	0.5740740740740741	0.18670401120373464	0.7386363636363636	0.7471595595399699
