Times	Accuary	p_micro	p_macro	p_weigh	r_micro	r_macro	r_weigh	F1_micro	F1_macro	F1_weigh	roc_micro	roc_macro	pr_micro	pr_macro
0	0.3148148148148148	0.3148148148148148	0.3439565432914739	0.6175363924179743	0.3148148148148148	0.35666666666666663	0.3148148148148148	0.3148148148148148	0.22008177330857065	0.37078447644481827	0.6399049941573948	0.6029726937973184	0.39491731158095256	0.3252933847131089
1	0.4691358024691358	0.4691358024691358	0.3302157014441497	0.5668106859438277	0.4691358024691358	0.39333333333333337	0.4691358024691358	0.4691358024691358	0.2660155408317173	0.4163686485990408	0.7706142356348119	0.6306898283616222	0.5405751120389218	0.36934744246641393
2	0.5679012345679012	0.5679012345679012	0.2846542227662179	0.5271374495670701	0.5679012345679012	0.30666666666666664	0.5679012345679012	0.5679012345679012	0.29496935543581093	0.5462395471033535	0.7583320632017475	0.6386502858915235	0.5663625180417919	0.36099653104559304
3	0.4876543209876543	0.4876543209876543	0.32706430398246256	0.5624647604613504	0.4876543209876543	0.3566666666666667	0.4876543209876543	0.4876543209876543	0.2788491479065853	0.44725150846898515	0.8013260173754001	0.6741922168544814	0.588353828041851	0.3693312984974044
4	0.47530864197530864	0.47530864197530864	0.23888888888888887	0.4423868312757201	0.47530864197530864	0.2566666666666667	0.47530864197530864	0.47530864197530864	0.21610644257703082	0.4001971158833904	0.8018340700096529	0.6667135210951766	0.5846804681353037	0.3583225774395712
