Times	Accuary	p_micro	p_macro	p_weigh	r_micro	r_macro	r_weigh	F1_micro	F1_macro	F1_weigh	roc_micro	roc_macro	pr_micro	pr_macro
0	0.8170731707317073	0.8170731707317073	0.7583996463306808	0.8344708977593753	0.8170731707317073	0.7675000000000001	0.8170731707317073	0.8170731707317073	0.7569881471929291	0.8158678445781702	0.9559414039262344	0.9415284144575853	0.8896511915709668	0.8491797269792779
1	0.8048780487804879	0.8048780487804879	0.8263888888888888	0.8185975609756098	0.8048780487804879	0.7991666666666667	0.8048780487804879	0.8048780487804877	0.8061002178649238	0.8037114328362533	0.9639971247273448	0.9579087985806447	0.9091308654107711	0.8923014784927832
2	0.8109756097560976	0.8109756097560976	0.8143625192012289	0.8238338765876139	0.8109756097560976	0.6420833333333333	0.8109756097560976	0.8109756097560975	0.6969063545150502	0.8057855453136471	0.9468508328375966	0.9108555346925156	0.8770480926774288	0.7394867057489454
3	0.8536585365853658	0.8536585365853658	0.7815018315018314	0.8690364513535247	0.8536585365853658	0.7491666666666668	0.8536585365853658	0.8536585365853658	0.759694332887104	0.8524896333300682	0.9619212274439817	0.9148378882531208	0.9187174987266725	0.8238021409738345
4	0.7987804878048781	0.7987804878048781	0.6886680747567844	0.8224280500293483	0.7987804878048781	0.6912499999999999	0.7987804878048781	0.7987804878048782	0.6826822331986229	0.7981274710591739	0.9540390144755106	0.9390647063462542	0.8887984070410792	0.7977528079166037
