Times	Accuary	Precision	Recall	MCC	AUROC	AUPR
0	0.625	0.6931818181818182	0.61	0.25235730725761796	0.8183109504132231	0.8354886750886594
1	0.6477272727272727	0.7045454545454546	0.6326530612244898	0.2973808570665904	0.8258006198347108	0.8367201056237441
2	0.6193181818181818	0.625	0.6179775280898876	0.23865177295182455	0.7908057851239669	0.8022436526868434
3	0.6704545454545454	0.6363636363636364	0.6829268292682927	0.34170426675113597	0.7820247933884298	0.8009535920447246
4	0.6420454545454546	0.6931818181818182	0.6288659793814433	0.2855884214108679	0.7860278925619835	0.7772508605477391
