Times	Accuary	p_micro	p_macro	p_weigh	r_micro	r_macro	r_weigh	F1_micro	F1_macro	F1_weigh	roc_micro	roc_macro	pr_micro	pr_macro
0	0.46296296296296297	0.46296296296296297	0.11574074074074074	0.2143347050754458	0.46296296296296297	0.25	0.46296296296296297	0.46296296296296297	0.1582278481012658	0.2930145335208626	0.686080627953056	0.6897154326991797	0.4145107754190724	0.4107037846027209
1	0.5493827160493827	0.5493827160493827	0.30342371323529416	0.5618957652505446	0.5493827160493827	0.2966666666666667	0.5493827160493827	0.5493827160493827	0.2701902652867537	0.5003523431236181	0.6635357923080831	0.7352353157762213	0.4930427907205218	0.4991594334065304
2	0.5061728395061729	0.5061728395061729	0.3295111750994104	0.5578302718825594	0.5061728395061729	0.46	0.5061728395061729	0.5061728395061729	0.32784166298098183	0.5161460295619221	0.786363867296652	0.7168528495641424	0.5729260600708217	0.41637804386216304
3	0.5308641975308642	0.5308641975308642	0.2664335664335664	0.4933954933954933	0.5308641975308642	0.2866666666666667	0.5308641975308642	0.5308641975308642	0.2669929772291977	0.494431439313329	0.8088197937306304	0.6628653805905954	0.552157088899899	0.3790005671117263
4	0.5246913580246914	0.5246913580246914	0.2604502973661852	0.4823153654929355	0.5246913580246914	0.2833333333333333	0.5246913580246914	0.5246913580246914	0.2642857142857143	0.48941798941798936	0.8407890057409947	0.7469531902183184	0.618917933299825	0.4053275922245956
