Times	Accuary	Precision	Recall	MCC	AUROC	AUPR
0	0.5	nan	0.0	nan	0.7948209803144405	0.7653165097651544
1	0.5402298850574713	0.5217391304347826	0.9655172413793104	0.15300774894579097	0.7867617915180342	0.7975203205550052
2	0.632183908045977	0.8709677419354839	0.3103448275862069	0.345445047182042	0.7438234905535738	0.739727481369502
3	0.5	nan	0.0	nan	0.7179944510503369	0.695912850931926
4	0.6494252873563219	0.7708333333333334	0.42528735632183906	0.3343239249178658	0.8092218258686749	0.7831940704225366
