Times	Accuary	p_micro	p_macro	p_weigh	r_micro	r_macro	r_weigh	F1_micro	F1_macro	F1_weigh	roc_micro	roc_macro	pr_micro	pr_macro
0	0.5864197530864198	0.5864197530864198	0.44211124896608767	0.6561730947931664	0.5864197530864198	0.5719047619047619	0.5864197530864198	0.5864197530864198	0.46016297841115356	0.6102698045565488	0.8159452319260275	0.7587842106322654	0.5850013148590689	0.441296969640804
1	0.4876543209876543	0.4876543209876543	0.36501053197053873	0.5641845458843635	0.4876543209876543	0.4538095238095238	0.4876543209876543	0.4876543209876543	0.36764511764511765	0.5119417341639565	0.7581542447797591	0.7171880179158613	0.47099975706074565	0.36943700348928116
2	0.5246913580246914	0.5246913580246914	0.37900071123755336	0.577475867680546	0.5246913580246914	0.45952380952380945	0.5246913580246914	0.5246913580246914	0.38991731061411283	0.5420791490340117	0.8122872529594065	0.7261291615876682	0.5801907185744994	0.4650776564135885
3	0.5061728395061729	0.5061728395061729	0.38000473484848485	0.6164696735877291	0.5061728395061729	0.41714285714285715	0.5061728395061729	0.5061728395061729	0.36645637336284814	0.5490755885320233	0.7618376263780928	0.7018930266489835	0.5386564975081668	0.42671181125823576
4	0.5061728395061729	0.5061728395061729	0.380978835978836	0.628973153047227	0.5061728395061729	0.4314285714285715	0.5061728395061729	0.5061728395061729	0.36309028948058264	0.5525906138072061	0.7809658080577149	0.7207108416107092	0.5158778820828036	0.38512798511419233
