Times	Accuary	Precision	Recall	MCC	AUROC	AUPR
0	0.7113556778389195	0.0521415270018622	0.2916666666666667	0.011670955940101839	0.5887715668243125	0.061113859417105953
1	0.576288144072036	0.05029940119760479	0.4375	0.00901322519105877	0.5804842135225082	0.06443845078973623
2	0.6833416708354177	0.07716535433070866	0.5104166666666666	0.09299230518154959	0.6010739621650026	0.06734158005308591
3	0.7748874437218609	0.07655502392344497	0.3333333333333333	0.06861153957143826	0.6233195393238746	0.08821668840779161
4	0.11755877938969485	0.051130247578040904	0.9895833333333334	0.05273579176516683	0.5317262217551235	0.0539056426204201
