Times	Accuary	p_micro	p_macro	p_weigh	r_micro	r_macro	r_weigh	F1_micro	F1_macro	F1_weigh	roc_micro	roc_macro	pr_micro	pr_macro
0	0.7592592592592593	0.7592592592592593	0.5988261525345925	0.7993456765835283	0.7592592592592593	0.7442857142857142	0.7592592592592593	0.7592592592592593	0.6384697174170859	0.7732111942638259	0.9308540364781791	0.919735278045715	0.8434191320599893	0.7250108333919864
1	0.7839506172839507	0.7839506172839507	0.6639683447749809	0.7954146302417343	0.7839506172839507	0.7252380952380952	0.7839506172839507	0.7839506172839507	0.6844716993919677	0.7873582477369123	0.9500330234212264	0.9310447931395482	0.8736557000795989	0.8320597744567911
2	0.7777777777777778	0.7777777777777778	0.6439484126984127	0.7965534979423867	0.7777777777777778	0.7542857142857142	0.7777777777777778	0.7777777777777778	0.6798072206939202	0.7833531183284879	0.9397195549458924	0.9260682237276188	0.8557565810268924	0.7791650970220747
3	0.7777777777777778	0.7777777777777778	0.6257446257446257	0.7951499803351656	0.7777777777777778	0.6752380952380952	0.7777777777777778	0.7777777777777778	0.6419108669108669	0.7826881623177919	0.9352613930803231	0.9205887139790345	0.8342053121695917	0.7898206263943645
4	0.691358024691358	0.691358024691358	0.5729756354756355	0.7424956730512284	0.691358024691358	0.7219047619047619	0.691358024691358	0.691358024691358	0.6090024864706742	0.7018564564271746	0.9161967179799827	0.9013186300193804	0.7905247418198832	0.7858633772484171
