Times	Accuary	p_micro	p_macro	p_weigh	r_micro	r_macro	r_weigh	F1_micro	F1_macro	F1_weigh	roc_micro	roc_macro	pr_micro	pr_macro
0	0.5365853658536586	0.5365853658536586	0.4155577265871383	0.6097913385036771	0.5365853658536586	0.5375	0.5365853658536586	0.5365853658536586	0.4278123836947366	0.5582548728172833	0.8257485623636724	0.7663710846471122	0.5648477076008546	0.4792256180608512
1	0.5487804878048781	0.5487804878048781	0.4519166065849556	0.5900218199189923	0.5487804878048781	0.5545833333333333	0.5487804878048781	0.5487804878048781	0.4740640640640641	0.5619464586537757	0.815028256989887	0.7602296685648539	0.5343366722002173	0.4307171394577564
2	0.5365853658536586	0.5365853658536586	0.41968013468013465	0.6000246366100025	0.5365853658536586	0.44333333333333336	0.5365853658536586	0.5365853658536586	0.4145818392134182	0.5563137440223449	0.7894730319254413	0.7326018771265713	0.5035950866937282	0.40065577568072697
3	0.6158536585365854	0.6158536585365854	0.48301360017691286	0.7004054028543382	0.6158536585365854	0.6191666666666666	0.6158536585365854	0.6158536585365854	0.49889908459532045	0.6425950454119612	0.851675589926631	0.8227584661699652	0.6419855118843647	0.5145668086535411
4	0.5426829268292683	0.5426829268292683	0.4192881604696673	0.6011368789079281	0.5426829268292683	0.5233333333333333	0.5426829268292683	0.5426829268292683	0.4361055439299715	0.5608202458649303	0.8086208605988499	0.7717184895918807	0.5454763899631847	0.4391426582304735
