Times	Accuary	Precision	Recall	MCC	AUROC	AUPR
0	0.6839080459770115	0.7285714285714285	0.5862068965517241	0.3750457847507963	0.7592152199762188	0.7307143024924512
1	0.6839080459770115	0.6290322580645161	0.896551724137931	0.4064004064006096	0.8034086405073325	0.7791659843296026
2	0.6436781609195402	0.7192982456140351	0.47126436781609193	0.30613264932110207	0.7130400317082838	0.7078682513095429
3	0.5689655172413793	0.6304347826086957	0.3333333333333333	0.15638581054280606	0.6549742370194214	0.6484657162735403
4	0.6839080459770115	0.625	0.9195402298850575	0.4170288281141495	0.7607345752411151	0.7482646776970946
