Times	Accuary	p_micro	p_macro	p_weigh	r_micro	r_macro	r_weigh	F1_micro	F1_macro	F1_weigh	roc_micro	roc_macro	pr_micro	pr_macro
0	0.4691358024691358	0.4691358024691358	0.327245771278388	0.539733884433662	0.4691358024691358	0.3504761904761905	0.4691358024691358	0.4691358024691358	0.3203371970495258	0.496350934707099	0.741655235482396	0.6299003554764734	0.42716981355783545	0.3271086784799719
1	0.5	0.5	0.3458660130718954	0.5756915194061163	0.5	0.34904761904761905	0.5	0.5	0.33502226939726937	0.5324486470319804	0.7631204592795815	0.7093853188857546	0.48260953236507687	0.38229435059897715
2	0.5493827160493827	0.5493827160493827	0.38980850961074087	0.6614706120847658	0.5493827160493827	0.40809523809523807	0.5493827160493827	0.5493827160493827	0.3717555235788055	0.5949927602569024	0.7881801554641061	0.6541378129509317	0.5650549044890445	0.396167069800903
3	0.5	0.5	0.3581120770676692	0.5698875371298617	0.5	0.4138095238095238	0.5	0.5	0.35941862849901635	0.5275716925353737	0.7851699436061577	0.7355924021219502	0.4988754922519618	0.38081445702659866
4	0.5679012345679012	0.5679012345679012	0.4156232656232656	0.6407913074579741	0.5679012345679012	0.5114285714285713	0.5679012345679012	0.5679012345679012	0.42112709309505647	0.5954739685140567	0.8080958187268201	0.7594616559654854	0.556595879626342	0.42579647872128257
