Times	Accuary	Precision	Recall	MCC	AUROC	AUPR
0	0.6876456876456877	0.057722308892355696	0.3592233009708738	0.029629308931976996	0.5511016231944695	0.054612847668361476
1	0.841025641025641	0.05263157894736842	0.13592233009708737	0.008117741084057935	0.5033947300856765	0.05213132570816212
2	0.1916083916083916	0.045682451253481894	0.7961165048543689	-0.024745055819410288	0.5190466228616528	0.06383367973149236
3	0.5356643356643357	0.042988741044012284	0.4077669902912621	-0.02151625233324695	0.4629527495411885	0.04555941643042453
4	0.6927738927738928	0.060126582278481014	0.36893203883495146	0.03660074662271788	0.5524756806101006	0.07388104979450277
