Times	Accuary	p_micro	p_macro	p_weigh	r_micro	r_macro	r_weigh	F1_micro	F1_macro	F1_weigh	roc_micro	roc_macro	pr_micro	pr_macro
0	0.4691358024691358	0.4691358024691358	0.2764378478664193	0.511921940493369	0.4691358024691358	0.25333333333333335	0.4691358024691358	0.4691358024691358	0.19610307982401004	0.36315385152594454	0.7861479449270943	0.5194314097073001	0.489808036830322	0.3119424824609608
1	0.4382716049382716	0.4382716049382716	0.21346830985915494	0.2379042775169536	0.4382716049382716	0.3338095238095238	0.4382716049382716	0.4382716049382716	0.2566820276497696	0.30743585367241283	0.6212150078748159	0.5942071937848916	0.35056782185296426	0.33349287467487343
2	0.46296296296296297	0.46296296296296297	0.11574074074074074	0.2143347050754458	0.46296296296296297	0.25	0.46296296296296297	0.46296296296296297	0.1582278481012658	0.2930145335208626	0.7896154041558706	0.5569486749282417	0.5232418433020194	0.34176712687477434
3	0.5370370370370371	0.5370370370370371	0.2718878248974008	0.5034959720322236	0.5370370370370371	0.29	0.5370370370370371	0.5370370370370371	0.2640660492748559	0.48901120236084417	0.819196768785246	0.5497787912720287	0.535118110906945	0.32345590155900983
4	0.4382716049382716	0.4382716049382716	0.3012531328320802	0.5351341316253597	0.4382716049382716	0.2833333333333333	0.4382716049382716	0.4382716049382716	0.1917933810375671	0.3191646973946715	0.7756058527663465	0.5331601283804368	0.4405168973557404	0.32205906620064584
