Times	Accuary	Precision	Recall	MCC	AUROC	AUPR
0	0.6534090909090909	0.6261682242990654	0.7613636363636364	0.31422977174583966	0.7510976239669421	0.7322636782349015
1	0.5	0.5	1.0	nan	0.7438662190082646	0.738288119063042
2	0.6477272727272727	0.7321428571428571	0.4659090909090909	0.3171675237082733	0.7524535123966941	0.7377271579286533
3	0.6534090909090909	0.6336633663366337	0.7272727272727273	0.3102218943955701	0.7354080578512397	0.7360156503537298
4	0.5	0.5	1.0	nan	0.7521306818181818	0.7237340871966489
