Times	Accuary	p_micro	p_macro	p_weigh	r_micro	r_macro	r_weigh	F1_micro	F1_macro	F1_weigh	roc_micro	roc_macro	pr_micro	pr_macro
0	0.5182926829268293	0.5182926829268293	0.38916268215049976	0.6087745744454861	0.5182926829268293	0.4541666666666667	0.5182926829268293	0.5182926829268293	0.38486570903094874	0.5500027649391791	0.7120513583184612	0.6355584095981532	0.44397303398217697	0.3485593766250692
1	0.49390243902439024	0.49390243902439024	0.39188218390804597	0.5961767591813849	0.49390243902439024	0.4966666666666667	0.49390243902439024	0.49390243902439024	0.3906954887218045	0.5284063818081789	0.7743034899861194	0.7295063437013372	0.5465750986238626	0.48312597802342455
2	0.5609756097560976	0.5609756097560976	0.446850845410628	0.6404741074584658	0.5609756097560976	0.5891666666666666	0.5609756097560976	0.5609756097560976	0.4630314775663613	0.5837050310249402	0.8176928415625621	0.7811340175286005	0.5970502382211026	0.45971938661298395
3	0.4878048780487805	0.4878048780487805	0.318309211888981	0.5342098208873036	0.4878048780487805	0.3225	0.4878048780487805	0.4878048780487805	0.3135044840839657	0.5081179586901813	0.7791245290501685	0.6860190048922536	0.5544940615349845	0.3753013277401245
4	0.49390243902439024	0.49390243902439024	0.3375596041385515	0.5726468297071635	0.49390243902439024	0.33625000000000005	0.49390243902439024	0.49390243902439024	0.32188168786593985	0.523723537841072	0.7535321237358715	0.6464868642622963	0.46513465653830893	0.33796545101436587
