Times	Accuary	p_micro	p_macro	p_weigh	r_micro	r_macro	r_weigh	F1_micro	F1_macro	F1_weigh	roc_micro	roc_macro	pr_micro	pr_macro
0	0.7012195121951219	0.7012195121951219	0.6057107276285358	0.712497450761734	0.7012195121951219	0.7145833333333333	0.7012195121951219	0.7012195121951219	0.6442422138162504	0.7040378452959464	0.9274737259567717	0.9019210597573384	0.8114593236618107	0.7392621851539605
1	0.7195121951219512	0.7195121951219512	0.6389173285347894	0.7264239749620133	0.7195121951219512	0.68625	0.7195121951219512	0.7195121951219512	0.6564664502164501	0.7211276528349698	0.9178688280785247	0.8994002179906568	0.7744936090484197	0.7442612293348188
2	0.7378048780487805	0.7378048780487805	0.7197442015599343	0.7443055951880332	0.7378048780487805	0.69625	0.7378048780487805	0.7378048780487805	0.7050581756816767	0.7368950368160755	0.9361243307555027	0.9153280002662203	0.8219529965034872	0.7748675765465469
3	0.7073170731707317	0.7073170731707317	0.593697623977127	0.7531344457189026	0.7073170731707317	0.6795833333333333	0.7073170731707317	0.7073170731707317	0.6119735602109563	0.7093751378581796	0.9311917509418997	0.9152548295734275	0.8143674458066683	0.7367703943617319
4	0.7317073170731707	0.7317073170731707	0.6745931537598204	0.7406175576907285	0.7317073170731707	0.7208333333333333	0.7317073170731707	0.7317073170731707	0.6911279323513366	0.7334657299109816	0.9366200674201863	0.9136067436243888	0.8277333192552249	0.7759970346192969
