Times	Accuary	p_micro	p_macro	p_weigh	r_micro	r_macro	r_weigh	F1_micro	F1_macro	F1_weigh	roc_micro	roc_macro	pr_micro	pr_macro
0	0.6790123456790124	0.6790123456790124	0.5602130898021309	0.6895578480560723	0.6790123456790124	0.5571428571428572	0.6790123456790124	0.6790123456790124	0.5487258687258687	0.6828256828256829	0.9055212620027435	0.8795176641184237	0.7427114854129291	0.6638893108933295
1	0.7530864197530864	0.7530864197530864	0.628717627401838	0.7803412853120454	0.7530864197530864	0.7876190476190477	0.7530864197530864	0.7530864197530863	0.6772910839999813	0.7593795866182852	0.930377737133567	0.9219029018076792	0.8164604696410277	0.8229799884024787
2	0.7654320987654321	0.7654320987654321	0.5746115582383189	0.7931764110037454	0.7654320987654321	0.6685714285714286	0.7654320987654321	0.7654320987654321	0.6050623133175403	0.7761062982163679	0.9413262714017173	0.8872309958300763	0.8631515473064102	0.7169811204735693
3	0.6666666666666666	0.6666666666666666	0.5850352112676056	0.6754424351320543	0.6666666666666666	0.7228571428571428	0.6666666666666666	0.6666666666666666	0.6340947337839246	0.6680766675010947	0.9216582837982015	0.9030088104949062	0.7883853888050901	0.7838747826843454
4	0.7469135802469136	0.7469135802469136	0.656873078612209	0.7671860852215119	0.7469135802469136	0.7052380952380952	0.7469135802469136	0.7469135802469135	0.6709876575520288	0.7445338215048793	0.9299331910785957	0.8889931487923596	0.8116701468505698	0.7237132353370337
