Times	Accuary	p_micro	p_macro	p_weigh	r_micro	r_macro	r_weigh	F1_micro	F1_macro	F1_weigh	roc_micro	roc_macro	pr_micro	pr_macro
0	0.5679012345679012	0.5679012345679012	0.4314935520044856	0.5951526683210637	0.5679012345679012	0.4828571428571429	0.5679012345679012	0.5679012345679012	0.44481755155967856	0.5753701935201018	0.8545826347609612	0.7849202401841923	0.591577711431811	0.45895879195765354
1	0.6172839506172839	0.6172839506172839	0.47456633201314047	0.6790510076562086	0.6172839506172839	0.5847619047619048	0.6172839506172839	0.6172839506172839	0.48625338806529483	0.62525445122192	0.8590789005740994	0.8213721117466255	0.6373886712421256	0.5094603571815463
2	0.5493827160493827	0.5493827160493827	0.40044642857142854	0.6370407113462669	0.5493827160493827	0.44047619047619047	0.5493827160493827	0.5493827160493827	0.39149356939887786	0.5772716104295891	0.8104582634760961	0.7470323185682786	0.5693340991609518	0.4451950015759986
3	0.6172839506172839	0.6172839506172839	0.45357251521298175	0.6624799664437934	0.6172839506172839	0.5419047619047619	0.6172839506172839	0.6172839506172839	0.466554131054131	0.6226152790967605	0.8427577096987248	0.7772997080862154	0.57031261059611	0.4679210214631024
4	0.6172839506172839	0.6172839506172839	0.5000800194830045	0.678642529388798	0.6172839506172839	0.7142857142857144	0.6172839506172839	0.6172839506172839	0.5394941809220586	0.6333284699445906	0.8271223898795915	0.817284362847586	0.5986281722186256	0.5310304365844242
