Times	Accuary	p_micro	p_macro	p_weigh	r_micro	r_macro	r_weigh	F1_micro	F1_macro	F1_weigh	roc_micro	roc_macro	pr_micro	pr_macro
0	0.8244942591580099	0.8244942591580099	0.7316562177249664	0.8402450951149443	0.8244942591580099	0.7383237090473933	0.8244942591580099	0.8244942591580099	0.7188572202669271	0.8243218930497855	0.9408003788067885	0.9391753468325262	0.8617183526796923	0.7360245418523431
1	0.815199562602515	0.815199562602515	0.7304214932824956	0.8427288348384939	0.815199562602515	0.7347886890650048	0.815199562602515	0.815199562602515	0.7000782067904161	0.8145666822569744	0.9400212620455944	0.9358764463080571	0.8612915839876424	0.7261073378679848
2	0.8168398031711318	0.8168398031711318	0.7118681221571191	0.8344764110629179	0.8168398031711318	0.7104247104247103	0.8168398031711318	0.8168398031711318	0.7039779447413427	0.8180270976630774	0.9486761442100385	0.93492585590298	0.8735310464086592	0.7226299239287087
3	0.8277747402952433	0.8277747402952433	0.7551155479757656	0.860076286834804	0.8277747402952433	0.7589916984653827	0.8277747402952433	0.8277747402952433	0.7203914348902931	0.8271527805175338	0.940454215406304	0.936202292793311	0.8648894375433017	0.7375156608453279
4	0.8201202843083653	0.8201202843083653	0.7109498777395645	0.8361532079579133	0.8201202843083653	0.7040493030624609	0.8201202843083653	0.8201202843083654	0.6908742592861948	0.8190865087787751	0.9412846986709379	0.9360773579871375	0.8673941846145087	0.743527909357024
