Times	Accuary	p_micro	p_macro	p_weigh	r_micro	r_macro	r_weigh	F1_micro	F1_macro	F1_weigh	roc_micro	roc_macro	pr_micro	pr_macro
0	0.8212137780207763	0.8212137780207763	0.7460172120608453	0.8475499617559004	0.8212137780207763	0.8090851659930608	0.8212137780207763	0.8212137780207763	0.7650073746199251	0.829084343175695	0.9503079648571409	0.9469597471147794	0.8819996514129135	0.8297951265271024
1	0.8146528157463094	0.8146528157463094	0.7468330596439824	0.8373575557265015	0.8146528157463094	0.7970859016911649	0.8146528157463094	0.8146528157463094	0.7637620554168897	0.8198199355941397	0.9514425617367078	0.9486055069461146	0.8808131131085071	0.8284442420549359
2	0.80098414434117	0.80098414434117	0.7217864313956248	0.8335389339025006	0.80098414434117	0.7783187322661007	0.80098414434117	0.80098414434117	0.7365407502309107	0.8100243426763329	0.9469026795578157	0.9439101152573218	0.8747133668127235	0.8171724555295891
3	0.8004373974849645	0.8004373974849645	0.732922647824426	0.8368675111194447	0.8004373974849645	0.7913299107378056	0.8004373974849645	0.8004373974849645	0.7454227405220231	0.8087484313401707	0.9457918477821677	0.9473259945499345	0.8706356511095534	0.8321285576848726
4	0.8146528157463094	0.8146528157463094	0.7396450601853137	0.832297461301234	0.8146528157463094	0.7845564549511918	0.8146528157463094	0.8146528157463094	0.7564549674770848	0.8195875888409792	0.9522643261477026	0.9469592260624944	0.8871129103474651	0.823557688464283
