Times	Accuary	p_micro	p_macro	p_weigh	r_micro	r_macro	r_weigh	F1_micro	F1_macro	F1_weigh	roc_micro	roc_macro	pr_micro	pr_macro
0	0.8291484716157205	0.8291484716157205	0.7247911523857274	0.8420236539589513	0.8291484716157205	0.7306892913972647	0.8291484716157205	0.8291484716157206	0.7228587784492493	0.831259986058568	0.9465881895844854	0.9392544439504305	0.8734924093548239	0.7509846784073981
1	0.8236899563318777	0.8236899563318777	0.7193131643399711	0.8368789054816765	0.8236899563318777	0.7267566659504995	0.8236899563318777	0.8236899563318777	0.7165965773666835	0.825313632085542	0.9449148805324078	0.9336247901178494	0.8717653512148632	0.7288073996430732
2	0.8351528384279476	0.8351528384279476	0.7459976879785839	0.8530072965878256	0.8351528384279476	0.7661592929415003	0.8351528384279476	0.8351528384279476	0.7429603986431803	0.8378335856749329	0.9420564102197391	0.9422259617402451	0.8625293291319868	0.7492044545580356
3	0.8324235807860262	0.8324235807860262	0.7243196149495179	0.835565871611377	0.8324235807860262	0.711950397584726	0.8324235807860262	0.8324235807860261	0.7145661998672592	0.8312189286486029	0.9400923974879705	0.9383662823783112	0.8586835505699071	0.7328210992693072
4	0.8362445414847162	0.8362445414847162	0.7612375287829163	0.8454056357284859	0.8362445414847162	0.723629938476757	0.8362445414847162	0.8362445414847162	0.7237309634079041	0.8320017100190821	0.9522357069532109	0.9419791581394054	0.8847872992311077	0.7441948841939926
