Times	Accuary	p_micro	p_macro	p_weigh	r_micro	r_macro	r_weigh	F1_micro	F1_macro	F1_weigh	roc_micro	roc_macro	pr_micro	pr_macro
0	0.6134499726626572	0.6134499726626572	0.5380083319419775	0.6966448675217622	0.6134499726626572	0.5585641562615247	0.6134499726626572	0.6134499726626572	0.5147727891399363	0.6279400102942853	0.8270127623092027	0.8129920934408322	0.6155774599230353	0.508885582841794
1	0.6194641880809185	0.6194641880809185	0.549909855687502	0.693646944972494	0.6194641880809185	0.586325140930404	0.6194641880809185	0.6194641880809185	0.5319638335175481	0.6297299141670579	0.8305620830706467	0.820304996324727	0.6278815647996547	0.5290372237130209
2	0.6254784034991798	0.6254784034991798	0.5588430086647459	0.6987730933095329	0.6254784034991798	0.5931250799671852	0.6254784034991798	0.6254784034991798	0.5388794934024806	0.6350278197142553	0.8329214546874201	0.819708700733087	0.6223329238430886	0.5336403794383677
3	0.6293056314926189	0.6293056314926189	0.5493412031458544	0.6978563845507421	0.6293056314926189	0.5832523312786471	0.6293056314926189	0.6293056314926189	0.5363696997392449	0.641316835601819	0.8364718715333216	0.8261909759297488	0.6291949856825619	0.5414959375657515
4	0.6172772006560963	0.6172772006560963	0.5493680948715136	0.7054212978280381	0.6172772006560963	0.590029832464043	0.6172772006560963	0.6172772006560963	0.5256099005498858	0.6284221332754802	0.8329984795315694	0.8253889870624365	0.641251641720041	0.5400519791421979
