Times	Accuary	p_micro	p_macro	p_weigh	r_micro	r_macro	r_weigh	F1_micro	F1_macro	F1_weigh	roc_micro	roc_macro	pr_micro	pr_macro
0	0.6118995633187773	0.6118995633187773	0.5366599451376164	0.6914206246139492	0.6118995633187773	0.5769555282516791	0.6118995633187773	0.6118995633187773	0.5189960883166574	0.626977946600948	0.8281644292315808	0.8165888790176972	0.6106540962961751	0.519903589703979
1	0.6539301310043668	0.6539301310043668	0.5858954973001421	0.7223997629906459	0.6539301310043668	0.6213851737712696	0.6539301310043668	0.6539301310043668	0.5601981719883863	0.6604673188300171	0.8450775832205083	0.8363005875059077	0.6423590722651945	0.5589916490879918
2	0.615174672489083	0.615174672489083	0.541102401144593	0.6956339692484893	0.615174672489083	0.5714501323790405	0.615174672489083	0.615174672489083	0.5205442023003877	0.6276150124991207	0.8325938117757735	0.822345143234678	0.6178333520319876	0.5216024966175985
3	0.615174672489083	0.615174672489083	0.5397935365125552	0.6958965575560729	0.615174672489083	0.5664922827383551	0.615174672489083	0.615174672489083	0.5214631628629685	0.631025897370837	0.8307182913496438	0.8183589421504898	0.6067266363797392	0.5254766438191766
4	0.6255458515283843	0.6255458515283843	0.5428019870728771	0.6963692342280658	0.6255458515283843	0.5825570192223766	0.6255458515283843	0.6255458515283843	0.5310109875659357	0.6408781067406778	0.8328203560509271	0.8233630265813183	0.6081562235173756	0.5244498896831085
