Times	Accuary	Precision	Recall	MCC	AUROC	AUPR
0	0.8885321100917432	0.831636648394675	0.9743119266055046	0.7887585619703177	0.94718373874253	0.9326042976000323
1	0.9073394495412844	0.8569131832797428	0.9779816513761468	0.8229337070646102	0.9597533877619728	0.9471643582925771
2	0.9018348623853211	0.8607907742998353	0.9587155963302753	0.8089211667459563	0.9542412254860702	0.9389157443030024
3	0.8972477064220183	0.8361801242236024	0.9880733944954129	0.807937066847251	0.9554995370760037	0.941056180760785
4	0.8990825688073395	0.872431506849315	0.9348623853211009	0.8002166344022841	0.9580220520158236	0.9459799007303348
