Times	Accuary	p_micro	p_macro	p_weigh	r_micro	r_macro	r_weigh	F1_micro	F1_macro	F1_weigh	roc_micro	roc_macro	pr_micro	pr_macro
0	0.7577911427009295	0.7577911427009295	0.7033984194374132	0.7822848907779839	0.7577911427009295	0.751824098534625	0.7577911427009295	0.7577911427009295	0.7174466493150863	0.7606378006151416	0.9344653593966274	0.9285535453386753	0.8540012273236209	0.7959937817669437
1	0.7397484964461455	0.7397484964461455	0.7054616593595722	0.7620986165193361	0.7397484964461455	0.759802800921222	0.7397484964461455	0.7397484964461455	0.7219102506047755	0.7410440194484023	0.926171686882948	0.920868006064987	0.8369938028166386	0.804638544663959
2	0.7463094587206124	0.7463094587206124	0.7081724345837249	0.7735546582898387	0.7463094587206124	0.7558557147372937	0.7463094587206124	0.7463094587206124	0.7196933723580632	0.7473401879134162	0.934535010581699	0.9286972843421043	0.8519085874574409	0.810735853057058
3	0.7528704209950793	0.7528704209950793	0.698140731321018	0.7798154699071556	0.7528704209950793	0.7507558780585095	0.7528704209950793	0.7528704209950793	0.7135674294558417	0.756805280628779	0.9330772680752548	0.9260397274867735	0.8480535160123003	0.7899350597339627
4	0.746856205576818	0.746856205576818	0.7013925137875413	0.7823191553251662	0.746856205576818	0.7571103998735577	0.746856205576818	0.746856205576818	0.7127913568799629	0.7488910598949053	0.9319274256573243	0.9284136595656846	0.8488437876392858	0.808916411590049
