Times	Accuary	p_micro	p_macro	p_weigh	r_micro	r_macro	r_weigh	F1_micro	F1_macro	F1_weigh	roc_micro	roc_macro	pr_micro	pr_macro
0	0.6224043715846994	0.6224043715846994	0.5501499324122318	0.6934605377204008	0.6224043715846994	0.5880196427771054	0.6224043715846994	0.6224043715846994	0.5359285313918459	0.6365168593410957	0.8313397433983298	0.8212805836295458	0.6008876013269334	0.5194276004521068
1	0.6229508196721312	0.6229508196721312	0.5543713228311385	0.698428962289246	0.6229508196721312	0.5839257167615377	0.6229508196721312	0.6229508196721312	0.5304762626903066	0.631715835202014	0.8272288413110773	0.8173318111509086	0.6079798683812739	0.5274094274593111
2	0.607103825136612	0.607103825136612	0.5312237935819025	0.6714387100200973	0.607103825136612	0.563170539942928	0.607103825136612	0.607103825136612	0.5223313642487171	0.6191518394252625	0.8296559069147083	0.8073989015518991	0.6000103121144116	0.5103387114939179
3	0.6092896174863388	0.6092896174863388	0.5501751947863384	0.7008906485705615	0.6092896174863388	0.5915372462014252	0.6092896174863388	0.6092896174863388	0.5314120661971077	0.6251489233740888	0.8215667831228164	0.8129152980851789	0.6052421827724304	0.5233464584610714
4	0.644808743169399	0.644808743169399	0.5683874990060322	0.7189365568668724	0.644808743169399	0.5985522836269105	0.644808743169399	0.644808743169399	0.5544052334201292	0.6596190659956441	0.8451128231160481	0.8353414149909638	0.6379983957448506	0.5367592624072137
