Times	Accuary	Precision	Recall	MCC	AUROC	AUPR
0	0.5891613896371969	0.025745902787505253	0.6698250728862973	0.06559005982129038	0.6673329475295712	0.028009213224852697
1	0.6061178556018146	0.026949691961809102	0.672740524781341	0.07116309081611764	0.6777693830110184	0.029234121002250455
2	0.595773711646783	0.026834953664221957	0.6880466472303207	0.07201854600176831	0.6861183741814598	0.029219334476368385
3	0.6655821059137715	0.027219836542457403	0.5728862973760933	0.06371397832243748	0.6791376304618681	0.02881633928919034
4	0.6423865001341124	0.025557967024067894	0.5750728862973761	0.05713118457115187	0.6626432023069031	0.02638450093098468
