Times	Accuary	p_micro	p_macro	p_weigh	r_micro	r_macro	r_weigh	F1_micro	F1_macro	F1_weigh	roc_micro	roc_macro	pr_micro	pr_macro
0	0.5819672131147541	0.5819672131147541	0.4965538130247882	0.6115634962642232	0.5819672131147541	0.548793476312133	0.5819672131147541	0.5819672131147541	0.4846486439686348	0.581606690234721	0.8235891387221674	0.8015166268029275	0.5955046392679209	0.48689765311887984
1	0.5666666666666667	0.5666666666666667	0.4848408616295401	0.6026820004933687	0.5666666666666667	0.546224489414788	0.5666666666666667	0.5666666666666667	0.48782049301016306	0.5701593656700293	0.8179014999950233	0.8012998332582238	0.5831928680720957	0.49561626935905223
2	0.580327868852459	0.580327868852459	0.4929927962336117	0.6149745043230842	0.580327868852459	0.540879498901887	0.580327868852459	0.580327868852459	0.4996602126536029	0.589627885400057	0.816789592602546	0.79869276275071	0.5782474017465306	0.48610461085763046
3	0.5666666666666667	0.5666666666666667	0.4713452158505105	0.5904042186607555	0.5666666666666667	0.5399309757518712	0.5666666666666667	0.5666666666666667	0.47388105029918776	0.565968324444042	0.8246342580150696	0.8045952432428249	0.5797465941285013	0.48460429677665384
4	0.5770491803278689	0.5770491803278689	0.49424690515535225	0.6105448860411364	0.5770491803278689	0.5460464195538822	0.5770491803278689	0.5770491803278689	0.5000708860727705	0.5825416673115384	0.8186060099336101	0.793400080765035	0.5835992600630989	0.4752613075455616
