Times	Accuary	p_micro	p_macro	p_weigh	r_micro	r_macro	r_weigh	F1_micro	F1_macro	F1_weigh	roc_micro	roc_macro	pr_micro	pr_macro
0	0.5846069868995634	0.5846069868995634	0.4911331706425607	0.6155872024135299	0.5846069868995634	0.55624752418743	0.5846069868995634	0.5846069868995634	0.49675105991652196	0.589087125709604	0.8199658306477755	0.802826396280341	0.5896720139836605	0.49177829878288815
1	0.5873362445414847	0.5873362445414847	0.47644816824069514	0.6216200191053504	0.5873362445414847	0.5490636113181282	0.5873362445414847	0.5873362445414847	0.4722884486055158	0.5886091980951382	0.8258050316864032	0.8092311676676138	0.6004360808729791	0.5085920668555662
2	0.5758733624454149	0.5758733624454149	0.4995586226981026	0.6207942867259423	0.5758733624454149	0.5535330125127846	0.5758733624454149	0.5758733624454149	0.49338532947543245	0.5834876886017206	0.8147660386593187	0.7999909436079006	0.593765102962975	0.5045887688886879
3	0.5638646288209607	0.5638646288209607	0.46784587000377786	0.5948027478408567	0.5638646288209607	0.5380598133936704	0.5638646288209607	0.5638646288209607	0.4672398085178404	0.5644116495650296	0.8058334803239195	0.7917553871913554	0.5585203530500803	0.47987935624360406
4	0.5638646288209607	0.5638646288209607	0.47317070651757626	0.5936042139175518	0.5638646288209607	0.5392151226548321	0.5638646288209607	0.5638646288209607	0.4750672842451379	0.5660919134752006	0.8158566492184868	0.7965632477652527	0.5747100410250252	0.4800523721288511
