Times	Accuary	p_micro	p_macro	p_weigh	r_micro	r_macro	r_weigh	F1_micro	F1_macro	F1_weigh	roc_micro	roc_macro	pr_micro	pr_macro
0	0.8081967213114755	0.8081967213114755	0.7389634705831406	0.8325715944988723	0.8081967213114755	0.8099950696965622	0.8081967213114755	0.8081967213114755	0.7625550194852114	0.8147157768911832	0.9471849463007754	0.9454098055880498	0.8749545766922084	0.8325542567679545
1	0.826775956284153	0.826775956284153	0.7579429694803741	0.8558123470039507	0.826775956284153	0.8205506812782932	0.826775956284153	0.826775956284153	0.773439472440512	0.8356811037302033	0.9539113340698936	0.9527360751146948	0.8903554746414339	0.8469237429651442
2	0.8136612021857923	0.8136612021857923	0.7344277009120111	0.8398587432403253	0.8136612021857923	0.8064425432895581	0.8136612021857923	0.8136612021857922	0.7575821743028666	0.8216055723777793	0.9532318074591657	0.9488696807747249	0.888127692011356	0.8320022612901404
3	0.8038251366120218	0.8038251366120218	0.7308206895588616	0.8321035244257841	0.8038251366120218	0.8135150075448583	0.8038251366120218	0.8038251366120219	0.7565543564154344	0.8115501652052421	0.9474367702827795	0.9479771082752309	0.87588509497555	0.8459172784939898
4	0.8136612021857923	0.8136612021857923	0.7557685829880569	0.8331159916133237	0.8136612021857923	0.8120277927180912	0.8136612021857923	0.8136612021857922	0.7761313557982575	0.8176905381586541	0.9530778265500115	0.9503145350332074	0.8866245926476451	0.8496230457600885
