Times	Accuary	p_micro	p_macro	p_weigh	r_micro	r_macro	r_weigh	F1_micro	F1_macro	F1_weigh	roc_micro	roc_macro	pr_micro	pr_macro
0	0.7617486338797814	0.7617486338797814	0.7171074534264087	0.7846642692190605	0.7617486338797814	0.7627626693858036	0.7617486338797814	0.7617486338797814	0.72979656992351	0.7635503474392635	0.9361524679745589	0.930219230521893	0.8568087627808623	0.8152879267339544
1	0.7404371584699454	0.7404371584699454	0.6917640015195045	0.7643523109807701	0.7404371584699454	0.7295025435883644	0.7404371584699454	0.7404371584699455	0.7015972303420024	0.7425161794453976	0.9301798102859645	0.9219442210604774	0.8433277336125026	0.7788069483872219
2	0.73224043715847	0.73224043715847	0.6814577677374375	0.7546690517487018	0.73224043715847	0.7189610319274499	0.73224043715847	0.73224043715847	0.6905343894922791	0.7347554954992972	0.9339765793743219	0.9262266537302123	0.8486720562808079	0.7956297720020785
3	0.7382513661202186	0.7382513661202186	0.6865944540412274	0.7709640288014329	0.7382513661202186	0.7501378243915557	0.7382513661202186	0.7382513661202186	0.7037345483076602	0.7426103395443231	0.926429972030617	0.9211183295295521	0.8368401067797638	0.7910752667368228
4	0.774863387978142	0.774863387978142	0.7257429534564285	0.7957455468342968	0.774863387978142	0.7770529858216426	0.774863387978142	0.7748633879781419	0.7425914154798842	0.7774400670972305	0.9366479042869797	0.9307638908010714	0.8595142908747926	0.8016244258637781
