Times	Accuary	Precision	Recall	MCC	AUROC	AUPR
0	0.763302752293578	0.9752293577981651	0.6849226804123711	0.5814149733191302	0.9848270347613836	0.9849622513784916
1	0.7646788990825688	0.9706422018348624	0.6874593892137751	0.5809349277275526	0.9850576550795388	0.985815382727303
2	0.7642201834862385	0.9853211009174312	0.683206106870229	0.5891751525528695	0.990445248716438	0.990230991966626
3	0.7422018348623853	0.9889908256880734	0.6621621621621622	0.5569768996511488	0.9916799932665601	0.9918816075811698
4	0.7435779816513761	0.9853211009174312	0.6641929499072357	0.5565258142129682	0.9921631175826952	0.9930845061330295
