Times	Accuary	p_micro	p_macro	p_weigh	r_micro	r_macro	r_weigh	F1_micro	F1_macro	F1_weigh	roc_micro	roc_macro	pr_micro	pr_macro
0	0.8524590163934426	0.8524590163934426	0.8360800392790101	0.862395233502983	0.8524590163934426	0.8605709254030149	0.8524590163934426	0.8524590163934426	0.8441823941899955	0.8519195896649835	0.975613684095275	0.9769016984427735	0.9409630850693588	0.9425192951904777
1	0.855191256830601	0.855191256830601	0.8499251723096356	0.8647790836892216	0.855191256830601	0.8631909894969597	0.855191256830601	0.855191256830601	0.852243398953797	0.8538898794147379	0.9740558591378263	0.9756320574269008	0.9375699735646923	0.94272495819122
2	0.8508196721311475	0.8508196721311475	0.815719185334358	0.8594140198284517	0.8508196721311475	0.8460699505475625	0.8508196721311475	0.8508196721311475	0.8271202078915298	0.8512920572651556	0.9715073108582919	0.9694430791270199	0.9337012516497176	0.9263020926424332
3	0.8622950819672132	0.8622950819672132	0.8488077608727903	0.8724128469937624	0.8622950819672132	0.8643046031105732	0.8622950819672132	0.8622950819672132	0.8528856110676856	0.8621047725962778	0.9730987787034548	0.9725360990923173	0.9345384642542338	0.9340855150145209
4	0.8579234972677595	0.8579234972677595	0.8491423285569789	0.868275268795695	0.8579234972677595	0.8679358462940553	0.8579234972677595	0.8579234972677595	0.8541444827178901	0.8569018335063726	0.976351389013308	0.9763929131010352	0.9430546204923793	0.9447037785444776
