Times	Accuary	p_micro	p_macro	p_weigh	r_micro	r_macro	r_weigh	F1_micro	F1_macro	F1_weigh	roc_micro	roc_macro	pr_micro	pr_macro
0	0.7953056768558951	0.7953056768558951	0.7319301617105723	0.8226315983978808	0.7953056768558951	0.7829046680676688	0.7953056768558951	0.795305676855895	0.7451526025912126	0.8005451662050802	0.9449451725113303	0.9426337751850431	0.8650169353398109	0.8089179974222319
1	0.8171397379912664	0.8171397379912664	0.7499515383599271	0.8396249337049704	0.8171397379912664	0.8186900909308608	0.8171397379912664	0.8171397379912664	0.7725907434633632	0.8229393488394872	0.9524819161851731	0.9514717064625937	0.8848439963192332	0.8408002362643735
2	0.8176855895196506	0.8176855895196506	0.7488281965824284	0.8400029600053445	0.8176855895196506	0.8182815119185897	0.8176855895196506	0.8176855895196506	0.7735780214190501	0.8232544169700317	0.9519389448777357	0.9505658941729856	0.8836752247537453	0.834133919850858
3	0.8220524017467249	0.8220524017467249	0.7564631889317521	0.8453847070246204	0.8220524017467249	0.8109544355371142	0.8220524017467249	0.8220524017467249	0.7704847129305368	0.8282637548136125	0.9507618283722025	0.9482712619626912	0.8808699702536126	0.8221478782762878
4	0.8122270742358079	0.8122270742358079	0.7391866146903087	0.8310080774561937	0.8122270742358079	0.8015260656904413	0.8122270742358079	0.8122270742358079	0.7625150879875104	0.8177278418487065	0.9510164796310775	0.9461301818578068	0.8831782004198612	0.8301275054641911
