Times	Accuary	Precision	Recall	MCC	AUROC	AUPR
0	0.8811926605504588	0.8174178762414056	0.981651376146789	0.7782553646005435	0.9253290968773672	0.8893679203789657
1	0.8678899082568807	0.7952871870397643	0.9908256880733946	0.759081792626819	0.9247916842016665	0.8860322035865742
2	0.863302752293578	0.7886297376093294	0.9926605504587156	0.7522157898643579	0.9209106977527145	0.878322439038018
3	0.8811926605504588	0.8208494208494208	0.9752293577981651	0.7762372936825814	0.9233448362932414	0.8809846740730369
4	0.8646788990825688	0.7899343544857768	0.9935779816513761	0.754873431898282	0.9213723592290212	0.8846413442364082
