Times	Accuary	Precision	Recall	MCC	AUROC	AUPR
0	0.5993604769976077	0.025984415276584398	0.6589030803906837	0.06574780966029635	0.6738731535440148	0.02882600495391971
1	0.7110606224530275	0.029391037598971936	0.5326821938392187	0.06820347719754302	0.6800037863123249	0.03145146136402049
2	0.5481385312608942	0.024323047858942067	0.6964688204357626	0.060993218589773905	0.6683646069710147	0.029338713146451787
3	0.5578395662783848	0.026398054880166725	0.7422990232907588	0.07494432713810141	0.6838641690834253	0.029128242032650284
4	0.572865952612788	0.02571071973374012	0.6964688204357626	0.0676882225344808	0.6758784800810528	0.028668300155310165
