Times	Accuary	p_micro	p_macro	p_weigh	r_micro	r_macro	r_weigh	F1_micro	F1_macro	F1_weigh	roc_micro	roc_macro	pr_micro	pr_macro
0	0.8381629305631493	0.8381629305631493	0.7785665566239492	0.8509438445793527	0.8381629305631493	0.8012090097616413	0.8381629305631493	0.8381629305631493	0.7859092167913334	0.8404148556050212	0.9560991270883026	0.9505684936479972	0.8956953268350868	0.8357198872802585
