Times	Accuary	p_micro	p_macro	p_weigh	r_micro	r_macro	r_weigh	F1_micro	F1_macro	F1_weigh	roc_micro	roc_macro	pr_micro	pr_macro
0	0.7972677595628416	0.7972677595628416	0.7058061299949819	0.8213507986215381	0.7972677595628416	0.7058108481615945	0.7972677595628416	0.7972677595628416	0.6891540190974228	0.7985270183261851	0.9355814346999511	0.9298948389535326	0.8476094101891423	0.7151653841232283
1	0.7983606557377049	0.7983606557377049	0.7004023125289289	0.8224572154117323	0.7983606557377049	0.7100582858978381	0.7983606557377049	0.7983606557377049	0.6970336267637869	0.8020192696044529	0.9329712243821355	0.923817977673723	0.8461356518260703	0.6967350388508143
2	0.7841530054644809	0.7841530054644809	0.7112833546774631	0.8258627853583348	0.7841530054644809	0.706282775312626	0.7841530054644809	0.7841530054644809	0.6570163984151639	0.7800474353709548	0.9324217404719958	0.9283339179816575	0.8404628707499736	0.7046459217340658
3	0.7934426229508197	0.7934426229508197	0.6786372897758072	0.8043827142106174	0.7934426229508197	0.675449329926942	0.7934426229508197	0.7934426229508197	0.6725826728038111	0.7937216346557551	0.9366318293569031	0.9286352542680127	0.8504078494394415	0.7165078174498298
4	0.8032786885245902	0.8032786885245902	0.7088823857302118	0.8286155168977692	0.8032786885245902	0.7244310541885168	0.8032786885245902	0.8032786885245902	0.7013848211851306	0.8064968525049057	0.9363610936924562	0.9253051601270252	0.8516518524231711	0.7141879836190147
