Times	Accuary	p_micro	p_macro	p_weigh	r_micro	r_macro	r_weigh	F1_micro	F1_macro	F1_weigh	roc_micro	roc_macro	pr_micro	pr_macro
0	0.75	0.75	0.7041868629759718	0.7752143883869277	0.75	0.7659729775548707	0.75	0.75	0.7216043720280718	0.7519115742579894	0.9314854530964958	0.9270316605047582	0.8459041738648969	0.8150613918642333
1	0.773471615720524	0.773471615720524	0.731867175457227	0.7950496517273257	0.773471615720524	0.7769390787851118	0.773471615720524	0.773471615720524	0.7449994975891627	0.7746778265168208	0.9397252686352281	0.9354658475198311	0.866040247369841	0.8212955159540388
2	0.7494541484716157	0.7494541484716157	0.7131166883097402	0.7796886914907826	0.7494541484716157	0.7599694817634723	0.7494541484716157	0.7494541484716157	0.7244297453236074	0.7515959421704255	0.9335920864241084	0.9277819699524024	0.8501376615694248	0.8093838178456192
3	0.7467248908296943	0.7467248908296943	0.6989410176190402	0.7730655758386669	0.7467248908296943	0.7480692858245882	0.7467248908296943	0.7467248908296943	0.7132532530505723	0.7501737422924151	0.9331163037191001	0.9256624509871989	0.8509590045817358	0.800250365974077
4	0.756004366812227	0.756004366812227	0.7050966027938705	0.7830275850870038	0.756004366812227	0.7699077011478819	0.756004366812227	0.756004366812227	0.7242643854036259	0.7598227064516933	0.9371444416900263	0.932450481624049	0.8586207853438432	0.8151323570735554
