Times	Accuary	p_micro	p_macro	p_weigh	r_micro	r_macro	r_weigh	F1_micro	F1_macro	F1_weigh	roc_micro	roc_macro	pr_micro	pr_macro
0	0.8611262985237835	0.8611262985237835	0.8515701527982755	0.8706966667061969	0.8611262985237835	0.8631959026695868	0.8611262985237835	0.8611262985237834	0.8535871425945168	0.860171523523114	0.9743637802677495	0.9744458351248644	0.9381626248168168	0.9380037991575108
1	0.8370694368507381	0.8370694368507381	0.8260643336580571	0.8476796617751309	0.8370694368507381	0.8447195786011575	0.8370694368507381	0.8370694368507381	0.8306010278633604	0.835507314966836	0.9698587735034138	0.9676855677857124	0.9279762303747655	0.9255590179369049
2	0.8490978676872608	0.8490978676872608	0.8418149063436935	0.8594322081696253	0.8490978676872608	0.8628477631767106	0.8490978676872608	0.8490978676872608	0.8474127499996802	0.8476084167921927	0.9719143802593994	0.9731926588543431	0.9314919772507637	0.9393127517672841
3	0.8512848551120831	0.8512848551120831	0.8457516536578678	0.8612146234279667	0.8512848551120831	0.866560545507914	0.8512848551120831	0.8512848551120831	0.8516569331412563	0.8500192857728923	0.9741003712438057	0.9726826630055154	0.9367391607705665	0.9427287241039382
4	0.8507381082558775	0.8507381082558775	0.8341531553126854	0.8603500449411808	0.8507381082558775	0.8575965533202374	0.8507381082558775	0.8507381082558775	0.8418598215198534	0.8501780316739703	0.9728090841088379	0.9720731309711493	0.933958787920954	0.933961585289569
