Times	Accuary	p_micro	p_macro	p_weigh	r_micro	r_macro	r_weigh	F1_micro	F1_macro	F1_weigh	roc_micro	roc_macro	pr_micro	pr_macro
0	0.8569868995633187	0.8569868995633187	0.8490932038285788	0.8649858487885936	0.8569868995633187	0.8686656964838426	0.8569868995633187	0.8569868995633189	0.8554329221810133	0.8562028293578458	0.9743395653369183	0.9743907950281371	0.9381226470155251	0.9408399513310282
1	0.8542576419213974	0.8542576419213974	0.8560629568028165	0.8632953612739319	0.8542576419213974	0.8658975422035122	0.8542576419213974	0.8542576419213974	0.8573500919162549	0.8534358588618344	0.9729093370009472	0.9740665745097272	0.9319000873901058	0.9402840913589445
2	0.8493449781659389	0.8493449781659389	0.8447453266758627	0.862158041580368	0.8493449781659389	0.8573444490323909	0.8493449781659389	0.8493449781659389	0.8457519407922534	0.8485161586021644	0.9734804152921059	0.9746782827779704	0.9360835062912017	0.9419684516522033
3	0.851528384279476	0.851528384279476	0.851566004425047	0.8598811600785957	0.851528384279476	0.8629435621040098	0.851528384279476	0.851528384279476	0.8537838890184728	0.850739222436196	0.9719980946841849	0.9723387362216745	0.9324755270968317	0.9375233016139799
4	0.8700873362445415	0.8700873362445415	0.8526971598372329	0.878548905239517	0.8700873362445415	0.8800429644400579	0.8700873362445415	0.8700873362445414	0.8625605550065026	0.8694772438451646	0.978722367756145	0.980382858253249	0.9483603051314063	0.9556175624270349
