Times	Accuary	Precision	Recall	MCC	AUROC	AUPR
0	0.705045871559633	0.8532110091743119	0.6581740976645435	0.42937698311303496	0.9228903290968773	0.9332247026156363
1	0.7385321100917431	0.8275229357798165	0.7024922118380063	0.48480470606859544	0.9158378924332969	0.9229091510187608
2	0.726605504587156	0.8064220183486238	0.6954113924050633	0.4590982899587145	0.908130628734955	0.9140153608861326
3	0.728440366972477	0.8119266055045872	0.6957547169811321	0.4633859512029417	0.9051637067586904	0.9133807669163947
4	0.7197247706422019	0.8394495412844036	0.6772760917838638	0.4526166997300002	0.9171820553825435	0.9249594896278504
