Times	Accuary	p_micro	p_macro	p_weigh	r_micro	r_macro	r_weigh	F1_micro	F1_macro	F1_weigh	roc_micro	roc_macro	pr_micro	pr_macro
0	0.8160480349344978	0.8160480349344978	0.7251309520345908	0.8355828254997396	0.8160480349344978	0.7134977804410247	0.8160480349344978	0.8160480349344978	0.7035107013665143	0.814815884080063	0.9488614287961709	0.9426936352715072	0.8767549178711969	0.7334747038697641
1	0.8258733624454149	0.8258733624454149	0.7624020342094004	0.8620352495799337	0.8258733624454149	0.7437257034664734	0.8258733624454149	0.8258733624454149	0.7097155647186412	0.8225836473316867	0.951945599181302	0.9438712848110716	0.8818577381966407	0.7536401336144574
2	0.8302401746724891	0.8302401746724891	0.75105396558158	0.8489548436661538	0.8302401746724891	0.7479153518283526	0.8302401746724891	0.8302401746724891	0.7249333502125498	0.8271027534367978	0.9482912940256669	0.9460700240736374	0.8753131396844358	0.7584580971296743
3	0.8291484716157205	0.8291484716157205	0.740819646831318	0.84729825963909	0.8291484716157205	0.7542101402568802	0.8291484716157205	0.8291484716157206	0.7367631330633941	0.8314367147170615	0.9502342016901533	0.9441072217067713	0.8816935516561086	0.7635341183581725
4	0.8329694323144105	0.8329694323144105	0.7427762483493363	0.8450266376132276	0.8329694323144105	0.7460973081063419	0.8329694323144105	0.8329694323144105	0.7380544908846761	0.8339011902679865	0.9480954390012905	0.9462973262230618	0.8767352475154101	0.7736017081141509
