Times	Accuary	Precision	Recall	MCC	AUROC	AUPR
0	0.7220183486238532	0.7972477064220184	0.6929824561403509	0.4491496856418353	0.8910403164716775	0.8973169613679363
1	0.7165137614678899	0.7825688073394496	0.6912479740680713	0.43685654889582526	0.8960685127514518	0.9052980718522832
2	0.7307339449541285	0.789908256880734	0.7063166529942576	0.4647339911507758	0.9015150239878797	0.911154259276009
3	0.7270642201834863	0.8211009174311926	0.6911196911196911	0.4623796153704907	0.9109258479925932	0.9178666894252755
4	0.7114678899082569	0.8394495412844036	0.6683710737764792	0.4375107960928479	0.9201759111185928	0.9354810890939949
