Times	Accuary	Precision	Recall	MCC	AUROC	AUPR
0	0.7128440366972477	0.718348623853211	0.7105263157894737	0.4257138728454282	0.8839197037286424	0.8973879955634241
1	0.7169724770642202	0.7642201834862385	0.6982397317686505	0.43589545684024383	0.8924139382206886	0.9027720339324191
2	0.7229357798165138	0.8577981651376146	0.6755780346820809	0.4630327296014171	0.9229357798165139	0.9329126499389301
3	0.7201834862385321	0.8247706422018348	0.6820940819423369	0.45032898346259487	0.9050761720393906	0.907882586322624
4	0.7353211009174312	0.8146788990825689	0.7030878859857482	0.4766844906455464	0.9158151670734787	0.9310138586288885
