Times	Accuary	p_micro	p_macro	p_weigh	r_micro	r_macro	r_weigh	F1_micro	F1_macro	F1_weigh	roc_micro	roc_macro	pr_micro	pr_macro
0	0.5915800984144342	0.5915800984144342	0.4985237866595079	0.6288764382712295	0.5915800984144342	0.552120353436143	0.5915800984144342	0.5915800984144342	0.48809000531704116	0.592602299933891	0.8250351270157616	0.8040566059234892	0.5978113624997444	0.4921794118572965
1	0.576271186440678	0.576271186440678	0.49517837375549345	0.6050462015430643	0.576271186440678	0.5460923799739589	0.576271186440678	0.576271186440678	0.5002865165329301	0.5785407831319748	0.8160557042078581	0.7951012642602624	0.5626089266202096	0.4705897224640959
2	0.5779114270092947	0.5779114270092947	0.49156672195779394	0.6196755017446196	0.5779114270092947	0.5534119645961751	0.5779114270092947	0.5779114270092947	0.48948596235454794	0.5814949530887155	0.8206875578371384	0.7986221220060848	0.5874601486332742	0.5041880535640456
3	0.5921268452706397	0.5921268452706397	0.5081890105550819	0.627347825803266	0.5921268452706397	0.5597929696613907	0.5921268452706397	0.5921268452706397	0.5110632461275344	0.5978438084605806	0.8240264303827438	0.8019977190493073	0.5844618632742604	0.48652533570887924
4	0.5768179332968836	0.5768179332968836	0.4811474352502262	0.6109512742731618	0.5768179332968836	0.5461797323639429	0.5768179332968836	0.5768179332968836	0.48192441399480845	0.5803125675400489	0.8181153465475282	0.8044533010875528	0.5768356851276207	0.4972484413976943
