Times	Accuary	Precision	Recall	MCC	AUROC	AUPR
0	0.8752293577981651	0.8020679468242246	0.9963302752293578	0.7734886544433476	0.9464165474286677	0.929204382419601
1	0.8839449541284403	0.8206896551724138	0.9825688073394495	0.7832784454794537	0.9486953960104368	0.9340176866323533
2	0.8876146788990825	0.8382706164931946	0.9605504587155963	0.7836112263787912	0.9439550542883595	0.9213084484091024
3	0.8752293577981651	0.8002936857562408	1.0	0.7749757231762049	0.9456358892349129	0.9304630345086549
4	0.8935779816513761	0.8367346938775511	0.9779816513761468	0.7986168608228812	0.9498325056813399	0.9323951506579199
