Times	Accuary	Precision	Recall	MCC	AUROC	AUPR
0	0.661889643229134	0.02861235583633292	0.6109803921568627	0.07241149517433919	0.6832858766115232	0.03109049840141203
1	0.5719879026691932	0.02497250998321662	0.6768627450980392	0.06257439438406419	0.6680048071873753	0.028591432286815984
2	0.6010265162448079	0.028023507578100834	0.7105882352941176	0.07917342547487809	0.6875773215984349	0.02796810373378115
3	0.5827926763462046	0.02507501708309813	0.6619607843137255	0.06184766647300677	0.667613565550691	0.026114690939032393
4	0.6436809015272252	0.025609628100619248	0.5741176470588235	0.05727559637025994	0.6712796360701092	0.028918966931991703
