Times	Accuary	p_micro	p_macro	p_weigh	r_micro	r_macro	r_weigh	F1_micro	F1_macro	F1_weigh	roc_micro	roc_macro	pr_micro	pr_macro
0	0.8108255877528704	0.8108255877528704	0.7451731082683155	0.8462965956365724	0.8108255877528704	0.7202229014729015	0.8108255877528704	0.8108255877528704	0.6775374411918016	0.8026545879835503	0.9495178374293511	0.9380142175313678	0.8746344750699466	0.7222016245353916
1	0.8190267905959541	0.8190267905959541	0.7218512175331806	0.8278521339519695	0.8190267905959541	0.730667509614878	0.8190267905959541	0.8190267905959541	0.7212721390185035	0.8207378232141704	0.9424125695776976	0.9389837867466254	0.8626640722877309	0.7396334735644806
2	0.825587752870421	0.825587752870421	0.7545078888560721	0.8524887568283807	0.825587752870421	0.7632387086334455	0.825587752870421	0.825587752870421	0.7349679370557761	0.8271504611348034	0.9411724496580864	0.9381182327882082	0.8621676413848068	0.7576199282789835
3	0.8244942591580099	0.8244942591580099	0.7456557458177273	0.8460203800272926	0.8244942591580099	0.7584238373712058	0.8244942591580099	0.8244942591580099	0.7362224151987005	0.8269096921132483	0.9508549608234504	0.9429049648194829	0.8795528039360417	0.7622438394458037
4	0.8266812465828322	0.8266812465828322	0.7552369515554576	0.8324993529492042	0.8266812465828322	0.7135339286655076	0.8266812465828322	0.8266812465828322	0.7265777199861511	0.8234261932937652	0.9493809265162063	0.9424248560793221	0.8788167823803653	0.7772568730481435
