Times	Accuary	Precision	Recall	MCC	AUROC	AUPR
0	0.7422018348623853	0.9871559633027523	0.6625615763546798	0.5556528091349271	0.9919602727043177	0.9929445199592258
1	0.7729357798165137	0.9733944954128441	0.6948264571054354	0.5958553684798009	0.9857629829138961	0.9863358799409244
2	0.7752293577981652	0.9256880733944954	0.7115655853314528	0.5772123960279023	0.9688620486491037	0.9682653057457609
3	0.7646788990825688	0.9688073394495413	0.6879478827361564	0.5798848544851626	0.978904132648767	0.9773280254661905
4	0.7504587155963303	0.9880733944954129	0.6697761194029851	0.5693136623452589	0.9886794040905648	0.9881137712860886
