Times	Accuary	Precision	Recall	MCC	AUROC	AUPR
0	0.7527522935779817	0.9834862385321101	0.6729441305712492	0.5698029066724108	0.9845534887635722	0.985304961117199
1	0.7522935779816514	0.9844036697247707	0.6723057644110275	0.5696916085535993	0.9910386331116909	0.991735458108394
2	0.7573394495412844	0.9532110091743119	0.6849044166117337	0.5593882073959936	0.9777072636983419	0.9785369916517803
3	0.7752293577981652	0.9642201834862385	0.699733688415446	0.5945678707664014	0.9770616951435065	0.9774433986906252
4	0.7623853211009174	0.9853211009174312	0.6814720812182741	0.5862724048073433	0.9871879471424965	0.9872434946571511
