Times	Accuary	p_micro	p_macro	p_weigh	r_micro	r_macro	r_weigh	F1_micro	F1_macro	F1_weigh	roc_micro	roc_macro	pr_micro	pr_macro
0	0.805464480874317	0.805464480874317	0.7178255875089139	0.829952056621065	0.805464480874317	0.7307806874038217	0.805464480874317	0.805464480874317	0.6978275468243689	0.8051558978349737	0.9445292484099257	0.9377906327470288	0.8684003626370858	0.7343351478847786
1	0.8076502732240437	0.8076502732240437	0.7120668648938301	0.8343644183622834	0.8076502732240437	0.7363007597149388	0.8076502732240437	0.8076502732240437	0.7079544641292328	0.8117266455679393	0.942145878746255	0.9335365903115247	0.8621124044934015	0.7213166382230594
2	0.8038251366120218	0.8038251366120218	0.7127243166247829	0.8312623346096203	0.8038251366120218	0.7316693559230872	0.8038251366120218	0.8038251366120219	0.691658675024488	0.8025931073815261	0.9399669543233102	0.9377418189809188	0.860502993554759	0.745613386361587
3	0.8	0.8	0.7020798809532901	0.8177097235493572	0.8	0.7121239709859113	0.8	0.8000000000000002	0.6880902667063683	0.7990013534465419	0.9409286631431216	0.9337930814223013	0.8645366106484234	0.7353173939699666
4	0.8065573770491803	0.8065573770491803	0.7203925083984819	0.8384461980622844	0.8065573770491803	0.7310111417387537	0.8065573770491803	0.8065573770491803	0.6902959299723601	0.8065112052948453	0.9403396140026077	0.9351616081268002	0.8607483216410581	0.7373114897982065
