Times	Accuary	Precision	Recall	MCC	AUROC	AUPR
0	0.8770642201834863	0.81089258698941	0.9834862385321101	0.7718136339558457	0.9379332547765339	0.9159167406885012
1	0.8830275229357798	0.819433817903596	0.9825688073394495	0.7817026060942719	0.9406039053951689	0.9191049239350516
2	0.8623853211009175	0.7845821325648416	0.9990825688073395	0.7534765966052833	0.9402482955980136	0.9191410326890138
3	0.8541284403669724	0.7809315866084425	0.9844036697247707	0.7335950852047198	0.9286966585304267	0.9081158566225302
4	0.8646788990825688	0.7916360968451944	0.9899082568807339	0.7533697403722277	0.9353261509973908	0.9131133445419239
