Times	Accuary	Precision	Recall	MCC	AUROC	AUPR
0	0.8958715596330276	0.8580912863070539	0.9486238532110092	0.796186784016179	0.9323545997811632	0.8966893827200997
1	0.8917431192660551	0.8310077519379845	0.9834862385321101	0.7970177844082329	0.9322586482619308	0.8922328924703825
2	0.8944954128440367	0.8434504792332268	0.9688073394495413	0.7978519277277116	0.9333141149734869	0.9028175169624435
3	0.8917431192660551	0.8576214405360134	0.9394495412844037	0.7870770511311799	0.9346330275229358	0.8989474513249645
4	0.8917431192660551	0.8454692556634305	0.9587155963302753	0.7906106097860638	0.9353328844373368	0.9045683432494787
