Times	Accuary	Precision	Recall	MCC	AUROC	AUPR
0	0.9018348623853211	0.8590163934426229	0.9614678899082569	0.8094472916952573	0.9518348623853211	0.9363608318117047
1	0.8986238532110091	0.8429360694554064	0.9798165137614679	0.8079715712369832	0.9504048480767612	0.933075848144021
2	0.8834862385321101	0.8157099697885196	0.9908256880733946	0.7852815655868111	0.946507869707937	0.9259730204586737
3	0.8954128440366973	0.8664965986394558	0.9348623853211009	0.7932987108748626	0.9494512246443904	0.9315727026618286
4	0.8834862385321101	0.8291338582677166	0.9660550458715597	0.7776491843190682	0.9447352916421177	0.9265696182276383
