Times	Accuary	Precision	Recall	MCC	AUROC	AUPR
0	0.9513951395139514	0.0	0.0	-0.013049188221630648	0.49952874646559847	0.04512635379061372
