Times	Accuary	Precision	Recall	MCC	AUROC	AUPR
0	0.32171387073347857	0.051440329218107	0.8064516129032258	0.04792603702305534	0.6023610940758003	0.08569780082774847
1	0.6942628903413217	0.07159904534606205	0.4838709677419355	0.08475207177695979	0.626082423647737	0.13882212020909995
2	0.6223674655047204	0.054474708171206226	0.45161290322580644	0.035168236063449244	0.5660615724273274	0.0561015667423296
3	0.6332607116920842	0.05788423153692615	0.46774193548387094	0.046896771102968006	0.6040046608610328	0.06541971733107384
4	0.7676107480029049	0.08653846153846154	0.43548387096774194	0.10835832712449558	0.6484852201643567	0.1229294579753813
