Times	Accuary	Precision	Recall	MCC	AUROC	AUPR
0	0.6178396072013094	0.05411255411255411	0.45454545454545453	0.03423880214199166	0.6013087169899509	0.0639779155677787
1	0.367430441898527	0.053482587064676616	0.7818181818181819	0.05668960990551725	0.6128768403832672	0.06700076228384313
2	0.353518821603928	0.05128205128205128	0.7636363636363637	0.043139910160001564	0.6274674768248033	0.0817999150139727
3	0.5646481178396072	0.05420560747663551	0.5272727272727272	0.03914886463773507	0.6031783126898808	0.07376760375164226
4	0.6644844517184942	0.04834605597964377	0.34545454545454546	0.011085191730718206	0.551429461712238	0.0580321341442666
