Times	Accuary	Precision	Recall	MCC	AUROC	AUPR
0	0.3195319531953195	0.04974489795918367	0.78	0.03540546324628483	0.5276154571159284	0.057037215959758254
1	0.23942394239423942	0.044673539518900345	0.78	-0.0030575019163081698	0.5217813383600377	0.05733502214172443
2	0.4977497749774977	0.05749128919860627	0.66	0.06227173019100123	0.5962959472196041	0.068326213202928
3	0.45184518451845185	0.048465266558966075	0.6	0.018724334331245162	0.557502356267672	0.05733220501181241
4	0.43474347434743477	0.04984423676012461	0.64	0.027313298908876696	0.5572384542884071	0.0562362703707855
