Times	Accuary	Precision	Recall	MCC	AUROC	AUPR
0	0.8647058823529412	0.8729411764705882	0.8587962962962963	0.7295107223530023	0.9353522491349481	0.9308805553058925
1	0.8905882352941177	0.9247058823529412	0.8656387665198237	0.7830014464058441	0.9571044982698962	0.9532747411327404
2	0.8564705882352941	0.8682352941176471	0.8482758620689655	0.7131386124135785	0.9409217993079585	0.9437154296405112
3	0.8694117647058823	0.9247058823529412	0.8326271186440678	0.7433832115596698	0.9509204152249134	0.938814801385073
4	0.8764705882352941	0.8823529411764706	0.872093023255814	0.7529932885360187	0.9498685121107266	0.9527099132197665
