Times	Accuary	p_micro	p_macro	p_weigh	r_micro	r_macro	r_weigh	F1_micro	F1_macro	F1_weigh	roc_micro	roc_macro	pr_micro	pr_macro
0	0.945273631840796	0.945273631840796	0.9056894409937888	0.9453080765942544	0.945273631840796	0.8775132275132276	0.945273631840796	0.945273631840796	0.889456042285919	0.9449554639778291	0.9912437707812513	0.9844753437338426	0.9780187080997033	0.9388567760119815
1	0.9552238805970149	0.9552238805970149	0.9543247353007434	0.9552940187550646	0.9552238805970149	0.9147486772486773	0.9552238805970149	0.9552238805970149	0.9324133452842975	0.9549106887514085	0.9933775876009668	0.9857200779873792	0.9836871970273169	0.9599140264392276
2	0.9527363184079602	0.9527363184079602	0.9046150862904789	0.9537039931233883	0.9527363184079602	0.8767857142857143	0.9527363184079602	0.9527363184079602	0.8833344409002304	0.9522503114411992	0.9930797917543295	0.9840761417333068	0.9841980726765135	0.9344285722969777
3	0.9490049751243781	0.9490049751243781	0.9387150715181743	0.9490625361250878	0.9490049751243781	0.8913359788359788	0.9490049751243781	0.9490049751243781	0.9119466581724318	0.9485862526824838	0.9913551541628508	0.9767160250184767	0.9793036426971766	0.9349118414794528
4	0.9527363184079602	0.9527363184079602	0.9405038560411311	0.9526225087075334	0.9527363184079602	0.8624999999999999	0.9527363184079602	0.9527363184079602	0.8965846649236531	0.952067697088188	0.9930746351162925	0.9865265497739248	0.9838132001942175	0.9430073886835171
