Times	Accuary	p_micro	p_macro	p_weigh	r_micro	r_macro	r_weigh	F1_micro	F1_macro	F1_weigh	roc_micro	roc_macro	pr_micro	pr_macro
0	0.9202988792029888	0.9202988792029888	0.8755061052797494	0.9211764286136611	0.9202988792029888	0.9114417989417989	0.9202988792029888	0.9202988792029888	0.8922026002712187	0.9203917835905233	0.987812928582986	0.9772858580371755	0.9706484026049451	0.9421135373870935
1	0.9066002490660025	0.9066002490660025	0.8368536472760849	0.9075115885311723	0.9066002490660025	0.8310185185185186	0.9066002490660025	0.9066002490660025	0.8326042504360526	0.9064622955142801	0.985633471823956	0.9734327717538807	0.9642771892646212	0.8903164877978599
2	0.9103362391033624	0.9103362391033624	0.8764812028503959	0.9116640664713144	0.9103362391033624	0.8416005291005291	0.9103362391033624	0.9103362391033624	0.8575222121008177	0.9096413521159002	0.985237747405304	0.9760045840036848	0.9632180537017969	0.9013373541544694
3	0.9153175591531756	0.9153175591531756	0.8856271043771042	0.9162741990263783	0.9153175591531756	0.8851190476190477	0.9153175591531756	0.9153175591531756	0.8851119199176488	0.9153041381263823	0.9855802260824522	0.9786314192896813	0.963018945904826	0.9395533515366306
4	0.912826899128269	0.912826899128269	0.8339291194323266	0.9158777686046338	0.912826899128269	0.851521164021164	0.912826899128269	0.912826899128269	0.8395127126761952	0.9134885613327353	0.986979606881004	0.974244406140226	0.9687902016263324	0.903817489741179
