Times	Accuary	p_micro	p_macro	p_weigh	r_micro	r_macro	r_weigh	F1_micro	F1_macro	F1_weigh	roc_micro	roc_macro	pr_micro	pr_macro
0	0.8430884184308842	0.8430884184308842	0.6920226241176989	0.8568005981801163	0.8430884184308842	0.8177248677248677	0.8430884184308842	0.8430884184308842	0.7377188737281397	0.8474666980143448	0.9690099445468864	0.9585427757823515	0.9238608786071085	0.8663457129534737
1	0.8704856787048568	0.8704856787048568	0.7283101965422407	0.8767320398289897	0.8704856787048568	0.8139550264550266	0.8704856787048568	0.8704856787048568	0.7640885159227551	0.8725688169218543	0.980945778775834	0.9731918020397715	0.9506608635338909	0.8785765610677355
2	0.8655043586550436	0.8655043586550436	0.7100040884621205	0.8915476551937483	0.8655043586550436	0.8672619047619048	0.8655043586550436	0.8655043586550436	0.7593345575034451	0.8685958635070855	0.9739674849451543	0.9722067347103158	0.9388646013228532	0.8866022247997901
3	0.8792029887920298	0.8792029887920298	0.7610971655749186	0.8825221033122659	0.8792029887920298	0.8197089947089947	0.8792029887920298	0.8792029887920298	0.7863071503247396	0.8804148929157793	0.9808098212028677	0.9706603796078609	0.9483412424489133	0.8790569902164402
4	0.8866749688667497	0.8866749688667497	0.767709923023878	0.8920331428345418	0.8866749688667497	0.8613095238095239	0.8866749688667497	0.8866749688667497	0.8069931715349712	0.8884309018165514	0.9825229900120295	0.9751892258266028	0.9554284495642974	0.9003785623140682
