Times	Accuary	Precision	Recall	MCC	AUROC	AUPR
0	0.6721999868775015	0.05	0.5723981900452488	0.08822071057003476	0.6851387781796434	0.05436295949203382
