Times	Accuary	Precision	Recall	MCC	AUROC	AUPR
0	0.5	nan	0.0	nan	0.6667465670391677	0.6352081254362466
1	0.6279342723004695	0.7056603773584905	0.43896713615023475	0.27636593480726346	0.7467433710242677	0.7395726469596118
2	0.6326291079812206	0.6547945205479452	0.5610328638497653	0.26802020229349277	0.6851952875311337	0.6662701659511838
3	0.5234741784037559	0.6851851851851852	0.08685446009389672	0.09634555216934666	0.6687165244991073	0.6375582963792585
4	0.5328638497652582	0.7	0.11502347417840375	0.11967560586596665	0.6821260111529899	0.6415112096670762
