Times	Accuary	p_micro	p_macro	p_weigh	r_micro	r_macro	r_weigh	F1_micro	F1_macro	F1_weigh	roc_micro	roc_macro	pr_micro	pr_macro
0	0.572851805728518	0.572851805728518	0.3976494704307426	0.6365802628873122	0.572851805728518	0.5194444444444445	0.572851805728518	0.572851805728518	0.40203257727529573	0.5844325112312877	0.8025751294827874	0.7908880417316826	0.5816835628916993	0.5398592772791851
1	0.5815691158156912	0.5815691158156912	0.4153787154582421	0.6675336747817997	0.5815691158156912	0.5068783068783069	0.5815691158156912	0.5815691158156912	0.41836176327734764	0.6124365074559331	0.8047256371008056	0.8056439521931931	0.5952283451212408	0.5623365419560609
2	0.6301369863013698	0.6301369863013698	0.4396050863044708	0.6806829141004199	0.6301369863013698	0.5531084656084656	0.6301369863013698	0.6301369863013698	0.4589830085972546	0.6477323860800132	0.8295252289179172	0.8169118316442191	0.63888021131781	0.5800513408838375
3	0.5753424657534246	0.5753424657534246	0.40311406444325215	0.6558667792319871	0.5753424657534246	0.512169312169312	0.5753424657534246	0.5753424657534246	0.4087853956013096	0.6067456899153656	0.7873091101395917	0.7986932636743127	0.5780871980859217	0.5575581853157442
4	0.5317559153175592	0.5317559153175592	0.35241723458591623	0.5841256270185373	0.5317559153175592	0.49550264550264556	0.5317559153175592	0.5317559153175592	0.3601783257035095	0.5455507244950081	0.8146748365278195	0.7895083058305283	0.5634814880576589	0.5396074561134474
