Times	Accuary	Precision	Recall	MCC	AUROC	AUPR
0	0.5976470588235294	0.654275092936803	0.41411764705882353	0.20994903663018724	0.6837148788927336	0.6796913226504239
1	0.6164705882352941	0.5831932773109244	0.8164705882352942	0.25415966039250876	0.6773342560553633	0.6682405611035482
2	0.611764705882353	0.5703703703703704	0.9058823529411765	0.276409327632257	0.6548346020761246	0.6469699964162301
3	0.5705882352941176	0.5455927051671733	0.8447058823529412	0.1688059262273789	0.6258795847750865	0.6082361204558047
4	0.5	nan	0.0	nan	0.7161162629757785	0.7064063574702965
