Times	Accuary	p_micro	p_macro	p_weigh	r_micro	r_macro	r_weigh	F1_micro	F1_macro	F1_weigh	roc_micro	roc_macro	pr_micro	pr_macro
0	0.7139303482587065	0.7139303482587065	0.5188977980282532	0.7877067965302154	0.7139303482587065	0.649074074074074	0.7139303482587065	0.7139303482587066	0.5319812634473513	0.7269942756282615	0.8595027557073669	0.8653012916724698	0.7135863389292035	0.6178648028067729
1	0.6455223880597015	0.6455223880597015	0.4653305243155601	0.7142524851345096	0.6455223880597015	0.5704365079365079	0.6455223880597015	0.6455223880597015	0.4787810945704995	0.6666878461321346	0.8477487149658012	0.840276269010406	0.6649130053111076	0.618986698352053
2	0.6019900497512438	0.6019900497512438	0.45162911739705663	0.7279939640211157	0.6019900497512438	0.5533068783068783	0.6019900497512438	0.6019900497512438	0.4117011413493863	0.5851136395853248	0.8305348258706468	0.8359975692854192	0.6319606524090109	0.5840625467656647
3	0.7189054726368159	0.7189054726368159	0.4973700262364711	0.7694440264559544	0.7189054726368159	0.5987433862433862	0.7189054726368159	0.7189054726368158	0.515845086136427	0.7368759658798401	0.8728228674207733	0.8589580905255073	0.7322010745452998	0.6341880630160328
4	0.681592039800995	0.681592039800995	0.4644952244381789	0.7392839209744704	0.681592039800995	0.5974867724867725	0.681592039800995	0.681592039800995	0.4707318088147059	0.6996590265471923	0.8438729858171827	0.8402679698323946	0.6741157209945143	0.5772087669550076
