Times	Accuary	p_micro	p_macro	p_weigh	r_micro	r_macro	r_weigh	F1_micro	F1_macro	F1_weigh	roc_micro	roc_macro	pr_micro	pr_macro
0	0.6699875466998755	0.6699875466998755	0.48690613083712	0.7612691539970466	0.6699875466998755	0.6268518518518518	0.6699875466998755	0.6699875466998755	0.49761848059061686	0.6994385338144615	0.8766559813319397	0.8302681807012017	0.6670275683856156	0.5071580768776482
1	0.6251556662515566	0.6251556662515566	0.44795889049620385	0.7199315706369477	0.6251556662515566	0.5772486772486772	0.6251556662515566	0.6251556662515566	0.4535777136211628	0.660528141456778	0.8530846602120421	0.8145383748356554	0.62157935625547	0.4537757670519155
2	0.6749688667496887	0.6749688667496887	0.49272838938492436	0.7498269939495285	0.6749688667496887	0.5628306878306878	0.6749688667496887	0.6749688667496887	0.49130137875982105	0.7038228126813879	0.8524886180765673	0.8022104900339881	0.6273974746265278	0.4513972776983464
3	0.6724782067247821	0.6724782067247821	0.47395753236079796	0.7652620198656214	0.6724782067247821	0.5916666666666667	0.6724782067247821	0.6724782067247821	0.4766712165514183	0.7077994333742402	0.8538719734577733	0.8206516163561448	0.6168567415359307	0.45431621997524463
4	0.6027397260273972	0.6027397260273972	0.46127980541627556	0.7520135387480094	0.6027397260273972	0.6234126984126984	0.6027397260273973	0.6027397260273972	0.45078903185969293	0.655295572067747	0.8280896616931008	0.8108876738474353	0.5714404204869126	0.45544674777445815
