Times	Accuary	p_micro	p_macro	p_weigh	r_micro	r_macro	r_weigh	F1_micro	F1_macro	F1_weigh	roc_micro	roc_macro	pr_micro	pr_macro
0	0.925280199252802	0.925280199252802	0.8859180437902143	0.9249166652687473	0.925280199252802	0.864616402116402	0.925280199252802	0.925280199252802	0.8745843636911376	0.9250030389214708	0.982281574853949	0.9485881862521048	0.9607106269136619	0.8831817760237466
1	0.9315068493150684	0.9315068493150684	0.9294595580679501	0.9319338129498638	0.9315068493150684	0.8818783068783069	0.9315068493150684	0.9315068493150684	0.9028483445456893	0.9313629822302117	0.9858231920873727	0.961197212897878	0.9682360927155101	0.9063378285029848
2	0.9178082191780822	0.9178082191780822	0.9389669693241123	0.9187024378805201	0.9178082191780822	0.8713624338624337	0.9178082191780822	0.9178082191780822	0.9005174625596379	0.9176070586303853	0.9861690309326742	0.967296265012305	0.9662167182308142	0.9209461808143874
3	0.9153175591531756	0.9153175591531756	0.8929475962270742	0.9156435435807425	0.9153175591531756	0.8463624338624338	0.9153175591531756	0.9153175591531756	0.8670414349659632	0.9147251577336871	0.9818840411139835	0.9587239094002337	0.9523407827286748	0.8762961278556198
4	0.9290161892901619	0.9290161892901619	0.9148525919647323	0.9290713628958485	0.9290161892901619	0.871957671957672	0.9290161892901619	0.9290161892901619	0.8918317799463006	0.9287995784996474	0.9852085397898188	0.9646359302697262	0.9600836650570521	0.908250836937571
