Times	Accuary	p_micro	p_macro	p_weigh	r_micro	r_macro	r_weigh	F1_micro	F1_macro	F1_weigh	roc_micro	roc_macro	pr_micro	pr_macro
0	0.8059701492537313	0.8059701492537313	0.6470615299259801	0.8235101135414149	0.8059701492537313	0.771494708994709	0.8059701492537313	0.8059701492537313	0.6908806165345375	0.811686943192541	0.9592576607014678	0.9395736667500412	0.8870129025318317	0.7988142873773152
1	0.7997512437810945	0.7997512437810945	0.6624211509796721	0.804743922406216	0.7997512437810945	0.7150132275132275	0.7997512437810945	0.7997512437810945	0.6826754339284606	0.8012751941540205	0.9555345680387449	0.9338727435775035	0.8851652087193824	0.7705204031964212
2	0.8121890547263682	0.8121890547263682	0.6898488241016174	0.8211573544163389	0.8121890547263682	0.7748015873015873	0.8121890547263682	0.8121890547263683	0.7235371311458267	0.8152397870113639	0.9541177817380758	0.9340290869919512	0.8814787819555895	0.7773058038582106
3	0.8097014925373134	0.8097014925373134	0.6591802245231687	0.8169136256649087	0.8097014925373134	0.7084656084656085	0.8097014925373134	0.8097014925373133	0.6763055768006025	0.8117723149420649	0.9535147129196472	0.9246839013744598	0.8776915670788048	0.7512930278924452
4	0.8333333333333334	0.8333333333333334	0.6914278604684139	0.8411924848745138	0.8333333333333334	0.7576719576719576	0.8333333333333334	0.8333333333333334	0.7158951769367973	0.8361303488529751	0.9536490433405115	0.9255006852054343	0.8813265390673112	0.7580152972861196
