Times	Accuary	p_micro	p_macro	p_weigh	r_micro	r_macro	r_weigh	F1_micro	F1_macro	F1_weigh	roc_micro	roc_macro	pr_micro	pr_macro
0	0.8891656288916563	0.8891656288916563	0.8012362241164063	0.8895542748958916	0.8891656288916563	0.8001984126984127	0.8891656288916563	0.8891656288916563	0.799671256384273	0.8885658196598448	0.9819310834681279	0.9727462592257348	0.9470948644851284	0.8479697987233653
