Times	Accuary	p_micro	p_macro	p_weigh	r_micro	r_macro	r_weigh	F1_micro	F1_macro	F1_weigh	roc_micro	roc_macro	pr_micro	pr_macro
0	0.9165628891656289	0.9165628891656289	0.9012369636981095	0.9169214647202553	0.9165628891656289	0.8621031746031745	0.9165628891656289	0.9165628891656289	0.8800924926421223	0.916298965343283	0.9861643783921542	0.9661629749067538	0.965847102090626	0.9208669412590592
1	0.8941469489414695	0.8941469489414695	0.8460060742133111	0.896665991722769	0.8941469489414695	0.8857142857142857	0.8941469489414695	0.8941469489414695	0.8638477691499294	0.8943155001132088	0.985548433722234	0.9822852427300264	0.9618443401902841	0.9508908641488791
2	0.9227895392278954	0.9227895392278954	0.8767549873884157	0.9226319922545322	0.9227895392278954	0.8191798941798941	0.9227895392278954	0.9227895392278954	0.8452090192666569	0.9218893128421747	0.9871124627602902	0.9722391472487402	0.968390773548732	0.8878394927582397
3	0.9028642590286425	0.9028642590286425	0.8671540374462883	0.9033237385243531	0.9028642590286425	0.820436507936508	0.9028642590286425	0.9028642590286425	0.8413965001708492	0.9023696279465201	0.9823965959945761	0.9686258629928252	0.9563280283358281	0.8969045692563379
4	0.9053549190535491	0.9053549190535491	0.8538489775038055	0.9091478716591231	0.9053549190535491	0.9002645502645502	0.9053549190535491	0.9053549190535491	0.8744935455067488	0.9052731795830947	0.9822135960674659	0.9792941006635305	0.9530562058833333	0.9439211281499995
