Times	Accuary	p_micro	p_macro	p_weigh	r_micro	r_macro	r_weigh	F1_micro	F1_macro	F1_weigh	roc_micro	roc_macro	pr_micro	pr_macro
0	0.8318804483188045	0.8318804483188045	0.7484146200853222	0.8357890658215711	0.8318804483188045	0.7999338624338623	0.8318804483188045	0.8318804483188045	0.7702982010658939	0.8328015697377791	0.9683208516010168	0.9557975215997842	0.9176081039068251	0.8667587265794264
1	0.8119551681195517	0.8119551681195517	0.7024098629377435	0.8143909279487181	0.8119551681195517	0.7312830687830688	0.8119551681195517	0.8119551681195517	0.715596893420547	0.8128106178920133	0.9557825133747615	0.9359186895321387	0.8812785657594695	0.7779967121381061
2	0.8231631382316313	0.8231631382316313	0.6997296760087458	0.8250839118758838	0.8231631382316313	0.7351190476190477	0.8231631382316313	0.8231631382316313	0.7135017283941647	0.8235416874646385	0.9608648969436427	0.9386334783350477	0.891647346514932	0.8174310958400421
3	0.8194271481942715	0.8194271481942715	0.7358528757415241	0.8218164869617378	0.8194271481942715	0.7642857142857142	0.8194271481942715	0.8194271481942715	0.7483375673323455	0.8201574119632706	0.9593582492386634	0.9281436810514387	0.8907127587663441	0.8208652307043003
4	0.8206724782067247	0.8206724782067247	0.67896899019348	0.8361159566283209	0.8206724782067247	0.7853835978835979	0.8206724782067247	0.8206724782067247	0.7168627963586546	0.8255195754544914	0.959852193957177	0.9375330972733527	0.8972212436848878	0.8030870447322472
