Times	Accuary	Precision	Recall	MCC	AUROC	AUPR
0	0.8611764705882353	0.8729411764705882	0.8528735632183908	0.7225529835345499	0.9456608996539793	0.9442170402942962
1	0.8576470588235294	0.92	0.8179916317991632	0.7209218115887733	0.9471612456747405	0.9430746724361945
2	0.8564705882352941	0.8894117647058823	0.8344370860927153	0.7144934866737469	0.9490491349480968	0.9484397995579149
3	0.8552941176470589	0.8917647058823529	0.831140350877193	0.7124861240608481	0.9294948096885814	0.9339400384535315
4	0.8870588235294118	0.8917647058823529	0.8834498834498834	0.7741519355163515	0.9606089965397923	0.9658085172183494
