Times	Accuary	p_micro	p_macro	p_weigh	r_micro	r_macro	r_weigh	F1_micro	F1_macro	F1_weigh	roc_micro	roc_macro	pr_micro	pr_macro
0	0.8032378580323786	0.8032378580323786	0.6634709869278981	0.8039271115577168	0.8032378580323786	0.6621031746031746	0.8032378580323786	0.8032378580323787	0.6624061061711519	0.8030793497452889	0.9551466661703957	0.9325827345394847	0.8797527803144216	0.7264963330406595
1	0.8306351183063512	0.8306351183063512	0.6862689712580355	0.8335858702028879	0.8306351183063512	0.7272486772486773	0.8306351183063512	0.8306351183063512	0.7038141237147432	0.8313362422011478	0.9609551045348312	0.9327344018738751	0.8955994540828173	0.7734037116256394
2	0.7995018679950187	0.7995018679950187	0.6483186348675479	0.8103923754757584	0.7995018679950187	0.763425925925926	0.7995018679950187	0.7995018679950187	0.6900860905439392	0.803103033278596	0.9541753190996611	0.9263121363408895	0.8845691113638161	0.8062991455155815
3	0.8268991282689913	0.8268991282689913	0.6877836339961421	0.8338849847814529	0.8268991282689913	0.7779761904761905	0.8268991282689913	0.8268991282689913	0.7244987602713461	0.8292312228423269	0.9575688304598726	0.9423550386007388	0.8820088868903958	0.8129582691154832
4	0.8082191780821918	0.8082191780821918	0.6646632670626083	0.8156270827215921	0.8082191780821918	0.7476190476190476	0.8082191780821918	0.8082191780821918	0.695052715914659	0.8103808767485704	0.9555108567033028	0.9238690203043337	0.8880037663105598	0.759496057210364
