Times	Accuary	Precision	Recall	MCC	AUROC	AUPR
0	0.647887323943662	0.607981220657277	0.6607142857142857	0.29672121302810417	0.7739590910092795	0.8012700985535128
1	0.6326291079812206	0.5892018779342723	0.6452442159383034	0.26626442629999436	0.7861755824461637	0.8221514175530567
2	0.6384976525821596	0.5563380281690141	0.6657303370786517	0.28081232809476797	0.7680905464083404	0.7950502484657915
3	0.6326291079812206	0.6126760563380281	0.6381418092909535	0.2654696800300355	0.7850459564901144	0.8077352659266746
4	0.676056338028169	0.636150234741784	0.6913265306122449	0.3532395393191716	0.7727743613480569	0.8022542004159339
