Times	Accuary	Precision	Recall	MCC	AUROC	AUPR
0	0.6058823529411764	0.47058823529411764	0.6451612903225806	0.21997067253202995	0.6998145328719724	0.7324549550985203
1	0.6141176470588235	0.5058823529411764	0.6456456456456456	0.2337783806259166	0.7299820069204153	0.747650983077407
2	0.6035294117647059	0.5411764705882353	0.6182795698924731	0.20868789282832914	0.7226629757785467	0.7586899186722567
3	0.6423529411764706	0.5458823529411765	0.6763848396501457	0.2901578540500558	0.7428484429065744	0.7767108442958519
4	0.6247058823529412	0.5364705882352941	0.6514285714285715	0.25338846517889146	0.7202768166089963	0.7451068312164953
