Times	Accuary	Precision	Recall	MCC	AUROC	AUPR
0	0.5670588235294117	0.5959595959595959	0.4164705882352941	0.14064816336467117	0.6297716262975778	0.622109595778628
1	0.5611764705882353	0.7280701754385965	0.1952941176470588	0.17951965741648493	0.7118698961937715	0.6782370596286849
2	0.5070588235294118	0.5036319612590799	0.9788235294117648	0.042614324229535205	0.6227737024221454	0.6508402001331073
3	0.5	nan	0.0	nan	0.7033910034602077	0.6925572376851779
4	0.5905882352941176	0.5691202872531418	0.7458823529411764	0.19060281806919213	0.6505688581314879	0.6592526186960441
