Times	Accuary	Precision	Recall	MCC	AUROC	AUPR
0	0.6958204842201955	0.05815423514538559	0.6244343891402715	0.11682873913611097	0.7172273624945308	0.0656795858208151
1	0.6552719637819041	0.053452115812917596	0.6515837104072398	0.10775050655703947	0.7026737467586015	0.06756773017607977
2	0.6040286070467817	0.04975044276284012	0.6990950226244343	0.10254991267667579	0.7002980970647704	0.058678094067266026
3	0.5724033856046191	0.04886380513886826	0.744343891402715	0.10529878887850423	0.7336243827163325	0.08657556707861198
4	0.7359753297027755	0.0391147709727226	0.3438914027149321	0.03525892244639294	0.5782463135732235	0.037862420108671115
