Times	Accuary	p_micro	p_macro	p_weigh	r_micro	r_macro	r_weigh	F1_micro	F1_macro	F1_weigh	roc_micro	roc_macro	pr_micro	pr_macro
0	0.8742216687422167	0.8742216687422167	0.7303897889185578	0.8844936184597563	0.8742216687422167	0.8568121693121694	0.8742216687422167	0.8742216687422167	0.7788538982708609	0.8768313756278922	0.9791674743993958	0.9674635121062684	0.9422744675224409	0.8644499614670236
1	0.9053549190535491	0.9053549190535491	0.8225781127335531	0.9072552742727411	0.9053549190535491	0.87010582010582	0.9053549190535491	0.9053549190535491	0.8439326314962282	0.9057762564685532	0.983906862342182	0.9746606814112461	0.9562259643957309	0.8740119947858255
2	0.8804483188044832	0.8804483188044832	0.7379012734233825	0.8930647171113285	0.8804483188044832	0.871957671957672	0.8804483188044832	0.8804483188044832	0.7883624962683771	0.8841146451462871	0.9805622026574277	0.9697690581742828	0.9500135325452969	0.8745138456393218
3	0.8829389788293898	0.8829389788293898	0.7395656110956839	0.896217177043416	0.8829389788293898	0.8732804232804233	0.8829389788293898	0.8829389788293898	0.7883747849511501	0.8872587672906097	0.9819920834438312	0.974151717427501	0.9514901566452902	0.9076235687731342
4	0.8966376089663761	0.8966376089663761	0.7797743083801925	0.903409466861642	0.8966376089663761	0.8923941798941799	0.8966376089663761	0.8966376089663761	0.8254658815659655	0.8986300084666345	0.9807715669808167	0.9735759231211543	0.9502813936894967	0.8953940198254835
