Times	Accuary	Precision	Recall	MCC	AUROC	AUPR
0	0.7835294117647059	0.7515657620041754	0.8470588235294118	0.5716922844995969	0.8576885813148789	0.8482068698039713
1	0.7235294117647059	0.7021276595744681	0.7764705882352941	0.4495860980662859	0.7898076124567474	0.7880670388445918
2	0.768235294117647	0.8220338983050848	0.6847058823529412	0.5441171037886237	0.8624553633217992	0.8478969123078905
3	0.7694117647058824	0.8119891008174387	0.7011764705882353	0.5439123060148037	0.8687252595155709	0.861010518124214
4	0.7811764705882352	0.8169761273209549	0.7247058823529412	0.5659742276298991	0.8712747404844291	0.8598448427851838
