Times	Accuary	Precision	Recall	MCC	AUROC	AUPR
0	0.7176470588235294	0.6518883415435139	0.9341176470588235	0.4828970594283682	0.8736498269896195	0.8656260212068931
1	0.7847058823529411	0.8517441860465116	0.6894117647058824	0.580043929858962	0.8721273356401383	0.8771477162779269
2	0.7341176470588235	0.7225950782997763	0.76	0.46886389577633103	0.8008913494809689	0.7938505684271042
3	0.7435294117647059	0.7346938775510204	0.7623529411764706	0.4874043453422323	0.8203072664359862	0.8178393145385303
4	0.8129411764705883	0.7878787878787878	0.8564705882352941	0.6282677772057382	0.8951640138408304	0.9011546656879376
