Times	Accuary	p_micro	p_macro	p_weigh	r_micro	r_macro	r_weigh	F1_micro	F1_macro	F1_weigh	roc_micro	roc_macro	pr_micro	pr_macro
0	0.9303482587064676	0.9303482587064676	0.9096272229283885	0.930339209830954	0.9303482587064676	0.8849867724867725	0.9303482587064676	0.9303482587064678	0.8938667797463962	0.929877871979837	0.9881232312731533	0.9632552321442429	0.9714704838886747	0.9179087324926432
1	0.9328358208955224	0.9328358208955224	0.8902348967399428	0.9328604219594637	0.9328358208955224	0.8755952380952381	0.9328358208955224	0.9328358208955224	0.882569497165429	0.9327076263258463	0.987029508345503	0.9727736147470837	0.9634235237408871	0.9267994610537434
2	0.9067164179104478	0.9067164179104478	0.8926981715544374	0.9080897176591602	0.9067164179104478	0.8369047619047619	0.9067164179104478	0.9067164179104478	0.8613402280177102	0.9062224316159054	0.9788211719181867	0.9225566897311066	0.95111731347737	0.8581644576464875
3	0.9241293532338308	0.9241293532338308	0.9156557486261319	0.9247803979784324	0.9241293532338308	0.8781084656084657	0.9241293532338308	0.9241293532338308	0.8935727664114381	0.9238066659197267	0.9848915662153577	0.9668428745988173	0.9558647623516161	0.9239838564595262
4	0.9203980099502488	0.9203980099502488	0.8929850024189647	0.9203067873019999	0.9203980099502488	0.8417328042328043	0.9203980099502488	0.9203980099502488	0.8634130229194482	0.9198229272529209	0.9810359479550836	0.9360756021313977	0.9587905280728436	0.8675822918523586
