Times	Accuary	Precision	Recall	MCC	AUROC	AUPR
0	0.7370987146204014	0.06683864915572232	0.6222707423580786	0.1371311847154765	0.7331096059902356	0.07932341542275104
1	0.6989805610080415	0.06199021207177814	0.6637554585152838	0.13193312359171194	0.7357420092461945	0.07383820411808124
2	0.7030329892990566	0.0597170203911777	0.6266375545851528	0.12106503376007409	0.7266826892273434	0.07521900728627263
3	0.7042360539479516	0.05755093467758874	0.5982532751091703	0.11177107070894933	0.7090133310932123	0.06698835652166897
4	0.7645159247767999	0.06345381526104418	0.517467248908297	0.11427009693923434	0.7033026598115165	0.06765350066627213
