Times	Accuary	p_micro	p_macro	p_weigh	r_micro	r_macro	r_weigh	F1_micro	F1_macro	F1_weigh	roc_micro	roc_macro	pr_micro	pr_macro
0	0.6662515566625156	0.6662515566625156	0.479940103571891	0.7547949760858482	0.6662515566625156	0.6130291005291006	0.6662515566625156	0.6662515566625156	0.49146785882222777	0.6990453089934403	0.8558007099776832	0.8076849268363979	0.6352164717568072	0.48034043844892516
1	0.6924034869240349	0.6924034869240349	0.4822749181764526	0.7636838578097859	0.6924034869240349	0.5774470899470899	0.6924034869240349	0.6924034869240349	0.4942176002208923	0.7192134995086149	0.8692186368366448	0.7961005030443666	0.688337395355736	0.4674825312775077
2	0.635118306351183	0.635118306351183	0.43993452851696857	0.7118856918815193	0.635118306351183	0.5265873015873016	0.635118306351183	0.635118306351183	0.4462250650256213	0.6648040437807582	0.8452378921510091	0.7816411901293282	0.6092395814470486	0.4310372814431961
3	0.6799501867995019	0.6799501867995019	0.4734818493668569	0.7578591535849428	0.6799501867995019	0.5837962962962963	0.6799501867995019	0.6799501867995019	0.4818323055016297	0.7066629825087639	0.8636950373418071	0.8241196368147132	0.6395386601632997	0.4550552227411419
4	0.6463262764632628	0.6463262764632628	0.4533242233608517	0.7534206244531674	0.6463262764632628	0.5271825396825397	0.6463262764632628	0.6463262764632628	0.4484134384134384	0.6891945165668703	0.8512748219498592	0.8081356801914193	0.6414838004280256	0.4620700463935371
