Times	Accuary	p_micro	p_macro	p_weigh	r_micro	r_macro	r_weigh	F1_micro	F1_macro	F1_weigh	roc_micro	roc_macro	pr_micro	pr_macro
0	0.9216417910447762	0.9216417910447762	0.8538896746817539	0.9217013119222371	0.9216417910447762	0.8104497354497353	0.9216417910447762	0.9216417910447762	0.8284472484646033	0.9205020749376973	0.9836132356459824	0.9603164076900583	0.9595255732248548	0.8629801000766637
1	0.9228855721393034	0.9228855721393034	0.893437741756948	0.924129938930958	0.9228855721393034	0.8785714285714286	0.9228855721393034	0.9228855721393034	0.8850139725783319	0.922799254008269	0.9861649979785978	0.9690806481601294	0.9650124204716649	0.9277116648302515
2	0.9104477611940298	0.9104477611940298	0.8820578844371202	0.910693827187064	0.9104477611940298	0.8223544973544974	0.9104477611940298	0.9104477611940298	0.8480065051878165	0.9095763544247906	0.9852832128742688	0.9719829847178398	0.9605630956789032	0.9075368173480494
3	0.8955223880597015	0.8955223880597015	0.8785928747581984	0.8970137976381374	0.8955223880597015	0.8001322751322751	0.8955223880597015	0.8955223880597015	0.8338484335107653	0.8944518296377074	0.9793595249292508	0.9560571743910068	0.9486523881767859	0.8900835246925694
4	0.904228855721393	0.904228855721393	0.8553378331761332	0.9048252890734639	0.904228855721393	0.8449735449735449	0.904228855721393	0.904228855721393	0.8481968880740822	0.9039913098721755	0.9806981881636592	0.9664745765635467	0.952525322462831	0.8937438659531294
