Times	Accuary	p_micro	p_macro	p_weigh	r_micro	r_macro	r_weigh	F1_micro	F1_macro	F1_weigh	roc_micro	roc_macro	pr_micro	pr_macro
0	0.6226650062266501	0.6226650062266501	0.43123983120418363	0.6909291766447899	0.6226650062266501	0.5092592592592593	0.6226650062266501	0.6226650062266501	0.43408394693446395	0.6504932552322815	0.8265346792616108	0.7921839343234232	0.6237360155995466	0.4381016109934459
1	0.5952677459526775	0.5952677459526775	0.3931961587424586	0.6557647502884829	0.5952677459526775	0.435515873015873	0.5952677459526775	0.5952677459526775	0.3943484054971981	0.6210027977934041	0.8217865031867319	0.727422959229906	0.6012642733517927	0.3935697544880942
2	0.6151930261519303	0.6151930261519303	0.4362041868706307	0.7069425055179103	0.6151930261519303	0.5461640211640211	0.6151930261519303	0.6151930261519303	0.4374930512678783	0.6497692770511684	0.8313066349880351	0.7802135789339633	0.6040423697661638	0.42126562483308105
3	0.5853051058530511	0.5853051058530511	0.4074970727558618	0.6783208512242533	0.5853051058530511	0.4829365079365079	0.5853051058530511	0.5853051058530511	0.40319892049307676	0.6203496323198812	0.8321973380230941	0.7770634898506544	0.6001990689362726	0.41818593549863514
4	0.5865504358655044	0.5865504358655044	0.40224858642779376	0.6656810367287727	0.5865504358655044	0.47288359788359785	0.5865504358655044	0.5865504358655044	0.3985730073838244	0.6189236040504273	0.8234546974375357	0.7802924159749612	0.6026840952951182	0.41562230001304473
