Times	Accuary	p_micro	p_macro	p_weigh	r_micro	r_macro	r_weigh	F1_micro	F1_macro	F1_weigh	roc_micro	roc_macro	pr_micro	pr_macro
0	0.6766169154228856	0.6766169154228856	0.4725077141398599	0.7565888863747129	0.6766169154228856	0.5619708994708995	0.6766169154228856	0.6766169154228856	0.4796976585173294	0.7082621923484473	0.8543193031525622	0.7928709635595441	0.6259782914746425	0.45850560065946716
1	0.667910447761194	0.667910447761194	0.46103981562459073	0.743952052354676	0.667910447761194	0.5419312169312169	0.667910447761194	0.667910447761194	0.466812922026134	0.6958069747761614	0.8592134683134907	0.8078197169548866	0.6337461892388334	0.466726736392006
2	0.6654228855721394	0.6654228855721394	0.46486963290879213	0.7341547098052507	0.6654228855721394	0.5631613756613756	0.6654228855721394	0.6654228855721394	0.4772361124303155	0.6914608189735127	0.8573214978177107	0.8143226906759563	0.6173203985673874	0.4548764403498639
3	0.6405472636815921	0.6405472636815921	0.45769323871206424	0.7297567626685242	0.6405472636815921	0.5854497354497354	0.6405472636815921	0.6405472636815921	0.4652630752589309	0.6746855767232799	0.8569208270422349	0.784757839295633	0.6462311732335874	0.4715899748923378
4	0.6480099502487562	0.6480099502487562	0.4589524622941528	0.7309050515550964	0.6480099502487562	0.5715608465608466	0.6480099502487562	0.6480099502487562	0.4684417558334456	0.6790743925010821	0.8489636188873212	0.7850916125125815	0.6397196963486141	0.44264206582191834
