Times	Accuary	p_micro	p_macro	p_weigh	r_micro	r_macro	r_weigh	F1_micro	F1_macro	F1_weigh	roc_micro	roc_macro	pr_micro	pr_macro
0	0.6405472636815921	0.6405472636815921	0.4196251492263758	0.6812780620814254	0.6405472636815921	0.5720899470899471	0.6405472636815921	0.6405472636815921	0.43608047306056913	0.6471972426231332	0.8400049916256198	0.8108981255702272	0.6303502573213883	0.5831057935573887
1	0.6355721393034826	0.6355721393034826	0.48950081523900424	0.697933916672899	0.6355721393034826	0.5848544973544973	0.6355721393034826	0.6355721393034826	0.4712282725971476	0.6241701248144219	0.8574034883624992	0.8298049037031147	0.6556213344560878	0.6157175592509152
2	0.568407960199005	0.568407960199005	0.4063248804628115	0.6654020719898229	0.568407960199005	0.5455687830687831	0.568407960199005	0.568407960199005	0.39731721205529547	0.5878287408263768	0.7578654199978548	0.789672360668813	0.5137764202655386	0.5675680608251386
3	0.664179104477612	0.664179104477612	0.4403152748309582	0.7034986376800193	0.664179104477612	0.5354497354497354	0.664179104477612	0.664179104477612	0.452666441264575	0.6729849871808431	0.8625549697614746	0.8354892796797879	0.6635856697096767	0.6204135418542194
4	0.6753731343283582	0.6753731343283582	0.5240484712500575	0.7074286518007679	0.6753731343283582	0.60244708994709	0.6753731343283582	0.6753731343283582	0.4864890890372003	0.6763499131053732	0.8606078232386988	0.8244288591395826	0.6621849055405753	0.5844397086906821
