Times	Accuary	p_micro	p_macro	p_weigh	r_micro	r_macro	r_weigh	F1_micro	F1_macro	F1_weigh	roc_micro	roc_macro	pr_micro	pr_macro
0	0.6131840796019901	0.6131840796019901	0.4186304531513795	0.6921016973201558	0.6131840796019901	0.48690476190476195	0.6131840796019901	0.6131840796019901	0.4182777392288348	0.6440106350148865	0.8210914746334662	0.778761775627949	0.5845241797777984	0.40913857209607873
1	0.599502487562189	0.599502487562189	0.42796720114694836	0.6763023189839199	0.599502487562189	0.5281084656084656	0.599502487562189	0.599502487562189	0.4335566817674924	0.6271454454753134	0.8155852165375443	0.769516035197576	0.6013234636337682	0.4292285435162212
2	0.6057213930348259	0.6057213930348259	0.42775500669391353	0.6982672138836654	0.6057213930348259	0.5302910052910053	0.6057213930348259	0.6057213930348259	0.4275290701944128	0.6419769808401623	0.8198193320297353	0.7550549297416346	0.598821624294341	0.4208757019423397
3	0.5460199004975125	0.5460199004975125	0.3962303966944868	0.6585876336419119	0.5460199004975125	0.48670634920634925	0.5460199004975125	0.5460199004975125	0.384770664724842	0.5872846266607001	0.8009517091161109	0.7599280138731623	0.5431438151230361	0.39824139131648184
4	0.5883084577114428	0.5883084577114428	0.39760311415055255	0.6926692379674059	0.5883084577114428	0.41805555555555557	0.5883084577114428	0.5883084577114428	0.3812012441589504	0.6309855670411169	0.8229550836200424	0.73066265057252	0.6091304900242421	0.40824564520066964
