Times	Accuary	Precision	Recall	MCC	AUROC	AUPR
0	0.7910798122065728	0.7870370370370371	0.7981220657276995	0.5822173754796448	0.8145705217218806	0.7608049867484878
1	0.7769953051643192	0.8241758241758241	0.704225352112676	0.5599527735703037	0.8712446824924509	0.8616768144177928
2	0.7605633802816901	0.7860824742268041	0.715962441314554	0.5232125123659969	0.8202930415041108	0.8044373228526541
3	0.7816901408450704	0.8157894736842105	0.7276995305164319	0.5666937776656453	0.8443044810333047	0.8209252824528964
4	0.7276995305164319	0.7740112994350282	0.6431924882629108	0.46204622628311964	0.8142040820824791	0.8006155902398397
