Times	Accuary	Precision	Recall	MCC	AUROC	AUPR
0	0.6247058823529412	0.5364705882352941	0.6514285714285715	0.25338846517889146	0.7717591695501729	0.7886648915454004
1	0.6164705882352941	0.5247058823529411	0.6426512968299711	0.23696623297685507	0.714956401384083	0.7494691753902979
2	0.6105882352941177	0.5623529411764706	0.6223958333333334	0.22221290812621866	0.7618380622837371	0.7944858019523982
3	0.6576470588235294	0.5741176470588235	0.6892655367231638	0.3197881224020858	0.7433356401384084	0.7837286563919348
4	0.64	0.6070588235294118	0.6498740554156172	0.28060965318209863	0.7700650519031141	0.8066461143086986
