Times	Accuary	p_micro	p_macro	p_weigh	r_micro	r_macro	r_weigh	F1_micro	F1_macro	F1_weigh	roc_micro	roc_macro	pr_micro	pr_macro
0	0.6089663760896638	0.6089663760896638	0.459776924788607	0.6454997281555982	0.6089663760896638	0.5546957671957672	0.6089663760896638	0.6089663760896638	0.4848607650293611	0.6227334137856145	0.8341793202845081	0.7914401892407633	0.6030429376215934	0.5580593213338085
1	0.5965130759651308	0.5965130759651308	0.47820699884209183	0.7148992948498062	0.5965130759651308	0.48677248677248675	0.5965130759651308	0.5965130759651308	0.4266027478372332	0.5686333242976993	0.8575061245526453	0.8222430321617133	0.6412917530544956	0.5923873011517
2	0.4246575342465753	0.4246575342465753	0.3504854330584257	0.4615349267906739	0.4246575342465753	0.4632936507936508	0.4246575342465753	0.42465753424657526	0.3562833965580059	0.39898940921009335	0.7886619655329461	0.7606135653692689	0.46523938538630183	0.5093901336962345
3	0.5579078455790785	0.5579078455790785	0.4188000104256262	0.6332092093074615	0.5579078455790785	0.5373015873015874	0.5579078455790785	0.5579078455790785	0.41629409432705367	0.5523846522424786	0.7976837585496894	0.7738296140235925	0.5428930869345022	0.5205324922402765
4	0.5691158156911582	0.5691158156911582	0.4125848758630365	0.6387709765998419	0.5691158156911582	0.5260582010582011	0.5691158156911582	0.5691158156911582	0.4271890466402677	0.5964050166258945	0.7961771108447102	0.7769723007502958	0.540138191700731	0.5311459832362232
