Times	Accuary	p_micro	p_macro	p_weigh	r_micro	r_macro	r_weigh	F1_micro	F1_macro	F1_weigh	roc_micro	roc_macro	pr_micro	pr_macro
0	0.5716064757160647	0.5716064757160647	0.4271092282855793	0.6493001639756775	0.5716064757160647	0.5187830687830688	0.5716064757160647	0.5716064757160647	0.4374676752555303	0.600345659052019	0.7851588609960469	0.7970954186074635	0.5605741551516363	0.5417979115396869
1	0.6064757160647571	0.6064757160647571	0.4367334446773905	0.7019294566134493	0.6064757160647571	0.5642195767195767	0.6064757160647571	0.6064757160647571	0.4300343200853012	0.619544925702806	0.8026676633442358	0.8102573572977005	0.6034551893301051	0.5489345886387939
2	0.763387297633873	0.763387297633873	0.5377411722150476	0.7956258643285412	0.763387297633873	0.6615079365079365	0.763387297633873	0.763387297633873	0.5639438866824441	0.7708959764358214	0.9202895741219492	0.9089617667582892	0.7985581742666333	0.6713246838871592
3	0.6164383561643836	0.6164383561643836	0.4005195626812798	0.6847216443504848	0.6164383561643836	0.5523148148148148	0.6164383561643836	0.6164383561643836	0.39839301011409134	0.6308436044721017	0.8254635610441748	0.8229079729810319	0.6315690933258234	0.5815047931952539
4	0.6674968866749689	0.6674968866749689	0.46163514630393687	0.7791166115615105	0.6674968866749689	0.5794312169312169	0.6674968866749689	0.6674968866749689	0.43473338426279595	0.66996705314074	0.844986138013996	0.8558507566632135	0.6615520151094815	0.6362267480016015
