Times	Accuary	Precision	Recall	MCC	AUROC	AUPR
0	0.5324211418538476	0.04702351175587794	0.7849686847599165	0.10404198263925613	0.7212601282809277	0.06447735291973306
1	0.6888660168311437	0.060045317220543806	0.6638830897703549	0.12709740622993024	0.7442701975293022	0.08253883591347506
2	0.3174305261245989	0.03142633909193506	0.755741127348643	0.021946900860060185	0.5907097340059531	0.04318552438827068
3	0.579100320881516	0.04917119375957654	0.7369519832985386	0.10539398499394645	0.717104028246068	0.06483481521317513
4	0.5849730580613913	0.05237292895254142	0.778705636743215	0.12126798575208712	0.7397334774586766	0.07520891030674556
