Times	Accuary	p_micro	p_macro	p_weigh	r_micro	r_macro	r_weigh	F1_micro	F1_macro	F1_weigh	roc_micro	roc_macro	pr_micro	pr_macro
0	0.5815691158156912	0.5815691158156912	0.4090594027469676	0.6949602807160069	0.5815691158156912	0.4691137566137566	0.5815691158156912	0.5815691158156912	0.39658410500820807	0.6265456537493409	0.8010480622944159	0.7458355135315571	0.5701497612638324	0.41581823909934235
1	0.6064757160647571	0.6064757160647571	0.4253622205544152	0.6929795405919017	0.6064757160647571	0.5178571428571428	0.6064757160647571	0.6064757160647571	0.4261060259344012	0.6385944964202699	0.8350917351753258	0.7452375460394688	0.6108558158646981	0.4289549815963897
2	0.5716064757160647	0.5716064757160647	0.39484886956260506	0.6658021199222599	0.5716064757160647	0.46170634920634923	0.5716064757160647	0.5716064757160647	0.38860784890648725	0.6096380488927702	0.8071501276605424	0.7448511789279444	0.5750409117747212	0.3994558017941281
3	0.5716064757160647	0.5716064757160647	0.40846085202231464	0.6660776739159615	0.5716064757160647	0.5132936507936507	0.5716064757160647	0.5716064757160647	0.4081385951473836	0.6057668893569335	0.8235012228427332	0.7785228855534788	0.5837478549189458	0.41508665940931
4	0.6288916562889165	0.6288916562889165	0.4187868927435529	0.7052477754002912	0.6288916562889165	0.5018518518518519	0.6288916562889165	0.6288916562889165	0.41721103530174564	0.659478348126094	0.8384327762174536	0.7710231480513365	0.6542920950114656	0.4398468649965135
