Times	Accuary	p_micro	p_macro	p_weigh	r_micro	r_macro	r_weigh	F1_micro	F1_macro	F1_weigh	roc_micro	roc_macro	pr_micro	pr_macro
0	0.6687422166874222	0.6687422166874222	0.4621865075223284	0.7419470262270581	0.6687422166874222	0.5617724867724867	0.6687422166874222	0.6687422166874222	0.46171132889594335	0.6792953231513438	0.8649708673421121	0.8538778334140465	0.6829996366077128	0.5987992051323823
1	0.6326276463262764	0.6326276463262764	0.41175451002263164	0.7120941782370712	0.6326276463262764	0.5609126984126984	0.6326276463262764	0.6326276463262764	0.4012402203891565	0.6455013087057813	0.8412118937545847	0.8334085373099352	0.6393572341092079	0.5826847774096323
2	0.6674968866749689	0.6674968866749689	0.49566999213141016	0.7433393811780447	0.6674968866749689	0.6277777777777778	0.6674968866749689	0.6674968866749689	0.502308112385124	0.6731647173367272	0.8455149767864076	0.8323146991940514	0.6437960811603228	0.5970995514707764
3	0.6475716064757161	0.6475716064757161	0.4338408407032225	0.7087000784862522	0.6475716064757161	0.5588624338624338	0.6475716064757161	0.6475716064757161	0.4401340391343659	0.6579991185195033	0.8331433545954435	0.8252140441830641	0.6297690973059485	0.5783138194474925
4	0.6724782067247821	0.6724782067247821	0.4545325404926938	0.7362267040226852	0.6724782067247821	0.5806878306878307	0.6724782067247821	0.6724782067247821	0.4673402492010115	0.6936636356349691	0.8413835208048688	0.8477399642560346	0.6664021940206002	0.5928546659475897
