Times	Accuary	Precision	Recall	MCC	AUROC	AUPR
0	0.8415492957746479	0.8755868544600939	0.8197802197802198	0.6846869293438623	0.938267319094536	0.9383755307764882
1	0.8509389671361502	0.8967136150234741	0.821505376344086	0.7048378688234296	0.9402235006281822	0.9370994091093976
2	0.8485915492957746	0.8450704225352113	0.851063829787234	0.6972003870519586	0.9349776278956997	0.938998862805175
3	0.846244131455399	0.8262910798122066	0.8606356968215159	0.6930403151226591	0.9417333421499262	0.9463687461955406
4	0.8779342723004695	0.903755868544601	0.859375	0.7568785232848803	0.9495745993960634	0.9499794233213124
