Times	Accuary	p_micro	p_macro	p_weigh	r_micro	r_macro	r_weigh	F1_micro	F1_macro	F1_weigh	roc_micro	roc_macro	pr_micro	pr_macro
0	0.9489414694894147	0.9489414694894147	0.9270850998315652	0.9489181100546673	0.9489414694894147	0.8804232804232803	0.9489414694894147	0.9489414694894147	0.9005235668942784	0.9483395182367981	0.9915098889748746	0.9852695007279683	0.9785542647509142	0.9453652133852221
1	0.9514321295143213	0.9514321295143213	0.9200910146043301	0.9511043893002027	0.9514321295143213	0.8871031746031746	0.9514321295143213	0.9514321295143213	0.9027223036502556	0.951126694255555	0.9916908211061983	0.982103513927987	0.9798272716655798	0.9430805200792525
2	0.9489414694894147	0.9489414694894147	0.9733034342769366	0.9497319957991632	0.9489414694894147	0.8943783068783069	0.9489414694894147	0.9489414694894147	0.9298645472931186	0.9486905965938167	0.9931261298565415	0.988552981250959	0.9820864932284346	0.9607012490386143
3	0.9389788293897883	0.9389788293897883	0.930025852274838	0.9389062711063245	0.9389788293897883	0.8740079365079365	0.9389788293897883	0.9389788293897883	0.8998723099586923	0.9386655380985737	0.992557744489712	0.985415078817402	0.9807024134234662	0.9624367581318822
4	0.9452054794520548	0.9452054794520548	0.9258222128511524	0.9458730298552921	0.9452054794520548	0.8784391534391534	0.9452054794520548	0.9452054794520548	0.8972698120510152	0.9446366853847418	0.99184590579019	0.9889789155580073	0.9785076609310909	0.9538453713836038
