Times	Accuary	p_micro	p_macro	p_weigh	r_micro	r_macro	r_weigh	F1_micro	F1_macro	F1_weigh	roc_micro	roc_macro	pr_micro	pr_macro
0	0.8843283582089553	0.8843283582089553	0.7629221124027267	0.8909777416956383	0.8843283582089553	0.8261243386243385	0.8843283582089553	0.8843283582089553	0.7897675040792904	0.8862170859326777	0.9840407209392508	0.9765128195135375	0.9560459058639231	0.8838390150117932
1	0.8818407960199005	0.8818407960199005	0.7399653442817219	0.8900519827143664	0.8818407960199005	0.8366402116402116	0.8818407960199005	0.8818407960199005	0.7787663271707927	0.8847647958116485	0.9825447802447133	0.9734237673845305	0.9531970329960745	0.8795846974865684
2	0.8793532338308457	0.8793532338308457	0.745905089175309	0.8894727376118953	0.8793532338308457	0.8601190476190477	0.8793532338308457	0.8793532338308457	0.7910712234835413	0.8821753204156682	0.9838421903748257	0.9765447777496175	0.9557477610124897	0.8934844699139438
3	0.8830845771144279	0.8830845771144279	0.71696864956039	0.8973202574927842	0.8830845771144279	0.8218915343915344	0.8830845771144279	0.8830845771144279	0.7559290634199024	0.8883712166375707	0.9826210984876612	0.9719232118183656	0.9524309741362965	0.8716570035576593
4	0.8793532338308457	0.8793532338308457	0.7432443507843355	0.8922366380484723	0.8793532338308457	0.8317460317460318	0.8793532338308457	0.8793532338308457	0.7747022166453907	0.8840103728024369	0.984026282352747	0.9747075708789181	0.9580672620036886	0.8927573142373182
