Times	Accuary	Precision	Recall	MCC	AUROC	AUPR
0	0.7729918509895227	0.7169287696577243	0.9022118742724098	0.5651845476502194	0.8494198251479574	0.8121796894905069
1	0.7630966239813737	0.701067615658363	0.9173457508731082	0.5531743786461059	0.843791885141371	0.8061402483707036
2	0.7721187427240978	0.7242206235011991	0.8789289871944121	0.5570971115261626	0.8539227531268592	0.8188052349835836
3	0.770081490104773	0.7812121212121212	0.7502910360884749	0.5405866007249616	0.8547540186019154	0.821039387073372
4	0.7668800931315483	0.7708210277613704	0.759604190919674	0.5338167084372155	0.8525304215720422	0.8192067414356791
