Times	Accuary	Precision	Recall	MCC	AUROC	AUPR
0	0.7633876600698487	0.7214880078316201	0.8579743888242142	0.5364618434986395	0.8469871835702505	0.819147177473072
1	0.7703725261932479	0.7344775365976779	0.8469150174621654	0.5471948226017135	0.8463412460816853	0.8164598377074266
2	0.7462165308498254	0.7428243398392652	0.7532013969732246	0.49248111873145706	0.8323320427006523	0.7946104836984502
3	0.7654249126891735	0.7497261774370209	0.7968568102444703	0.5319018657709683	0.8432047308441334	0.8129643818829331
4	0.7625145518044237	0.7808219178082192	0.729918509895227	0.5261483614066891	0.8485988933174862	0.8207971657237698
