Times	Accuary	p_micro	p_macro	p_weigh	r_micro	r_macro	r_weigh	F1_micro	F1_macro	F1_weigh	roc_micro	roc_macro	pr_micro	pr_macro
0	0.36171938361719386	0.36171938361719386	0.3521378219532149	0.3639042572137103	0.36171938361719386	0.3463790704027177	0.36171938361719386	0.36171938361719386	0.3459954103970475	0.3596721593843094	0.6317282985888428	0.6149149622104484	0.34604213419337115	0.33507238431942965
1	0.3710462287104623	0.3710462287104623	0.3614725458609489	0.3759080698258656	0.3710462287104623	0.3554875546582441	0.3710462287104623	0.3710462287104622	0.3545871601556376	0.36988975497324156	0.6381063074191815	0.6215979312397403	0.34767325663705717	0.3360387449512211
2	0.36982968369829683	0.36982968369829683	0.3618506500841507	0.37499818175325705	0.36982968369829683	0.3572513824243544	0.36982968369829683	0.36982968369829683	0.3560997442409259	0.36928560083828177	0.6355824999939705	0.6171304890875368	0.3486921250545496	0.33726381625695356
3	0.3734793187347932	0.3734793187347932	0.3638673328477894	0.3779308940703661	0.3734793187347932	0.35088189298772976	0.3734793187347932	0.3734793187347932	0.35003324317417905	0.36848866442083905	0.6417383471168968	0.6193985753341127	0.3584888983050468	0.34389200058743064
4	0.35563665855636656	0.35563665855636656	0.3450992437197178	0.3597182905526815	0.35563665855636656	0.3383281237582286	0.35563665855636656	0.35563665855636656	0.3377607461895568	0.3537569343153377	0.6228025285543297	0.6045962344050908	0.3357180562795182	0.323675847060128
