Times	Accuary	p_micro	p_macro	p_weigh	r_micro	r_macro	r_weigh	F1_micro	F1_macro	F1_weigh	roc_micro	roc_macro	pr_micro	pr_macro
0	0.6467964314679643	0.6467964314679643	0.6340360511331464	0.6512073916926676	0.6467964314679643	0.630469058738621	0.6467964314679643	0.6467964314679643	0.6303448777363738	0.6467277992283176	0.8600127453837176	0.8571733567424595	0.707537150773746	0.68579007699626
1	0.6463909164639091	0.6463909164639091	0.633866762593958	0.651631782506519	0.6463909164639091	0.6380003401225476	0.6463909164639091	0.6463909164639091	0.6349940703129906	0.6480865052449013	0.8565967282097899	0.8554352853061626	0.7032616550297741	0.6822944722595258
2	0.6549067315490673	0.6549067315490673	0.6390828947902578	0.6576524407022629	0.6549067315490673	0.6363793830323521	0.6549067315490673	0.6549067315490673	0.6350395699845899	0.653821218461451	0.8643652621310816	0.8637416593692061	0.7173487254768124	0.6898830629577389
3	0.6447688564476886	0.6447688564476886	0.63236176257121	0.6450601786772923	0.6447688564476886	0.6266527943045971	0.6447688564476886	0.6447688564476886	0.628404611097277	0.6439276592022556	0.8566066495690402	0.8519309859442024	0.7033774163500769	0.6779475976756734
4	0.6419302514193025	0.6419302514193025	0.6276041952784347	0.6409882250720895	0.6419302514193025	0.6162442592168199	0.6419302514193025	0.6419302514193025	0.6194798126591817	0.6389729820011455	0.8537137785425446	0.8502960064988028	0.6979008731096927	0.6778916848063081
