Times	Accuary	p_micro	p_macro	p_weigh	r_micro	r_macro	r_weigh	F1_micro	F1_macro	F1_weigh	roc_micro	roc_macro	pr_micro	pr_macro
0	0.635589785164167	0.635589785164167	0.6170343881041712	0.6344866254645183	0.635589785164167	0.6143723425105175	0.635589785164167	0.635589785164167	0.615484359824799	0.6348282336228239	0.8569335194846256	0.852287187513485	0.7122403761984106	0.6784925190804121
1	0.6461289014997973	0.6461289014997973	0.6287913180586597	0.6504960837665378	0.6461289014997973	0.629560622389407	0.6461289014997973	0.6461289014997973	0.6270614928659808	0.6458689825663244	0.8636305406203119	0.8590223428929283	0.7134833025901303	0.6836926878525745
2	0.6392379408188082	0.6392379408188082	0.6217487895576711	0.6389457395414401	0.6392379408188082	0.6208200701724569	0.6392379408188082	0.6392379408188082	0.6205514965237177	0.6382135671040814	0.8610276101231294	0.8554347855743969	0.7109135977815457	0.6825160772295144
3	0.6534252128090798	0.6534252128090798	0.6380339490126405	0.659903664995988	0.6534252128090798	0.6371186136075533	0.6534252128090798	0.6534252128090798	0.6362391800951046	0.6551446206925604	0.8698166151256306	0.8671874350063822	0.7255134705633268	0.7007843147499601
4	0.6554519659505472	0.6554519659505472	0.6444640713746054	0.6602035674809781	0.6554519659505472	0.6377348150516914	0.6554519659505472	0.6554519659505472	0.6391867339627901	0.6556990116981822	0.863747364413063	0.8613918660950363	0.7164518630413121	0.6960196136602737
