Times	Accuary	Precision	Recall	MCC	AUROC	AUPR
0	0.6228172293364377	0.640279394644936	0.6186726659167604	0.2457843971116512	0.7448318224754398	0.7285650547060633
1	0.6475552968568102	0.6693830034924331	0.64138315672058	0.2953922064626501	0.7647069784965326	0.7595755876232709
2	0.6280558789289872	0.6798603026775321	0.6160337552742616	0.25749757865631234	0.76575660573995	0.7643967368163944
3	0.6271827706635623	0.5890570430733411	0.6376811594202898	0.25510825847913693	0.7238694315208007	0.7102145823920886
4	0.6129220023282888	0.639697322467986	0.6071823204419889	0.22616852594858575	0.7369694435823662	0.7255503830253696
