Times	Accuary	Precision	Recall	MCC	AUROC	AUPR
0	0.689173457508731	0.8090803259604191	0.6525821596244131	0.38971934723698887	0.8885108167848204	0.9019689720084875
1	0.6903376018626309	0.7933643771827706	0.6578185328185329	0.3890233663483288	0.8847842673818678	0.8995495010289024
2	0.6818975552968568	0.7904540162980209	0.6494500239120038	0.3726849531006874	0.8906056667674056	0.9115602128576865
3	0.6836437718277066	0.8277066356228172	0.6425666516041573	0.3835530351386375	0.902253886466788	0.9218196601910685
4	0.6868451688009313	0.7782305005820722	0.6579724409448819	0.3800927819827743	0.8828984619471161	0.8992467991129913
