Times	Accuary	Precision	Recall	MCC	AUROC	AUPR
0	0.6318393480791619	0.5791618160651921	0.6473649967469096	0.2651543680392815	0.7289681534014292	0.7260229299617991
1	0.6501746216530849	0.6525029103608847	0.6494785631517961	0.30035249970255806	0.774746537720852	0.7703958298043324
2	0.639988358556461	0.6332945285215367	0.6418879056047198	0.2800018105214916	0.7408128817519356	0.736839049188935
3	0.620197904540163	0.6129220023282888	0.6219728292971057	0.24042126563202834	0.7508172049422602	0.7405610722185147
4	0.619324796274738	0.5692665890570431	0.6326002587322122	0.23985468722613285	0.7396429776617097	0.7416207489912399
