Times	Accuary	p_micro	p_macro	p_weigh	r_micro	r_macro	r_weigh	F1_micro	F1_macro	F1_weigh	roc_micro	roc_macro	pr_micro	pr_macro
0	0.5342521280907986	0.5342521280907986	0.5452572580180393	0.5674494141362233	0.5342521280907986	0.5337469520273995	0.5342521280907986	0.5342521280907986	0.5265909740337018	0.5386091002664053	0.7975290590284391	0.7945548907394402	0.547361926186724	0.526767903523503
1	0.5297932711795703	0.5297932711795703	0.5082864327469738	0.5233872780302409	0.5297932711795703	0.515753055014463	0.5297932711795703	0.5297932711795703	0.5070984190744962	0.5209822618439579	0.8031347115254697	0.7935191831513315	0.5483357285260093	0.5289147827851562
2	0.5285772192946899	0.5285772192946899	0.505152581300317	0.5186292704383845	0.5285772192946899	0.5072868558367396	0.5285772192946899	0.5285772192946899	0.5017367248980091	0.5198775450960932	0.8027479552139314	0.7940473736813535	0.5570540288336976	0.5298515922544709
3	0.5156059991892987	0.5156059991892987	0.5208617365588308	0.5401377255987946	0.5156059991892987	0.5181698858827697	0.5156059991892987	0.5156059991892987	0.5084275621381469	0.5195581716977117	0.7969254694325589	0.7885689839192029	0.544819060631212	0.5198700588356051
4	0.5277665180381029	0.5277665180381029	0.5245735010971482	0.5444746978898456	0.5277665180381029	0.5321481059934061	0.5277665180381029	0.5277665180381029	0.5217072513435789	0.5311900130092674	0.8030468609096363	0.7932904874079267	0.5470567519355503	0.5179484043520716
