Times	Accuary	p_micro	p_macro	p_weigh	r_micro	r_macro	r_weigh	F1_micro	F1_macro	F1_weigh	roc_micro	roc_macro	pr_micro	pr_macro
0	0.387515200648561	0.387515200648561	0.3787529901611919	0.3881715690691189	0.387515200648561	0.38295635205005185	0.387515200648561	0.387515200648561	0.3803310632292412	0.3873214199734731	0.6686515757492209	0.6548013108681776	0.3803950602079241	0.3700091687679743
1	0.39764896635589786	0.39764896635589786	0.39373903341772065	0.3984700503662679	0.39764896635589786	0.3969294313050915	0.39764896635589786	0.39764896635589786	0.3950875164125666	0.3978787537567634	0.6808165857142959	0.6679414320733852	0.38292731512444983	0.3784407413144993
2	0.4077827320632347	0.4077827320632347	0.4022961039014124	0.40910656544788826	0.4077827320632347	0.4063265809957999	0.4077827320632347	0.4077827320632347	0.40266950252960515	0.40656912636042225	0.6839268480409451	0.669481610414387	0.3962777834177976	0.3850209774364986
3	0.4004864207539522	0.4004864207539522	0.3939098138618319	0.40170299400811943	0.4004864207539522	0.3962111820281251	0.4004864207539522	0.4004864207539522	0.3942861844805522	0.4002699365617374	0.6710411234538305	0.6577195480146152	0.3767828680665238	0.36799674940320315
4	0.4025131738954195	0.4025131738954195	0.3991117252300917	0.4079669882525618	0.4025131738954195	0.4097728434177343	0.4025131738954195	0.4025131738954195	0.40043796175228824	0.4016914553898215	0.6821778868717385	0.6699640867133915	0.388802206140218	0.3811500868382992
