Times	Accuary	p_micro	p_macro	p_weigh	r_micro	r_macro	r_weigh	F1_micro	F1_macro	F1_weigh	roc_micro	roc_macro	pr_micro	pr_macro
0	0.46958637469586373	0.46958637469586373	0.4953778634086134	0.5127367177524883	0.46958637469586373	0.4720307622580915	0.46958637469586373	0.46958637469586373	0.4142059353179909	0.426917075425753	0.7859798367284114	0.79180428159033	0.5396125315011687	0.5197994962802871
1	0.5113544201135442	0.5113544201135442	0.5120603328346064	0.524166958692394	0.5113544201135442	0.48030787931184893	0.5113544201135442	0.5113544201135442	0.44090931508770853	0.47453455009672657	0.7920953132375927	0.7780949652759477	0.5072723872737903	0.4786886204592824
2	0.540551500405515	0.540551500405515	0.517143943308908	0.541727344539351	0.540551500405515	0.520039350610276	0.540551500405515	0.540551500405515	0.5176272239293767	0.5401743234800055	0.8027934984729876	0.7857148802483687	0.5323312989843065	0.49871038507365606
3	0.5251419302514193	0.5251419302514193	0.5393876741605856	0.5663243087542458	0.5251419302514193	0.5214246543701263	0.5251419302514193	0.5251419302514193	0.5065452193152093	0.5177819103164475	0.7955453699921528	0.7937632948777826	0.5204680018626475	0.5221708439290773
4	0.5291970802919708	0.5291970802919708	0.531804630119032	0.5547979447465983	0.5291970802919708	0.5205114693729747	0.5291970802919708	0.5291970802919708	0.5176528121705466	0.5351673694425118	0.8022168811324689	0.7922298841522726	0.5431750592893978	0.5169016984483901
