Times	Accuary	Precision	Recall	MCC	AUROC	AUPR
0	0.680442374854482	0.830034924330617	0.6388888888888888	0.37820855729234193	0.9045401629802097	0.9187041909113457
1	0.681024447031432	0.810826542491269	0.6437153419593346	0.37490238288930466	0.9036985638605683	0.9155713342787323
2	0.689173457508731	0.7759022118742724	0.6612103174603174	0.3841704183705389	0.8630802256732453	0.8738655677671914
3	0.6816065192083819	0.7747380675203726	0.6530912659470068	0.3696825184540742	0.8819318426683977	0.893651471984817
4	0.6935389988358557	0.8236321303841676	0.6535796766743649	0.40088510450709086	0.9051923684171296	0.9247044623872306
