Times	Accuary	p_micro	p_macro	p_weigh	r_micro	r_macro	r_weigh	F1_micro	F1_macro	F1_weigh	roc_micro	roc_macro	pr_micro	pr_macro
0	0.8004866180048662	0.8004866180048662	0.8067988030118811	0.8064356251889568	0.8004866180048662	0.8147267188715477	0.8004866180048662	0.8004866180048662	0.8037478037496174	0.7952747027772042	0.9479044225582549	0.9528373636710167	0.8850881700410251	0.8983256407166231
1	0.8090024330900243	0.8090024330900243	0.8134177959552621	0.8142349282867605	0.8090024330900243	0.8218489587005762	0.8090024330900243	0.8090024330900242	0.811041362899809	0.8039430662646988	0.9531984817798896	0.9580444551299545	0.8962099322405813	0.9078825944964206
2	0.818734793187348	0.818734793187348	0.8216460199522498	0.8225854327720152	0.818734793187348	0.8292269558304654	0.818734793187348	0.818734793187348	0.8201859112436252	0.8145156316899004	0.9552141347248231	0.96001113629571	0.9004358421998927	0.9117577772233671
3	0.8021086780210868	0.8021086780210868	0.8084252223747099	0.8095299980411128	0.8021086780210868	0.8183816728754829	0.8021086780210868	0.8021086780210867	0.8052179565235088	0.7964302718093245	0.9537734272891536	0.958381492972246	0.8941466621310359	0.9077878882444013
4	0.8037307380373074	0.8037307380373074	0.8095203606833904	0.8090368576339505	0.8037307380373074	0.8162742592727186	0.8037307380373074	0.8037307380373075	0.8067447458888619	0.7991662166700454	0.9488557493564272	0.9531657491921769	0.8860561005676831	0.896633455494326
