Times	Accuary	p_micro	p_macro	p_weigh	r_micro	r_macro	r_weigh	F1_micro	F1_macro	F1_weigh	roc_micro	roc_macro	pr_micro	pr_macro
0	0.5697485806974858	0.5697485806974858	0.5704763804242006	0.5706480512431997	0.5697485806974858	0.5693278102453592	0.5697485806974858	0.5697485806974858	0.5674582329427401	0.5677560253320427	0.8169180607546767	0.8138485155368396	0.6390091021668595	0.6265265578925132
1	0.5709651257096513	0.5709651257096513	0.5634717925780605	0.5728931612293986	0.5709651257096513	0.5709618291368317	0.5709651257096513	0.5709651257096513	0.563840185373371	0.5690794166215164	0.8171671362045857	0.8137129115492638	0.640250864201123	0.6273959191679364
2	0.5612327656123277	0.5612327656123277	0.5628558129789782	0.5620812505163783	0.5612327656123277	0.5576317170624274	0.5612327656123277	0.5612327656123277	0.5565850798935422	0.5575913561686858	0.8134060366154068	0.8101216036489208	0.6314247856176577	0.6225434127307237
3	0.5717761557177615	0.5717761557177615	0.5680433118446766	0.572252460543282	0.5717761557177615	0.5691880116268585	0.5717761557177615	0.5717761557177615	0.5659704794973008	0.5695131852830185	0.8146071788543713	0.8105534018499765	0.6392496374039213	0.6279296294390846
4	0.5815085158150851	0.5815085158150851	0.5812088465546232	0.5804002583946178	0.5815085158150851	0.5755028960950632	0.5815085158150851	0.5815085158150851	0.575068106457474	0.5775367610566219	0.8150937913778236	0.810626912667588	0.6357509528306805	0.6255124669562833
