Times	Accuary	Precision	Recall	MCC	AUROC	AUPR
0	0.779976717112922	0.7409819639278558	0.8608847497089639	0.5674316519030156	0.8546383156633657	0.8278574836230366
1	0.7715366705471478	0.7371631926792069	0.8440046565774156	0.5488688272032084	0.8520759106143132	0.8195520507101379
2	0.7750291036088475	0.7248929081389814	0.8864959254947613	0.5642585512388788	0.8490247749975945	0.8156697895700951
3	0.7491268917345751	0.7838196286472149	0.6880093131548312	0.5020183351634335	0.8440033013453389	0.8169584457107291
4	0.7680442374854481	0.7440381558028617	0.8172293364377182	0.5387012350564131	0.841755987754123	0.8074849957192984
