Times	Accuary	Precision	Recall	MCC	AUROC	AUPR
0	0.6426076833527358	0.6623981373690337	0.6371780515117581	0.28543904564141287	0.7595621787252957	0.7552046011116149
1	0.6292200232828871	0.5768335273573924	0.6443433029908973	0.25987033024892703	0.7326821669076722	0.7310803835696948
2	0.6263096623981373	0.6041909196740396	0.6321559074299634	0.2528668705228729	0.7404808498931399	0.7391550995585165
3	0.6431897555296857	0.6548311990686845	0.6399317406143344	0.28645716477233923	0.7511143395750806	0.750766965925513
4	0.6260186263096624	0.6088474970896391	0.6305003013863774	0.25218600941180624	0.7431608213248477	0.7396562303462946
