Times	Accuary	p_micro	p_macro	p_weigh	r_micro	r_macro	r_weigh	F1_micro	F1_macro	F1_weigh	roc_micro	roc_macro	pr_micro	pr_macro
0	0.6616693679092382	0.6616693679092382	0.6470126028040293	0.6671796664278099	0.6616693679092382	0.652454421987938	0.6616693679092382	0.6616693679092382	0.6486929802499707	0.6636701123451102	0.8625856944032179	0.8619362244923505	0.7181079043264617	0.7009240772359255
1	0.6365478119935171	0.6365478119935171	0.6209914924719453	0.6372860522031213	0.6365478119935171	0.6222886483481069	0.6365478119935171	0.6365478119935171	0.6206312833602217	0.6360145628379835	0.853315851872088	0.8518946910819364	0.6984623508215402	0.6771775017101309
2	0.6434359805510534	0.6434359805510534	0.6435266638654948	0.6558514517443493	0.6434359805510534	0.6292891258489066	0.6434359805510534	0.6434359805510534	0.6303307333904398	0.6430892130153404	0.8552107166217044	0.8604645035893902	0.7053369104324476	0.6982433364322673
3	0.6701782820097245	0.6701782820097245	0.6594781702673382	0.671112961142113	0.6701782820097245	0.6537586661378153	0.6701782820097245	0.6701782820097245	0.6559195630480676	0.66990233348349	0.8688895331885083	0.8663901213662892	0.7246014368580815	0.7060457147427246
4	0.6628849270664505	0.6628849270664505	0.6527797299265856	0.6690428360765176	0.6628849270664505	0.652268822326025	0.6628849270664505	0.6628849270664505	0.6496439779590342	0.6635700536024591	0.868210036057429	0.8676696865982889	0.7225407690450116	0.7054056508882256
