Times	Accuary	p_micro	p_macro	p_weigh	r_micro	r_macro	r_weigh	F1_micro	F1_macro	F1_weigh	roc_micro	roc_macro	pr_micro	pr_macro
0	0.545823195458232	0.545823195458232	0.5492059558002675	0.5656387828597051	0.545823195458232	0.5389105310122224	0.545823195458232	0.545823195458232	0.530776461873119	0.5444772878339896	0.812353605136918	0.8117888631888083	0.5932425390558127	0.5655592434038922
1	0.578264395782644	0.578264395782644	0.5593922978532218	0.5769556106806389	0.578264395782644	0.5571567737259558	0.578264395782644	0.578264395782644	0.5528346573690661	0.5729958699512944	0.8163254102783529	0.812483272903701	0.5977899376403184	0.5662316269024914
2	0.5506893755068938	0.5506893755068938	0.5511210631914216	0.5668956815334752	0.5506893755068938	0.5381868295679275	0.5506893755068938	0.5506893755068938	0.5375557950240053	0.5522580133983622	0.8047446351757243	0.8011882328312404	0.5787159456014952	0.5426481407622127
3	0.5754257907542579	0.5754257907542579	0.5648186750915704	0.5841367256502511	0.5754257907542579	0.5566689241916942	0.5754257907542579	0.5754257907542579	0.5570607377194284	0.575313201704333	0.8245589051379923	0.8191246338018257	0.6023364548991448	0.5678415738513936
4	0.5685320356853204	0.5685320356853204	0.5474463519486072	0.5607961807512013	0.5685320356853204	0.5380383749497378	0.5685320356853204	0.5685320356853204	0.5346104364415863	0.558201936325045	0.8216908649166923	0.8173656603300588	0.6060492353737469	0.5686543714277511
