Times	Accuary	p_micro	p_macro	p_weigh	r_micro	r_macro	r_weigh	F1_micro	F1_macro	F1_weigh	roc_micro	roc_macro	pr_micro	pr_macro
0	0.5800567490879611	0.5800567490879611	0.5768389330384485	0.5794597493389463	0.5800567490879611	0.5746788644351497	0.5800567490879611	0.5800567490879611	0.5743674802943399	0.5783182435283306	0.8163319662265864	0.8112991316389586	0.6407084435178754	0.6292225926493272
1	0.5772192946899067	0.5772192946899067	0.5756651287921595	0.5757711854797253	0.5772192946899067	0.570248657045786	0.5772192946899067	0.5772192946899067	0.5715570435455265	0.5750702453432784	0.8243963405727389	0.8201715608117244	0.6458591004285588	0.6366025368327637
2	0.5723550871503851	0.5723550871503851	0.567193945101157	0.5709434679554602	0.5723550871503851	0.5676960410174887	0.5723550871503851	0.5723550871503851	0.5645389970725505	0.5688857559400475	0.8169838627072328	0.8129286256912411	0.6296211915125521	0.6185499805702461
3	0.5780299959464937	0.5780299959464937	0.5753158310942015	0.5788431150669151	0.5780299959464937	0.5730387214273465	0.5780299959464937	0.5780299959464937	0.5722125982770329	0.5763428310712975	0.8219880890119529	0.818076327681953	0.6475882051051006	0.6389364912780319
4	0.5541143088771787	0.5541143088771787	0.5586022693933294	0.5572250212256703	0.5541143088771787	0.552876643786728	0.5541143088771787	0.5541143088771787	0.5522601282065688	0.5517366066332723	0.8097319970181178	0.8047775744451282	0.6233858719089185	0.6199522809654583
