Times	Accuary	p_micro	p_macro	p_weigh	r_micro	r_macro	r_weigh	F1_micro	F1_macro	F1_weigh	roc_micro	roc_macro	pr_micro	pr_macro
0	0.5688816855753647	0.5688816855753647	0.5615517601281874	0.5779527734381368	0.5688816855753647	0.5667266936522496	0.5688816855753647	0.5688816855753647	0.5601483039083479	0.5702793587926862	0.8167515566074494	0.8128525532214728	0.5926916680235838	0.5701292020610527
1	0.5518638573743923	0.5518638573743923	0.5334987977637087	0.5435886683517676	0.5518638573743923	0.5397151256198952	0.5518638573743923	0.5518638573743923	0.5292933906779291	0.5388602611112975	0.8167310893318868	0.8107835340944062	0.5839901236852831	0.5669181302136174
2	0.5660453808752026	0.5660453808752026	0.5715973660237055	0.5911751523426553	0.5660453808752026	0.5670716422368051	0.5660453808752026	0.5660453808752026	0.5541415797705896	0.5666674076350143	0.8066917538550715	0.8063694288066576	0.5774829489752168	0.5618519203298447
3	0.5563209076175041	0.5563209076175041	0.5589887081208087	0.5801541787659199	0.5563209076175041	0.5518815390753837	0.5563209076175041	0.5563209076175041	0.5432362318803167	0.5585846419454508	0.8069259509293238	0.805625725642285	0.581391625379156	0.5563434137679388
4	0.5652350081037277	0.5652350081037277	0.5723611078493537	0.5887504028138141	0.5652350081037277	0.5565566939237581	0.5652350081037277	0.5652350081037277	0.5522167922322402	0.5661955389507315	0.8136017578215639	0.8160714045955746	0.5988796452557572	0.5767018023466023
