Times	Accuary	Precision	Recall	MCC	AUROC	AUPR
0	0.7066356228172294	0.6931447225244831	0.7415599534342259	0.41428309082033915	0.7803514387821342	0.7399360571076894
1	0.7118742724097789	0.6810945273631841	0.7968568102444703	0.4300050815453649	0.7859185627492781	0.7484591350318683
2	0.6926658905704307	0.6353229762878169	0.9045401629802096	0.4254143798117022	0.7743306508773096	0.7349701523208131
3	0.6833527357392316	0.6392572944297082	0.8416763678696159	0.38659853210633605	0.7582575984474461	0.724341670816653
4	0.7112922002328289	0.6607617360496014	0.8684516880093132	0.4451455197332193	0.7817881541874638	0.7479953495270383
