Times	Accuary	p_micro	p_macro	p_weigh	r_micro	r_macro	r_weigh	F1_micro	F1_macro	F1_weigh	roc_micro	roc_macro	pr_micro	pr_macro
0	0.38929440389294406	0.38929440389294406	0.37777272636350706	0.3875851996658521	0.38929440389294406	0.377572261236808	0.38929440389294406	0.38929440389294406	0.3774604493221814	0.3882508083812468	0.6752872315724181	0.6579735395832604	0.375269867228387	0.3628654696625889
1	0.38361719383617193	0.38361719383617193	0.37719885216466564	0.3843465025835574	0.38361719383617193	0.3769510417309642	0.38361719383617193	0.38361719383617193	0.3768909980036768	0.38377501910587764	0.6656348453046317	0.6521042491019136	0.36474299805173227	0.3569735695529251
2	0.41524736415247365	0.41524736415247365	0.4073553691346844	0.41639696298482287	0.41524736415247365	0.40657334867696343	0.41524736415247365	0.4152473641524737	0.4063685910312077	0.4151559857325515	0.6795019455730676	0.6640135074201987	0.38962693893443945	0.37692130138600094
3	0.40794809407948096	0.40794809407948096	0.4004420503981363	0.405545432692205	0.40794809407948096	0.405079617443522	0.40794809407948096	0.40794809407948096	0.40137157157367126	0.40513771889962935	0.6853892034124214	0.6723421799933569	0.3915236089854274	0.3839102944139493
4	0.402676399026764	0.402676399026764	0.3945051891539921	0.40097088381449364	0.402676399026764	0.3883078392876682	0.402676399026764	0.402676399026764	0.39024938247208757	0.4009139426809407	0.6724304830638561	0.6596111166833658	0.37818175698010426	0.3683453767711754
