Times	Accuary	p_micro	p_macro	p_weigh	r_micro	r_macro	r_weigh	F1_micro	F1_macro	F1_weigh	roc_micro	roc_macro	pr_micro	pr_macro
0	0.792055127685448	0.792055127685448	0.8042618966421943	0.8006822413620047	0.792055127685448	0.806181366249169	0.792055127685448	0.792055127685448	0.7962191812013294	0.7856328116100151	0.9488011923585081	0.9547675319874858	0.8847732702365269	0.8985609408209879
1	0.7977300364815565	0.7977300364815565	0.807928435703444	0.8065828501049682	0.7977300364815565	0.8122042269756833	0.7977300364815565	0.7977300364815565	0.8011334661579341	0.7915806230893533	0.9508833724471223	0.9573390474718295	0.8910747491964224	0.9065748246744965
2	0.7940818808269153	0.7940818808269153	0.8017301379763369	0.8003547578959321	0.7940818808269153	0.8085194288540499	0.7940818808269153	0.7940818808269152	0.7980068946972254	0.7889044102776918	0.9518278213370416	0.956641254070312	0.8916153357076524	0.904017020066054
3	0.8236724766923389	0.8236724766923389	0.8322075661777562	0.8300323070944026	0.8236724766923389	0.834698862437391	0.8236724766923389	0.8236724766923389	0.8273646751467775	0.8195878674367976	0.9577886554074382	0.96217755004972	0.9069380259505974	0.9193283055426245
4	0.8021888933927848	0.8021888933927848	0.8059091639419285	0.8063480591621066	0.8021888933927848	0.8152408719411834	0.8021888933927848	0.8021888933927848	0.8040533875574736	0.7966815218925473	0.9534874531082276	0.9578497648866653	0.8956037503274665	0.9056619326918635
