Times	Accuary	p_micro	p_macro	p_weigh	r_micro	r_macro	r_weigh	F1_micro	F1_macro	F1_weigh	roc_micro	roc_macro	pr_micro	pr_macro
0	0.38492706645056723	0.38492706645056723	0.378364068229074	0.3848107263312371	0.38492706645056723	0.37590804833795494	0.38492706645056723	0.38492706645056723	0.3770102673695689	0.3847493881063341	0.6692154444529086	0.6527838323663374	0.37266191827148376	0.3646037949276685
1	0.40964343598055103	0.40964343598055103	0.4082792213152428	0.4166915398733199	0.40964343598055103	0.4021923867839111	0.40964343598055103	0.40964343598055103	0.4017740668628583	0.40904547796521973	0.6758143896111174	0.6578734945727549	0.39159524581130445	0.3837669431087531
2	0.3918152350081037	0.3918152350081037	0.38375407136064477	0.3908937161150869	0.3918152350081037	0.38373739403790963	0.3918152350081037	0.3918152350081037	0.3836049014593294	0.39123345364134304	0.672606992409377	0.660355547945818	0.3794734504027559	0.36933452836574787
3	0.3873581847649919	0.3873581847649919	0.38030717729404395	0.3918376129962163	0.3873581847649919	0.3848337128549826	0.3873581847649919	0.3873581847649919	0.3813579602522726	0.38857593783738414	0.662868290564389	0.6535640439479612	0.3652187037559542	0.35976936605693777
4	0.386547811993517	0.386547811993517	0.38220428610364476	0.3907007825618307	0.386547811993517	0.38076657470792186	0.386547811993517	0.38654781199351707	0.37911495147572594	0.3858586050295785	0.67069893885385	0.6578818212595425	0.36891302249336827	0.3635794322090281
