Times	Accuary	Precision	Recall	MCC	AUROC	AUPR
0	0.7118742724097789	0.6905759162303665	0.7677532013969732	0.4264198655367576	0.7898243415943762	0.7592363245506278
1	0.6880093131548312	0.6621485943775101	0.7677532013969732	0.3808941077059877	0.7601264634812388	0.7268051290065323
2	0.689173457508731	0.6359832635983264	0.8847497089639115	0.4111010290638377	0.7780085813295098	0.7441349798158321
3	0.7043073341094296	0.6889128094725512	0.7450523864959255	0.4099781938770223	0.7774361651811064	0.7428227805586047
4	0.6871362048894063	0.6344625679631953	0.8830034924330618	0.4067832292495925	0.7672410930759839	0.7350035816598266
