Times	Accuary	Precision	Recall	MCC	AUROC	AUPR
0	0.6767408906882592	0.025291990523296896	0.5474583895636527	0.058709911944467064	0.6644345120815639	0.025397524953451156
1	0.6512685560053981	0.02383748916915375	0.5569050832208727	0.05340242886316602	0.6531526446476998	0.024620311242221613
2	0.6053576248313091	0.02389696549156329	0.6351776878092668	0.059601007233064156	0.6661709129111169	0.025306536071663097
3	0.6487179487179487	0.024972834893341213	0.589293747188484	0.060729973756833554	0.6703036790244111	0.0264325947460799
4	0.69555330634278	0.02599009900990099	0.5290148448043185	0.059940472236930234	0.6674870144737244	0.026802749880509846
