Times	Accuary	p_micro	p_macro	p_weigh	r_micro	r_macro	r_weigh	F1_micro	F1_macro	F1_weigh	roc_micro	roc_macro	pr_micro	pr_macro
0	0.372111876773409	0.372111876773409	0.3607928738639616	0.3744874181012982	0.372111876773409	0.3516063302321128	0.372111876773409	0.372111876773409	0.35218539998717385	0.3693190379260821	0.6350336535225386	0.6163197210060607	0.35378432658608777	0.33748088710353086
1	0.37494933117146334	0.37494933117146334	0.3617670140046218	0.3741111942257004	0.37494933117146334	0.35708311078483157	0.37494933117146334	0.37494933117146334	0.3565079225230811	0.37164157075625787	0.642479759990365	0.6245365025166195	0.3525506887640482	0.3395292259126517
2	0.3676530198621808	0.3676530198621808	0.35325564173046664	0.3657620519892406	0.3676530198621808	0.34807178267652084	0.3676530198621808	0.36765301986218074	0.34647243280939927	0.36254471759579315	0.6388953562788845	0.6219724737750502	0.34381561227269597	0.3307777784347424
3	0.37697608431293067	0.37697608431293067	0.3704050285269731	0.3817788060617829	0.37697608431293067	0.35734515387890053	0.37697608431293067	0.37697608431293067	0.35984797968401333	0.37536201912202827	0.6455951706698122	0.6247703756312497	0.3570565995025975	0.3439900995394217
4	0.36076205918119175	0.36076205918119175	0.3505552848920449	0.364349007944015	0.36076205918119175	0.3403441624556525	0.36076205918119175	0.36076205918119175	0.3410518592880074	0.35815951655762857	0.631260677697396	0.6093494295819966	0.34183535911978025	0.3290076612892482
