Times	Accuary	p_micro	p_macro	p_weigh	r_micro	r_macro	r_weigh	F1_micro	F1_macro	F1_weigh	roc_micro	roc_macro	pr_micro	pr_macro
0	0.3695299837925446	0.3695299837925446	0.3621177353534137	0.3755981568116888	0.3695299837925446	0.35701555802667634	0.3695299837925446	0.3695299837925446	0.35614277690018437	0.36950998736446883	0.6397992630905192	0.6235849497495739	0.3540505961412563	0.34370791951744883
1	0.3618314424635332	0.3618314424635332	0.34462806022109077	0.3599339475413319	0.3618314424635332	0.34012572318647083	0.3618314424635332	0.36183144246353316	0.3394434120165729	0.35790513663230406	0.6334426417189184	0.615582628299723	0.34866105134903747	0.33506665408435304
2	0.37844408427876824	0.37844408427876824	0.36690945629505295	0.37895897735925255	0.37844408427876824	0.36007269934920594	0.37844408427876824	0.37844408427876824	0.3598550435429888	0.37509474295514605	0.6397674129451248	0.621738821973369	0.35825598040183354	0.34464506222904434
3	0.37317666126418153	0.37317666126418153	0.363180027436821	0.375398221902786	0.37317666126418153	0.3574178922914018	0.37317666126418153	0.3731766612641816	0.3573344995370539	0.37139501800954045	0.6366138107484062	0.6182659566280566	0.3468754974217243	0.33703746364536613
4	0.3739870340356564	0.3739870340356564	0.36028330929180463	0.3714569090596859	0.3739870340356564	0.3570112493049973	0.3739870340356564	0.3739870340356564	0.3558419458383353	0.3698911459492664	0.642613020952361	0.6238971675294847	0.3618917238180591	0.3481939991515833
