Times	Accuary	Precision	Recall	MCC	AUROC	AUPR
0	0.6856810244470314	0.8090803259604191	0.6489262371615313	0.3832161534451459	0.8922258467151206	0.9067787571672236
1	0.6894644935972061	0.7863795110593713	0.658703071672355	0.3862542505624366	0.8850414226684249	0.8953438205430087
2	0.6859720605355064	0.789289871944121	0.6541244573082489	0.3801484982656557	0.8781114434441326	0.8895057597026511
3	0.6725844004656577	0.719441210710128	0.6577967003725386	0.3466945359349664	0.8518070664510944	0.8654606703055789
4	0.6824796274738067	0.7718277066356228	0.6548148148148148	0.37092962475195146	0.8711157354641196	0.8833197224648581
