Times	Accuary	p_micro	p_macro	p_weigh	r_micro	r_macro	r_weigh	F1_micro	F1_macro	F1_weigh	roc_micro	roc_macro	pr_micro	pr_macro
0	0.5743818402918525	0.5743818402918525	0.5841738743930441	0.6086412620723167	0.5743818402918525	0.563610920402217	0.5743818402918525	0.5743818402918525	0.5623762470099763	0.5791111679279345	0.8104666779163653	0.8040462950064315	0.5936127226394409	0.5666541401904083
1	0.5630320226996351	0.5630320226996351	0.5592905314870781	0.5789833257732769	0.5630320226996351	0.5452441641599016	0.5630320226996351	0.5630320226996351	0.5469027702272184	0.5653774412204154	0.8115016611379384	0.8072712848759225	0.601472346836217	0.5672801729501871
2	0.5622213214430483	0.5622213214430483	0.5812559460975617	0.6058138544795844	0.5622213214430483	0.5418944196374944	0.5622213214430483	0.5622213214430483	0.5416249459243277	0.5599158830538092	0.8097320244029732	0.8023165506134756	0.5818145968661473	0.5577557132992501
3	0.5533036076205918	0.5533036076205918	0.5622645811578468	0.5811274753888406	0.5533036076205918	0.5391951198353411	0.5533036076205918	0.5533036076205918	0.5407361350645827	0.5576725515100438	0.8071876153415874	0.802654205609617	0.5816184738559131	0.5510199125067526
4	0.5492501013376571	0.5492501013376571	0.5745547776676787	0.5974947229440942	0.5492501013376571	0.5533664911368987	0.5492501013376571	0.5492501013376571	0.5349246178288407	0.5499756355440784	0.803807940808402	0.8003230382450301	0.5770773280426789	0.5488318458341227
