Times	Accuary	Precision	Recall	MCC	AUROC	AUPR
0	0.5264246828650123	0.021365329590239162	0.6823275862068966	0.05021575710693712	0.652520268347867	0.025733431037851043
1	0.644802348285984	0.023802197404383947	0.5668103448275862	0.05398124570291904	0.6558673948638695	0.025356258281374097
2	0.7498351285996923	0.026529549596459256	0.4392241379310345	0.0545204843522416	0.657842799817747	0.025201581360518036
3	0.5474118422924237	0.02175019079114729	0.6633620689655172	0.050995671107019684	0.6524951299039347	0.02442539917430071
4	0.7227574256785589	0.026278906797477224	0.4849137931034483	0.05740408824096473	0.6550227855874355	0.02456429523722975
