Times	Accuary	Precision	Recall	MCC	AUROC	AUPR
0	0.6993597206053551	0.6463049978641606	0.880675203725262	0.42784139838022367	0.7775577972599919	0.7398389815479463
1	0.6760768335273574	0.6217303822937625	0.8993015133876601	0.39355181501210146	0.7618426955023914	0.7267480236497712
2	0.709254947613504	0.6571928290336686	0.8748544819557625	0.44354306550516126	0.7854079790643749	0.7533410185389986
3	0.6958672875436555	0.701376421304608	0.6821885913853318	0.39188124977355154	0.7773651849010884	0.7469586865076999
4	0.7112922002328289	0.6816816816816816	0.7927823050058207	0.42831120466338024	0.7792974070344675	0.7412960628964937
