Times	Accuary	p_micro	p_macro	p_weigh	r_micro	r_macro	r_weigh	F1_micro	F1_macro	F1_weigh	roc_micro	roc_macro	pr_micro	pr_macro
0	0.5737439222042139	0.5737439222042139	0.5670408572380459	0.5720729377411	0.5737439222042139	0.5673701245043494	0.5737439222042139	0.5737439222042139	0.565184576941171	0.5709098065782363	0.8215105538904461	0.8184339473251243	0.644003760184284	0.6305330193410882
1	0.5692868719611021	0.5692868719611021	0.5644154162870585	0.5677983631993134	0.5692868719611021	0.5640721079328879	0.5692868719611021	0.5692868719611021	0.5628871565255227	0.5671505784902583	0.8162762397039753	0.8121400324387337	0.638969081693409	0.6280704407269024
2	0.580226904376013	0.580226904376013	0.5787422934249894	0.5810643605719326	0.580226904376013	0.5742821551635603	0.580226904376013	0.580226904376013	0.5732898905393805	0.5773666156515908	0.8264934051592421	0.8238341693135928	0.6562134839434662	0.6480131618182884
3	0.5705024311183144	0.5705024311183144	0.5723592198141234	0.5702932332978785	0.5705024311183144	0.5692157329725811	0.5705024311183144	0.5705024311183144	0.5678887464203957	0.5671862589155447	0.8188559099422362	0.8148706066992084	0.6479104965949961	0.6396406731116933
4	0.5887358184764991	0.5887358184764991	0.5863409194062889	0.5887081703406722	0.5887358184764991	0.5847728595392147	0.5887358184764991	0.5887358184764991	0.5837331366445159	0.5868374703143323	0.8216367778773049	0.818641606038155	0.6494585803878115	0.6400069530962835
