Times	Accuary	p_micro	p_macro	p_weigh	r_micro	r_macro	r_weigh	F1_micro	F1_macro	F1_weigh	roc_micro	roc_macro	pr_micro	pr_macro
0	0.5178282009724473	0.5178282009724473	0.6009325298979239	0.633534838878187	0.5178282009724473	0.5144628293073346	0.5178282009724473	0.5178282009724473	0.48242787432131956	0.48460585421238617	0.8053156305628304	0.8030599615146461	0.5061715917754663	0.5291765742075886
1	0.5056726094003241	0.5056726094003241	0.5131295144084556	0.5319122304251808	0.5056726094003241	0.5016778191729852	0.5056726094003241	0.5056726094003241	0.49941804426487235	0.512615474711536	0.7980569167570729	0.7883938259580197	0.5275237903926524	0.5053774194865572
2	0.5279578606158833	0.5279578606158833	0.5491043865233197	0.5682792973798403	0.5279578606158833	0.5409859771767603	0.5279578606158833	0.5279578606158833	0.5228753507560533	0.5310999252259165	0.8006988644273934	0.7969764906897577	0.5366008632569159	0.5251960916155003
3	0.5324149108589952	0.5324149108589952	0.5227233038487815	0.5385494536623654	0.5324149108589952	0.530351565128394	0.5324149108589952	0.5324149108589952	0.523877231799294	0.533372162692162	0.8132963904481961	0.8046704817623092	0.5493336788804869	0.5333251501444101
4	0.553484602917342	0.553484602917342	0.538947844668474	0.5555499292892676	0.553484602917342	0.5221951402341347	0.553484602917342	0.553484602917342	0.49990373161382395	0.5305022764263391	0.8071979358478968	0.7933564061561035	0.5425300946465881	0.5171845647890769
