Times	Accuary	Precision	Recall	MCC	AUROC	AUPR
0	0.5509485924112607	0.021869269765936793	0.6617707058343534	0.05152224728930475	0.6499372757206523	0.024050209890436252
1	0.6430905752753978	0.02433334468548854	0.5830273357813137	0.05751344208509415	0.6658596253501001	0.02681271210682805
2	0.66328029375765	0.023840147823408996	0.5369237046103631	0.051946660311067594	0.6441508561625783	0.023825519491297645
3	0.5795838433292534	0.020873414242525062	0.5887392900856793	0.04137889193592001	0.6325029548133596	0.02314712454294915
4	0.674969400244798	0.024230357444730368	0.5263157894736842	0.052790501105053414	0.6493087325007953	0.02442803697516782
