Times	Accuary	p_micro	p_macro	p_weigh	r_micro	r_macro	r_weigh	F1_micro	F1_macro	F1_weigh	roc_micro	roc_macro	pr_micro	pr_macro
0	0.7978119935170178	0.7978119935170178	0.8015177258269868	0.8007983119762168	0.7978119935170178	0.8091545284664846	0.7978119935170178	0.7978119935170178	0.8000393852663612	0.7931196565798004	0.9501017945969895	0.9532219782649102	0.8899283049014672	0.8972725871306662
1	0.8079416531604539	0.8079416531604539	0.8104554028419766	0.8126016448717743	0.8079416531604539	0.8197977940525475	0.8079416531604539	0.8079416531604539	0.8080757158921287	0.8021076850635712	0.9541122313752171	0.958003196071917	0.8993283398627266	0.9063789982414203
2	0.8018638573743923	0.8018638573743923	0.8106841967370205	0.809106511191022	0.8018638573743923	0.8137721205639349	0.8018638573743923	0.8018638573743923	0.8056464269281333	0.7977394930606673	0.952676703731042	0.9569368606190016	0.8965105186998014	0.9091055557584559
3	0.7824149108589952	0.7824149108589952	0.788711161263034	0.7887041221426464	0.7824149108589952	0.7967118993907586	0.7824149108589952	0.7824149108589952	0.7839120169825605	0.7752588761554896	0.946170107576876	0.9522907085713572	0.8801479200498924	0.8943458133307562
4	0.8091572123176661	0.8091572123176661	0.8147352530372403	0.8139543346798879	0.8091572123176661	0.8234008002417607	0.8091572123176661	0.8091572123176661	0.8129606444048362	0.8044776429461242	0.9553847048815874	0.9589623232946739	0.9011335592628638	0.9113397628496234
