Times	Accuary	Precision	Recall	MCC	AUROC	AUPR
0	0.7706513767584505	0.08936867996720416	0.7517241379310344	0.20433830612759712	0.8146607759015301	0.14757825310535708
1	0.6399759983998933	0.06378492356352135	0.8344827586206897	0.16207288398263398	0.8174733321337134	0.19757418788992376
2	0.77118474564971	0.08409658617818484	0.696551724137931	0.1846046780174495	0.8057234497280334	0.14818877183766943
3	0.7479831988799254	0.08281366924420056	0.7632183908045977	0.19367498212349213	0.827533644603131	0.14765905940536675
4	0.7455163677578506	0.07448414695520886	0.6804597701149425	0.1627209856614891	0.7933058052132956	0.1417875091542006
