Times	Accuary	Precision	Recall	MCC	AUROC	AUPR
0	0.7817621759851214	0.09218436873747494	0.7374749498997996	0.20694635850622572	0.829756418325368	0.11529571133806532
1	0.7447402069045682	0.0864669640960272	0.8156312625250501	0.21014628124943688	0.8445829829288073	0.18985700698189711
2	0.6569801232128327	0.06975633062589584	0.8777555110220441	0.18410015482039155	0.8358707598953219	0.13214631154576004
3	0.6793560385911891	0.07169682485489928	0.8416833667334669	0.18279976746955648	0.8292221601280013	0.11935291483117208
4	0.8269208415668953	0.1013187520102927	0.6312625250501002	0.20238078164053197	0.8214676794781879	0.11945651349594322
