Times	Accuary	Precision	Recall	MCC	AUROC	AUPR
0	0.7207659416248373	0.06969309462915602	0.6987179487179487	0.15525771728091575	0.7687795952921359	0.10222420053058484
1	0.7467930842163971	0.08298755186721991	0.7692307692307693	0.19506600066936625	0.815694116479106	0.13237788400499456
2	0.834851583317841	0.09688073394495413	0.5641025641025641	0.18232723148652472	0.7926907912787675	0.1231551196238116
3	0.7984755530767801	0.0812274368231047	0.5769230769230769	0.15851454763626216	0.7462306486813474	0.11318560141400083
4	0.8486707566462167	0.11172305271439811	0.6068376068376068	0.2131548250069748	0.7878467909580298	0.1480137860406784
