Times	Accuary	Precision	Recall	MCC	AUROC	AUPR
0	0.8367229027039519	0.833029751062538	0.875	0.6703896803274337	0.9214580104193576	0.9340130061093328
1	0.8399584007395424	0.8484148645811463	0.8590561224489796	0.6771459153458977	0.9211058727288385	0.9316856446647337
2	0.8361451351975965	0.8588903451288772	0.8358843537414966	0.6709129961147754	0.9173702693102557	0.9261827689484765
3	0.8354518141899699	0.869036903690369	0.8210034013605442	0.6713452841427886	0.9180433027641436	0.9276840243988922
4	0.8314074416454819	0.8259995981514969	0.873937074829932	0.6596926322019652	0.917865915353483	0.9291744378873453
