Times	Accuary	Precision	Recall	MCC	AUROC	AUPR
0	0.8334484346224678	0.8529538594221647	0.8379580597331074	0.6650516190707152	0.9147383142443908	0.9263570169461324
1	0.8339088397790055	0.8343533251733987	0.8663418767210337	0.6646630807597534	0.9166780354360671	0.9305722549708925
2	0.8306860036832413	0.8565160157964019	0.8269434441855539	0.6603870975848978	0.914667058090505	0.9273405163307243
3	0.8281537753222836	0.8786954481464101	0.7932641389536115	0.6605553481088148	0.9145823729949162	0.9289162332513085
4	0.8370165745856354	0.8599433674580701	0.8362635034950222	0.6727209348695118	0.9186976895332266	0.9312995220255245
