Times	Accuary	Precision	Recall	MCC	AUROC	AUPR
0	0.8351977857225233	0.8675778624243782	0.8220806794055202	0.6706509758665085	0.9189601802285661	0.9319520545160174
1	0.8326605927805328	0.818199570396407	0.8895966029723992	0.663082276349479	0.9199015239347973	0.9331481813414367
2	0.8331219005881675	0.829662558092544	0.8717622080679406	0.6631472390157487	0.9187951958345459	0.9308782595665153
3	0.8340445162034368	0.8458447874814972	0.8492569002123143	0.6654727670728575	0.9193665306805043	0.9294131863783803
4	0.8279321877522777	0.8266341859520909	0.8645435244161359	0.6525972567840156	0.918897627665921	0.9330383602657779
