Times	Accuary	Precision	Recall	MCC	AUROC	AUPR
0	0.7188391798744347	0.05379990750732234	0.567479674796748	0.10433601602679485	0.6888602625309711	0.06712004010970817
1	0.5021732449400711	0.03373913043478261	0.6308943089430894	0.04198083386415038	0.6166618976450571	0.11516695226288393
2	0.779119287000044	0.05249290636400487	0.4211382113821138	0.0827034767620168	0.6732607194766109	0.06195118431620397
3	0.027000921982701848	0.027000921982701848	1.0	nan	0.6701708336910099	0.061106627193318136
4	0.027000921982701848	0.027000921982701848	1.0	nan	0.6917236564749006	0.10086843068483398
