Times	Accuary	Precision	Recall	MCC	AUROC	AUPR
0	0.7570808352284474	0.08463251670378619	0.8147013782542113	0.21071667875215488	0.8631219708251694	0.17810358907988846
1	0.7600578871201158	0.08252269779507133	0.77947932618683	0.20042872661988473	0.837979770923514	0.13270336488721238
2	0.7249534835641926	0.07496103159982996	0.8101071975497703	0.18993432450800196	0.8402977510146166	0.12284354979453609
3	0.693611742815795	0.07141951033870354	0.8621745788667687	0.19057114597462382	0.8540044783435231	0.21450971723572193
4	0.704362207980153	0.06979208051913653	0.8070444104134763	0.1778792426358764	0.826633453934156	0.14619440112647233
