Times	Accuary	Precision	Recall	MCC	AUROC	AUPR
0	0.031922723091076355	0.027090749387453192	0.9982964224872232	0.00780725150831633	0.5669556780722522	0.030558293757274903
