Times	Accuary	Precision	Recall	MCC	AUROC	AUPR
0	0.8615915363385465	0.11036036036036036	0.5843270868824532	0.2100487310519753	0.7658526412297005	0.18956536356288606
1	0.7292548298068078	0.059371362048894066	0.6081771720613288	0.12348829477824075	0.7246805963302494	0.11055658723894282
2	0.6381784728610855	0.05986213568750756	0.8432708688245315	0.15884176668054759	0.8124205160246056	0.10745855745510344
3	0.8802667893284268	0.1261127596439169	0.5792163543441227	0.23007048044118217	0.7427928958570764	0.17103184043973413
4	0.9152713891444342	0.16062736614386156	0.5059625212947189	0.2513547343568136	0.7667978919869199	0.18092839854676235
