Times	Accuary	Precision	Recall	MCC	AUROC	AUPR
0	0.7589553896524083	0.06040452251476859	0.6213279678068411	0.13618174881710726	0.7667735931899183	0.06141774417817006
1	0.7119691716324934	0.05524825925684909	0.6832997987927565	0.13265229355429484	0.7701766986497834	0.06713219687786123
2	0.6912334244405598	0.052430249855794045	0.6949698189134809	0.12687998705201572	0.7550510094289614	0.06134597672466276
3	0.5926348016727673	0.04618832029999543	0.8128772635814889	0.1239718550173763	0.7660928442727295	0.06408773503179928
4	0.7700910750330787	0.06131687242798354	0.5995975855130785	0.13502049910025407	0.772692804627002	0.07138533765873613
