Times	Accuary	Precision	Recall	MCC	AUROC	AUPR
0	0.6153626288517214	0.0467460832483545	0.7748751440645409	0.12079933081178118	0.7599445294016871	0.0623060853329298
1	0.730780578657176	0.053668523863865204	0.6142912024587015	0.11929989792805744	0.7429804137913414	0.056372062038543225
2	0.6622010363458666	0.04936179227795138	0.7160968113714944	0.12110932132230594	0.7592321515345662	0.06673561332230375
3	0.7135573217282266	0.0549718574108818	0.6753745678063773	0.13085972548463548	0.7622324611260051	0.06833587639329021
4	0.72572793154954	0.052758188888156594	0.6150595466769112	0.11711730903829261	0.7373100182181886	0.060295143869187065
