Times	Accuary	Precision	Recall	MCC	AUROC	AUPR
0	0.7035101410896081	0.05144490314385519	0.6510778224333211	0.11843898215068117	0.7464437503756904	0.05999604804684363
1	0.7213546005384028	0.05525606469002695	0.6591158202411399	0.12934074036532692	0.7598193305147145	0.060536173946124844
2	0.6907252654746977	0.053056738562989425	0.7055169894044574	0.12997933749829335	0.7618371923221083	0.0667051658209003
3	0.6835436378144703	0.05060903309259459	0.6861527219583485	0.12074592303376351	0.750945456604762	0.05943179632375674
4	0.7299655387097623	0.056016203557187165	0.6466934599926927	0.12950575420655291	0.7625027160011345	0.06844984927755413
