Times	Accuary	Precision	Recall	MCC	AUROC	AUPR
0	0.7588726513569938	0.09606986899563319	0.4782608695652174	0.12596943212473027	0.7080830472921433	0.13574833141856535
1	0.40501043841336115	0.061872909698996656	0.8043478260869565	0.08352816048711396	0.7109672959572846	0.14707609491471407
2	0.6534446764091858	0.05864197530864197	0.41304347826086957	0.03552688925985969	0.6453923531655225	0.099701672652012
3	0.7108559498956158	0.08896797153024912	0.5434782608695652	0.12340006125078562	0.7072964340198322	0.09961700290131444
4	0.7922755741127349	0.11557788944723618	0.5	0.16180506113045914	0.7480215484363081	0.13202354007018288
