Times	Accuary	Precision	Recall	MCC	AUROC	AUPR
0	0.5475989890480202	0.07295373665480427	0.7192982456140351	0.11058233893298727	0.6757956839000155	0.10126433587842941
1	0.5181128896377422	0.06722689075630252	0.7017543859649122	0.09005831402201564	0.6659214407700668	0.09299200570615315
2	0.628475147430497	0.07142857142857142	0.5614035087719298	0.085243584563796	0.6752057133985405	0.0957379861778902
3	0.5897219882055602	0.06477732793522267	0.5614035087719298	0.06617135356932491	0.5789240801117839	0.0987865781587473
4	0.5096882898062342	0.06467661691542288	0.6842105263157895	0.07916029213889388	0.6258189722092843	0.08046425573419098
