Times	Accuary	Precision	Recall	MCC	AUROC	AUPR
0	0.5198329853862212	0.057692307692307696	0.5869565217391305	0.04422748522870088	0.6975591151792526	0.21396064783111993
1	0.7379958246346555	0.09803921568627451	0.5434782608695652	0.1409117206955524	0.7011465484363082	0.1242941383091003
2	0.639874739039666	0.09919571045576407	0.8043478260869565	0.1911426175768443	0.7671505530129672	0.15166286789369746
3	0.5375782881002088	0.08385744234800839	0.8695652173913043	0.16693707667430208	0.7788424866514112	0.11969424684923329
4	0.4363256784968685	0.06666666666666667	0.8260869565217391	0.10572769521339341	0.7235650266971777	0.105482226201562
