Times	Accuary	Precision	Recall	MCC	AUROC	AUPR
0	0.7694630872483221	0.7845142439737034	0.732605729877217	0.5394696564603038	0.8441003566530482	0.831747817302659
1	0.7570469798657719	0.7752225519287834	0.7128240109140518	0.5149693298447132	0.8425252441514486	0.8370179680459326
2	0.7536912751677852	0.7859375	0.6862210095497954	0.5102713484202379	0.8368593896709384	0.8246660740545482
3	0.7204697986577181	0.8576271186440678	0.5177353342428377	0.47540980357587026	0.8406072653415777	0.8335169274590454
4	0.7624161073825504	0.7884322678843226	0.7066848567530696	0.526684644276666	0.8399474391806532	0.8239378007543903
