Times	Accuary	Precision	Recall	MCC	AUROC	AUPR
0	0.7546791443850267	0.7771084337349398	0.7020408163265306	0.510713776081407	0.8349347886329301	0.8242776190190777
1	0.75	0.7384412153236459	0.7605442176870748	0.5003208931078938	0.8373497099233911	0.830586187721688
2	0.7105614973262032	0.8561320754716981	0.49387755102040815	0.4589464870549904	0.8344172097222595	0.8203841046802649
3	0.7486631016042781	0.7933006535947712	0.6605442176870748	0.5026184719573632	0.8315763361849339	0.8206650525654879
4	0.7563502673796791	0.7663551401869159	0.7251700680272108	0.5128226718538164	0.8311190967845745	0.8087703358092642
