Times	Accuary	Precision	Recall	MCC	AUROC	AUPR
0	0.7574024226110363	0.7883268482490272	0.6928864569083447	0.517442524883053	0.835179967566882	0.8199037999838172
1	0.7668236877523553	0.8103309120258273	0.6867305061559508	0.5385234814141705	0.8450224676348286	0.8343015507477904
2	0.7533647375504711	0.7583274273564847	0.7318741450068399	0.5066260087682442	0.8327637908698056	0.8121921008621211
3	0.7368775235531628	0.8238095238095238	0.591655266757866	0.4906729181631688	0.8353163134959822	0.8312177053263577
4	0.746971736204576	0.784	0.6703146374829001	0.49776002294591826	0.8310626375916146	0.8099967700680051
