Times	Accuary	Precision	Recall	MCC	AUROC	AUPR
0	0.7031647654121381	0.04444225463145447	0.6751497005988024	0.11533619792742468	0.7637129883095317	0.06748745803236815
1	0.7215784903739633	0.04816249607370956	0.688622754491018	0.12729927966986604	0.7733995971882577	0.0747187316289804
2	0.7029851193149496	0.04143536875495638	0.625748502994012	0.10071786394765393	0.7284611065669218	0.05788003721366866
3	0.7063385131291356	0.04436689930209372	0.6661676646706587	0.11402119630330847	0.7572614692401882	0.05980638233437997
4	0.1631785382795892	0.0214699175583231	0.9161676646706587	0.02532853977156712	0.6382994833406115	0.042012939977206565
