Times	Accuary	p_micro	p_macro	p_weigh	r_micro	r_macro	r_weigh	F1_micro	F1_macro	F1_weigh	roc_micro	roc_macro	pr_micro	pr_macro
0	0.5293560606060606	0.5293560606060606	0.409425010824085	0.568617796632262	0.5293560606060606	0.4580427396280401	0.5293560606060606	0.5293560606060606	0.4201226566587324	0.5436424867421992	0.7549524602081421	0.6770880445385439	0.5038948394143178	0.3932380683175889
1	0.5378787878787878	0.5378787878787878	0.39231781676252236	0.569453979707695	0.5378787878787878	0.41439221208869814	0.5378787878787878	0.5378787878787878	0.3947524887651655	0.5506271485705425	0.7695886421028466	0.682477942967358	0.5227292675871291	0.38548276726049685
2	0.5066287878787878	0.5066287878787878	0.37142469337440787	0.5598431616157874	0.5066287878787878	0.38086552217453506	0.5066287878787878	0.5066287878787878	0.3629709980949162	0.5193298579833058	0.7562572337962964	0.6429194031930258	0.48434281488716163	0.3558347262955227
3	0.5227272727272727	0.5227272727272727	0.38263256584667105	0.5842528097963773	0.5227272727272727	0.3980273158082976	0.5227272727272727	0.5227272727272727	0.3786222976913892	0.5474397390541205	0.7496577398033364	0.6580673920917085	0.48725521842997266	0.36889943563956373
4	0.5492424242424242	0.5492424242424242	0.41574361259395815	0.566173700008022	0.5492424242424242	0.4376788268955651	0.5492424242424242	0.5492424242424242	0.4228384637653189	0.5549808573365941	0.7776606022344659	0.6814261432555352	0.5293848736365399	0.38797862194755384
