Times	Accuary	p_micro	p_macro	p_weigh	r_micro	r_macro	r_weigh	F1_micro	F1_macro	F1_weigh	roc_micro	roc_macro	pr_micro	pr_macro
0	0.5113421550094518	0.5113421550094518	0.385586015120247	0.5578235143031353	0.5113421550094518	0.41980728051391863	0.5113421550094518	0.5113421550094518	0.3897543208040279	0.5287892732135198	0.7596679900371998	0.663034363881025	0.4914497443014292	0.371891174268818
1	0.5236294896030246	0.5236294896030246	0.3833887545566661	0.553707835603079	0.5236294896030246	0.40549942005710204	0.5236294896030246	0.5236294896030246	0.38795024992900873	0.5362397368431304	0.7726357705506579	0.6787408721722379	0.5046836228368066	0.371540149816231
2	0.5226843100189036	0.5226843100189036	0.3726354406447802	0.5523669807021939	0.5226843100189036	0.3893970824411135	0.5226843100189036	0.5226843100189036	0.37596767376470286	0.5352394882367961	0.755296460013603	0.6532353526478946	0.4909938128298301	0.3619717155671181
3	0.5321361058601134	0.5321361058601134	0.41487990772864	0.5534140827617978	0.5321361058601134	0.4424785867237687	0.5321361058601134	0.5321361058601134	0.4198225743936915	0.5348154239255085	0.768755293184344	0.6817092593566092	0.49592021359444227	0.38032825525729935
4	0.5368620037807184	0.5368620037807184	0.41238611603331476	0.5587231672908127	0.5368620037807184	0.4529387491077802	0.5368620037807184	0.5368620037807184	0.42468096063611455	0.5444303151727756	0.773863848876088	0.6817899630976183	0.5129489942203189	0.3873077686102552
