Times	Accuary	p_micro	p_macro	p_weigh	r_micro	r_macro	r_weigh	F1_micro	F1_macro	F1_weigh	roc_micro	roc_macro	pr_micro	pr_macro
0	0.8311195445920304	0.8311195445920304	0.7334089980375997	0.8419395082106315	0.8311195445920304	0.8072749783213885	0.8311195445920304	0.8311195445920304	0.7635748996958295	0.8344563058504357	0.9666368414293549	0.9591840498726991	0.9185097558347883	0.8611985022602612
