Times	Accuary	Precision	Recall	MCC	AUROC	AUPR
0	0.8007204019084331	0.04447655748233783	0.43759873617693523	0.08653311816003842	0.6815182481365171	0.04160602185480332
1	0.6316155328762362	0.036644814254496554	0.688783570300158	0.09227204494652448	0.7194343662405704	0.05188655361703652
2	0.7560428449556068	0.04795918367346939	0.593996840442338	0.11459544840161129	0.7530515769061353	0.05701278777180238
3	0.5990710606970204	0.03314745972738538	0.6761453396524486	0.07795302054085262	0.6932232347285671	0.03916586471936279
4	0.5964485449777244	0.03429755236706821	0.7061611374407583	0.08544502006610764	0.7053725977847238	0.043931478850184794
