Times	Accuary	p_micro	p_macro	p_weigh	r_micro	r_macro	r_weigh	F1_micro	F1_macro	F1_weigh	roc_micro	roc_macro	pr_micro	pr_macro
0	0.6148007590132827	0.6148007590132827	0.4865740653060022	0.6695711821483458	0.6148007590132827	0.5540119287209562	0.6148007590132827	0.6148007590132827	0.4906827116175563	0.6331435969826674	0.8305782495406193	0.7929522968611913	0.5984805646081843	0.46966109116876603
1	0.6299810246679317	0.6299810246679317	0.49752876936633295	0.6614252821844155	0.6299810246679317	0.5583567439245042	0.6299810246679317	0.6299810246679317	0.5111736373271223	0.6402922894587906	0.8485186998836995	0.8162159480425988	0.6252614128489709	0.4911937765213573
2	0.6612903225806451	0.6612903225806451	0.5385487737414716	0.6935475473254861	0.6612903225806451	0.6090988394581905	0.6612903225806451	0.6612903225806451	0.5489150692434231	0.6707862391354872	0.8690651078329353	0.827999424445825	0.672560974571904	0.5358431100483756
3	0.6157495256166983	0.6157495256166983	0.4855640293411402	0.6635117179239899	0.6157495256166983	0.5585182510238886	0.6157495256166983	0.6157495256166983	0.4929917912288951	0.6310823238474781	0.8337810119456978	0.7906840978659125	0.6004882242936049	0.4837576425868562
4	0.6043643263757116	0.6043643263757116	0.48326279178294884	0.6711923295813509	0.6043643263757116	0.5718640199708795	0.6043643263757116	0.6043643263757116	0.49584743818762245	0.6269177503865591	0.8360764150184772	0.8099403736405654	0.5931167108810528	0.4698506189412135
