Times	Accuary	p_micro	p_macro	p_weigh	r_micro	r_macro	r_weigh	F1_micro	F1_macro	F1_weigh	roc_micro	roc_macro	pr_micro	pr_macro
0	0.5464895635673624	0.5464895635673624	0.4176999000869722	0.5715043434243154	0.5464895635673624	0.4527406268149703	0.5464895635673624	0.5464895635673624	0.4277941143225074	0.5548465171699751	0.7716878083791514	0.6878766070239002	0.5234238327491149	0.40068049808353723
1	0.4981024667931689	0.4981024667931689	0.3706740736005061	0.5394695838548654	0.4981024667931689	0.39947445965122547	0.4981024667931689	0.4981024667931689	0.37536036861531596	0.5147365589749098	0.7490230284437948	0.6540660216536972	0.461795069615367	0.3449489468332049
2	0.5018975332068312	0.5018975332068312	0.37213431405777453	0.5445592454810485	0.5018975332068312	0.40242748490002433	0.5018975332068312	0.5018975332068312	0.3761453969595471	0.5187451498992867	0.7565606520505	0.6635406789984762	0.4747479086494947	0.3610418800595523
3	0.5275142314990512	0.5275142314990512	0.3986339648434196	0.5617522523516698	0.5275142314990512	0.43326422734657255	0.5275142314990512	0.5275142314990512	0.4068116275358944	0.5404836845989721	0.7578007698151796	0.6763211760979652	0.4948045140109507	0.37181808006674893
4	0.5009487666034156	0.5009487666034156	0.38853468025901194	0.5395878297938506	0.5009487666034156	0.43674680536359445	0.5009487666034156	0.5009487666034156	0.39898123010422865	0.5145868082924204	0.7461866303722933	0.6718756079845372	0.4605232093556769	0.3657127223475448
