Times	Accuary	Precision	Recall	MCC	AUROC	AUPR
0	0.8398305084745763	0.8542372881355932	0.8303130148270181	0.6799433272391259	0.9249037632864119	0.916423632187228
1	0.8008474576271186	0.8016949152542373	0.8003384094754653	0.6016957795119385	0.9059379488652686	0.9053380098979809
2	0.8279661016949152	0.8576271186440678	0.8096	0.6570894052459577	0.9272220626256823	0.9243070810459982
3	0.838135593220339	0.8728813559322034	0.8161648177496038	0.6779100054776788	0.9288049411088768	0.9318015298606241
4	0.8203389830508474	0.8576271186440678	0.7981072555205048	0.6424670359319304	0.9290721057167481	0.9307803718055344
