Times	Accuary	p_micro	p_macro	p_weigh	r_micro	r_macro	r_weigh	F1_micro	F1_macro	F1_weigh	roc_micro	roc_macro	pr_micro	pr_macro
0	0.7694497153700189	0.7694497153700189	0.6906254485940436	0.7790123487319742	0.7694497153700189	0.7528892306662001	0.7694497153700189	0.769449715370019	0.71497806914413	0.7706860095955046	0.937895844510296	0.9146540033654011	0.8516843529327348	0.7887601183850002
1	0.7485768500948766	0.7485768500948766	0.6523792141986426	0.7641723273662692	0.7485768500948766	0.7204960158695519	0.7485768500948766	0.7485768500948766	0.6766415783742135	0.7517862319279462	0.9288078486582243	0.9016786794683398	0.8304414042948535	0.7664428082289333
2	0.7571157495256167	0.7571157495256167	0.6421634708299485	0.7637496114155385	0.7571157495256167	0.6762033794386308	0.7571157495256167	0.7571157495256167	0.653505639924131	0.7584135162731629	0.9309160188529105	0.9037687225302169	0.8352569343704139	0.7210034885359105
3	0.7685009487666035	0.7685009487666035	0.6803348628846271	0.7726700041906499	0.7685009487666035	0.704038889870344	0.7685009487666035	0.7685009487666035	0.6878028404085951	0.7680578576058626	0.9360020619620806	0.9005630570237336	0.8474768999917702	0.7554631632817075
4	0.74573055028463	0.74573055028463	0.658444137427985	0.7558490248252031	0.74573055028463	0.7212422104216677	0.74573055028463	0.74573055028463	0.6836750989868488	0.7479396998065779	0.9326263191816484	0.9101471470901324	0.8380858765408279	0.769867778926249
