Times	Accuary	p_micro	p_macro	p_weigh	r_micro	r_macro	r_weigh	F1_micro	F1_macro	F1_weigh	roc_micro	roc_macro	pr_micro	pr_macro
0	0.5351043643263758	0.5351043643263758	0.4196910264768466	0.5849808496032045	0.5351043643263758	0.49999740203057286	0.5351043643263758	0.5351043643263758	0.43195507317898213	0.5491512645884353	0.7881074416667566	0.7324646473745454	0.5428763351156745	0.44968491495488405
1	0.5787476280834914	0.5787476280834914	0.29010416666666666	0.5130494939911449	0.5787476280834914	0.3272532188841202	0.5787476280834914	0.5787476280834914	0.3074815370881351	0.5437813900685804	0.8120897529606198	0.6715545340560923	0.544635602635803	0.3601698177226592
2	0.5398481973434535	0.5398481973434535	0.4116879792338728	0.5660296744263381	0.5398481973434535	0.5034869079660671	0.5398481973434535	0.5398481973434535	0.4049753969495292	0.523524611384312	0.7928733285564946	0.7109186359626412	0.561356321591407	0.42576424340434194
3	0.5834914611005693	0.5834914611005693	0.29020327334148754	0.5132247642395947	0.5834914611005693	0.32993562231759654	0.5834914611005693	0.5834914611005693	0.30796297954068264	0.5446328215026873	0.8151813458443303	0.6668099364551803	0.5534424487494671	0.33311819311128127
4	0.5360531309297912	0.5360531309297912	0.4040229883966664	0.5686737877481856	0.5360531309297912	0.4936703361541508	0.5360531309297912	0.5360531309297912	0.4098528357040121	0.5236468510345104	0.7947071005668594	0.7300748160459833	0.5730836630683936	0.44871556342077734
