Times	Accuary	p_micro	p_macro	p_weigh	r_micro	r_macro	r_weigh	F1_micro	F1_macro	F1_weigh	roc_micro	roc_macro	pr_micro	pr_macro
0	0.8074003795066413	0.8074003795066413	0.7373037873108028	0.8291526915492166	0.8074003795066413	0.8258250573573916	0.8074003795066413	0.8074003795066413	0.7683153919971573	0.8094657758251788	0.9553308560983309	0.9515160375791263	0.8818246052786015	0.8686315404664021
1	0.8472485768500949	0.8472485768500949	0.7629448508832488	0.8577821504649082	0.8472485768500949	0.8311983797907999	0.8472485768500949	0.8472485768500949	0.7910770685313928	0.8500100392808241	0.9652541986372807	0.9557086051845911	0.9155939728859321	0.8626758334222338
2	0.8406072106261859	0.8406072106261859	0.7438951968633823	0.8523592072107715	0.8406072106261859	0.836662198159252	0.8406072106261859	0.8406072106261859	0.7800180760035915	0.8433354690557314	0.9662905806259579	0.9582011648743335	0.9193591385020192	0.8736922997837533
3	0.8425047438330171	0.8425047438330171	0.7629495330164838	0.8463554849873935	0.8425047438330171	0.802610324215038	0.8425047438330171	0.8425047438330171	0.7810784740187618	0.8439583889984198	0.9706026378232018	0.9602253612604911	0.924091995164599	0.8722033160751308
4	0.8083491461100569	0.8083491461100569	0.7374752449224713	0.829949223978659	0.8083491461100569	0.7869978269429059	0.8083491461100569	0.8083491461100569	0.7536506366292615	0.8100758419063697	0.9585756258799046	0.9533250534538864	0.8957320943173629	0.8561257929480708
