Times	Accuary	Precision	Recall	MCC	AUROC	AUPR
0	0.8220338983050848	0.8423728813559322	0.8094462540716613	0.6446013273269222	0.9225567365699511	0.924715559995955
1	0.8228813559322034	0.8677966101694915	0.7962674961119751	0.6483840851356671	0.9300833093938524	0.92589859583377
2	0.811864406779661	0.8423728813559322	0.7939297124600639	0.6248931581900383	0.9162453318012065	0.9194227615319246
3	0.8186440677966101	0.8457627118644068	0.8022508038585209	0.6382275586885511	0.9292444699798909	0.927961670712965
4	0.7957627118644067	0.8389830508474576	0.7722308892355694	0.5937478220820167	0.9127779373743177	0.902647079974684
