Times	Accuary	p_micro	p_macro	p_weigh	r_micro	r_macro	r_weigh	F1_micro	F1_macro	F1_weigh	roc_micro	roc_macro	pr_micro	pr_macro
0	0.9015151515151515	0.9015151515151515	0.8675218127649009	0.9037868317120199	0.9015151515151515	0.8892480329041488	0.9015151515151515	0.9015151515151515	0.8773380930774306	0.9014405827175217	0.983416820907943	0.978159867588162	0.9615580440729238	0.940668282406464
1	0.8948863636363636	0.8948863636363636	0.8605244514898154	0.8972112477055074	0.8948863636363636	0.8712323408440629	0.8948863636363636	0.8948863636363636	0.8648889210635011	0.8946445859217176	0.9818626009144474	0.9765117243801729	0.9569141053739055	0.929290189950406
2	0.8683712121212122	0.8683712121212122	0.8432423997670342	0.8721324949430014	0.8683712121212122	0.8289923104434908	0.8683712121212122	0.8683712121212122	0.8338363697826127	0.8672433676661138	0.975492525874273	0.9699857055583195	0.9410276889614311	0.9068282232335585
3	0.8806818181818182	0.8806818181818182	0.8499022548652007	0.8834554111551564	0.8806818181818182	0.8447737839771102	0.8806818181818182	0.8806818181818182	0.8461190463558889	0.8804244217050837	0.9762505798993726	0.9706616011172051	0.9425429094001947	0.918415584678714
4	0.8768939393939394	0.8768939393939394	0.815349660575263	0.8816737970764965	0.8768939393939394	0.8537788358369098	0.8768939393939394	0.8768939393939394	0.8318782073330881	0.8770815238490501	0.9762755394857667	0.969233982016807	0.9419700243730902	0.9187401841704387
