Times	Accuary	Precision	Recall	MCC	AUROC	AUPR
0	0.6501943189358274	0.03912045213705404	0.6998420221169036	0.10193743479872099	0.7406305556608197	0.06177664093631845
