Times	Accuary	p_micro	p_macro	p_weigh	r_micro	r_macro	r_weigh	F1_micro	F1_macro	F1_weigh	roc_micro	roc_macro	pr_micro	pr_macro
0	0.7471590909090909	0.7471590909090909	0.651095461658842	0.7581626120358514	0.7471590909090909	0.7118439288268956	0.7471590909090909	0.7471590909090909	0.6733458309446769	0.7487594339149729	0.9289523131408783	0.9095474435390202	0.8276850603526686	0.7510474302857284
1	0.7679924242424242	0.7679924242424242	0.6761098792329457	0.7799822953073441	0.7679924242424242	0.7166465486409157	0.7679924242424242	0.7679924242424242	0.6863250716724723	0.7704536984583433	0.9423617388372361	0.9190557568330737	0.8609661603562024	0.7802756345898019
2	0.7755681818181818	0.7755681818181818	0.6779433261410963	0.7892698566502422	0.7755681818181818	0.7414174266809729	0.7755681818181818	0.7755681818181818	0.700528862407788	0.7786062681947863	0.9319810916934497	0.9105877024787125	0.8333404898547864	0.7439678703000033
3	0.7746212121212122	0.7746212121212122	0.699749592658891	0.7857611794509716	0.7746212121212122	0.7577297925608011	0.7746212121212122	0.7746212121212122	0.7213138724222024	0.7756929904555044	0.9451059482131925	0.9228317831140683	0.8609734075647472	0.8126983477293894
4	0.7660984848484849	0.7660984848484849	0.6890728198303444	0.7740982086988487	0.7660984848484849	0.7474640110872675	0.7660984848484849	0.7660984848484849	0.7101490050283633	0.7668732595071361	0.9440799149162076	0.9304600231776973	0.8608566016133317	0.8236310015812593
