Times	Accuary	p_micro	p_macro	p_weigh	r_micro	r_macro	r_weigh	F1_micro	F1_macro	F1_weigh	roc_micro	roc_macro	pr_micro	pr_macro
0	0.5784499054820416	0.5784499054820416	0.4506025808992493	0.6045032437907453	0.5784499054820416	0.5125462839043541	0.5784499054820416	0.5784499054820416	0.4605160584362913	0.5764038766605085	0.8101676487719812	0.7428049016970522	0.5804527652699496	0.4416706045467566
1	0.554820415879017	0.554820415879017	0.4627459440413591	0.6129643062091293	0.554820415879017	0.5520705076730906	0.554820415879017	0.554820415879017	0.47912893995640315	0.5713200471063904	0.803348151271615	0.7503070410900369	0.5733103327700818	0.44767906935167695
2	0.5964083175803403	0.5964083175803403	0.4642370968258361	0.617512689164243	0.5964083175803403	0.5299802596359743	0.5964083175803403	0.5964083175803403	0.48327782253266227	0.6020183235199589	0.8115020374665136	0.7337695586310825	0.5779741247282699	0.4272402470618184
3	0.5141776937618148	0.5141776937618148	0.38902691511387166	0.5533883611799286	0.5141776937618148	0.43386978051391867	0.5141776937618148	0.5141776937618148	0.39671050821042203	0.5259777308443453	0.7927829255422425	0.7070914052340406	0.561741177933613	0.4052897040710207
4	0.5255198487712666	0.5255198487712666	0.4119389566858205	0.5862419639301361	0.5255198487712666	0.4776487776588151	0.5255198487712666	0.5255198487712666	0.39112640367314633	0.5312329882791976	0.7979340649392572	0.7137676100970429	0.5672022411060377	0.3941401008913658
