Times	Accuary	Precision	Recall	MCC	AUROC	AUPR
0	0.5635593220338984	0.557427258805513	0.6169491525423729	0.12784959751251415	0.5910801493823614	0.6214679972371602
1	0.65	0.6705202312138728	0.5898305084745763	0.30219610170816424	0.707976156276932	0.7309232452859615
2	0.5	nan	0.0	nan	0.6043837977592645	0.6326379050972034
3	0.5	0.5	1.0	nan	0.6100646365986786	0.6559531211917085
4	0.673728813559322	0.7411764705882353	0.5338983050847458	0.36189778100397074	0.7113056592933065	0.7547015188526696
