Times	Accuary	p_micro	p_macro	p_weigh	r_micro	r_macro	r_weigh	F1_micro	F1_macro	F1_weigh	roc_micro	roc_macro	pr_micro	pr_macro
0	0.5445075757575758	0.5445075757575758	0.4567628413958194	0.6100642672219401	0.5445075757575758	0.5578862660944206	0.5445075757575758	0.5445075757575758	0.4731145545084388	0.5648402890213702	0.799638788452709	0.7347512568770044	0.5647122231599683	0.43035213102280445
1	0.4441287878787879	0.4441287878787879	0.35576678266749223	0.544439287689245	0.4441287878787879	0.4432280489985694	0.4441287878787879	0.4441287878787879	0.3405158869718762	0.47156409661288773	0.7254651749502601	0.7203803776122122	0.4798239205583796	0.4146868599191466
2	0.4962121212121212	0.4962121212121212	0.4289845933113727	0.5587277533348715	0.4962121212121212	0.5077186158798284	0.4962121212121212	0.4962121212121212	0.4415542300347901	0.5153218118875971	0.7799926047884145	0.730032826481122	0.5350573585982803	0.4325079250483827
3	0.5340909090909091	0.5340909090909091	0.40322753775557413	0.581328808962095	0.5340909090909091	0.47785005364806865	0.5340909090909091	0.5340909090909091	0.4058640209943023	0.537283464896466	0.7890287223561371	0.7126480313640625	0.5513848660667781	0.40622340534901674
4	0.5208333333333334	0.5208333333333334	0.4146207280069649	0.5714457446289194	0.5208333333333334	0.5053391005007153	0.5208333333333334	0.5208333333333334	0.4299923422457029	0.535904332825989	0.7774627190465259	0.7337062028153012	0.5373898722932182	0.44012744316667296
