Times	Accuary	Precision	Recall	MCC	AUROC	AUPR
0	0.6076271186440678	0.5338983050847458	0.6262425447316103	0.2176333234114828	0.7140275782821028	0.7146883702630342
1	0.6186440677966102	0.5847457627118644	0.6272727272727273	0.23783535600422523	0.7236656133295032	0.7365782567115965
2	0.597457627118644	0.6237288135593221	0.5925925925925926	0.19518486396333845	0.7260672220626258	0.7163409757085994
3	0.5864406779661017	0.5796610169491525	0.5876288659793815	0.1728972506933354	0.7073254811835679	0.7203096247529293
4	0.6152542372881356	0.5847457627118644	0.6227436823104693	0.23093877585284026	0.7119706980752657	0.715843131731277
