Times	Accuary	Precision	Recall	MCC	AUROC	AUPR
0	0.5	nan	0.0	nan	0.5781126113185866	0.5681506416951565
1	0.5	0.5	1.0	nan	0.6171258259120942	0.6411752989610185
2	0.5	nan	0.0	nan	0.5821229531743752	0.591750579651287
3	0.49915254237288137	0.49957446808510636	0.9949152542372881	-0.013046561461068844	0.5826960643493249	0.5979888395352153
4	0.5	nan	0.0	nan	0.5930594656707843	0.6199091204721783
