Times	Accuary	Precision	Recall	MCC	AUROC	AUPR
0	0.8166383701188455	0.8862478777589134	0.7779433681073026	0.6395044812004363	0.9315636701150982	0.9303553171092371
1	0.8225806451612904	0.8539898132427843	0.8035143769968051	0.6464380196557677	0.922636565673453	0.9303334664570906
2	0.8106960950764007	0.8064516129032258	0.8133561643835616	0.6214145809051802	0.9199644875922759	0.9201501739532075
3	0.8208828522920204	0.8692699490662139	0.7925696594427245	0.644792125007153	0.9306931549257611	0.9311771767145802
4	0.8140916808149405	0.8200339558573854	0.8104026845637584	0.6282277294337787	0.9079156349716507	0.9065547887233557
