Times	Accuary	p_micro	p_macro	p_weigh	r_micro	r_macro	r_weigh	F1_micro	F1_macro	F1_weigh	roc_micro	roc_macro	pr_micro	pr_macro
0	0.8153409090909091	0.8153409090909091	0.6942892976588628	0.8408454950846255	0.8153409090909091	0.8067149499284693	0.8153409090909091	0.8153409090909091	0.7327295808556052	0.8220619435597146	0.959097963536884	0.9524770211085687	0.9039733655635014	0.8585147839618896
1	0.8238636363636364	0.8238636363636364	0.7384960051751248	0.8328895155503859	0.8238636363636364	0.8188036480686696	0.8238636363636364	0.8238636363636364	0.7711728769413095	0.8261515521693045	0.9614647899449035	0.9527884884685994	0.9097018597730147	0.867951925300982
2	0.8390151515151515	0.8390151515151515	0.7497266497397951	0.8461744760783965	0.8390151515151515	0.8024968705293276	0.8390151515151515	0.8390151515151515	0.7721825480312736	0.8411489576313645	0.9677719429139884	0.9585789704860818	0.9234861720353402	0.8726981741115021
3	0.8238636363636364	0.8238636363636364	0.7267763599449368	0.8371584912724115	0.8238636363636364	0.786913224248927	0.8238636363636364	0.8238636363636364	0.7509841535601158	0.8272997661048225	0.9625124947390574	0.9543085649843868	0.90691486832069	0.8678108001507067
4	0.8484848484848485	0.8484848484848485	0.7443188250639159	0.8623102458375964	0.8484848484848485	0.8330125625894135	0.8484848484848485	0.8484848484848486	0.7794827978924279	0.8527991811283007	0.9675931904269973	0.9612355898812399	0.9223275110438135	0.8733857078214463
