Times	Accuary	Precision	Recall	MCC	AUROC	AUPR
0	0.5	nan	0.0	nan	0.599214230329095	0.6152133637635306
1	0.5	nan	0.0	nan	0.5878096165985915	0.5879758311862049
2	0.5	nan	0.0	nan	0.5895765894829081	0.6075131578267157
3	0.5	0.5	1.0	nan	0.5486378743287377	0.5997657117082993
4	0.5882852292020373	0.604	0.5127334465195246	0.17862140050890882	0.597628854984276	0.6339074518869607
