Times	Accuary	p_micro	p_macro	p_weigh	r_micro	r_macro	r_weigh	F1_micro	F1_macro	F1_weigh	roc_micro	roc_macro	pr_micro	pr_macro
0	0.872865275142315	0.872865275142315	0.8118289347251478	0.8784203632227989	0.872865275142315	0.8427896533846924	0.872865275142315	0.872865275142315	0.824889309122253	0.873362426331293	0.9752193985263813	0.9664049665407897	0.9411659187020912	0.9089159999328957
1	0.9032258064516129	0.9032258064516129	0.8810531414348839	0.9063444768720395	0.9032258064516129	0.8676276844240765	0.9032258064516129	0.9032258064516129	0.8731914070682403	0.9029590503419147	0.9827733750046508	0.9766149352846643	0.9588716037837165	0.9281952938521477
2	0.9060721062618596	0.9060721062618596	0.8800365818587277	0.90906844338101	0.9060721062618596	0.8940666419570907	0.9060721062618596	0.9060721062618596	0.8845892945245113	0.9061564863691917	0.9842341815222754	0.9823674601113036	0.9598957941066204	0.9545554913640529
3	0.8946869070208728	0.8946869070208728	0.8416437115874247	0.8973515121286291	0.8946869070208728	0.8622612899091404	0.8946869070208728	0.8946869070208728	0.8509147815204089	0.894974608568749	0.9774967984378056	0.9735884735067417	0.9452261447698712	0.92292960635827
4	0.896584440227704	0.896584440227704	0.8828114711260007	0.9001518365567153	0.896584440227704	0.8952963474859161	0.896584440227704	0.896584440227704	0.8873682519200374	0.896507041346252	0.9818909200455601	0.9795372151044729	0.9557090098612095	0.9511367914298372
