Times	Accuary	p_micro	p_macro	p_weigh	r_micro	r_macro	r_weigh	F1_micro	F1_macro	F1_weigh	roc_micro	roc_macro	pr_micro	pr_macro
0	0.8582230623818525	0.8582230623818525	0.797696894848271	0.8606566376687081	0.8582230623818525	0.7892470779800143	0.8582230623818525	0.8582230623818525	0.7917194713952356	0.8582439110152612	0.9767793735252042	0.969355818169717	0.9415855905176814	0.8984595653879844
1	0.8440453686200378	0.8440453686200378	0.7512553443993838	0.8529412548517714	0.8440453686200378	0.8162283636688079	0.8440453686200378	0.8440453686200378	0.778179955875222	0.8468475604710997	0.968365964958673	0.9607146918046165	0.9208539672033298	0.8639232914814579
2	0.8582230623818525	0.8582230623818525	0.7545944469167458	0.8699290493310816	0.8582230623818525	0.8263416755888651	0.8582230623818525	0.8582230623818525	0.7822091225957339	0.861628026137914	0.971712210386136	0.9634410216911262	0.9334264420240018	0.8816188125288336
3	0.8270321361058601	0.8270321361058601	0.7312710666836552	0.8391374820542	0.8270321361058601	0.8076340560314061	0.8270321361058601	0.8270321361058601	0.7618500492922635	0.8308833381617953	0.9631177466251669	0.9566925705470121	0.9106844342375189	0.8694533982295567
4	0.8610586011342155	0.8610586011342155	0.7752250580460551	0.8667813744275206	0.8610586011342155	0.820424585117773	0.8610586011342155	0.8610586011342155	0.7950250162600468	0.8629329070077805	0.9728053906801838	0.9657979650347743	0.9305256137289216	0.8926231481849738
