Times	Accuary	Precision	Recall	MCC	AUROC	AUPR
0	0.48529710586664343	0.021560920830993823	0.5573294629898403	0.011530641071702269	0.5289098451289388	0.021189222685347488
1	0.7170019449040611	0.03879047037263286	0.5529753265602322	0.08475868934818444	0.6724431700933422	0.042914543020619846
2	0.5223373682835496	0.028020596335768172	0.6792452830188679	0.05557286369399005	0.6492196689343028	0.03856183134772979
3	0.8207785421928068	0.04796439756057359	0.4223512336719884	0.09234805235278681	0.6805219675812875	0.04131797948420608
4	0.7017039681848529	0.03806495133468247	0.5732946298984035	0.08471658663926544	0.6957621974287895	0.05632282619297643
