Times	Accuary	p_micro	p_macro	p_weigh	r_micro	r_macro	r_weigh	F1_micro	F1_macro	F1_weigh	roc_micro	roc_macro	pr_micro	pr_macro
0	0.44139886578449905	0.44139886578449905	0.11034971644612476	0.19483295871584222	0.44139886578449905	0.25	0.44139886578449905	0.4413988657844991	0.15311475409836064	0.27033871517555547	0.7632654197681303	0.5599425329225961	0.46304065859100846	0.2770634741665318
1	0.44706994328922495	0.44706994328922495	0.2542608055009823	0.44892172464634683	0.44706994328922495	0.2532119914346895	0.44706994328922495	0.44706994328922495	0.17419759727452036	0.3075624874374329	0.7646808068391218	0.5612144317108881	0.43686759347537457	0.26960371762312874
2	0.5964083175803403	0.5964083175803403	0.30049300754242614	0.5305490908215993	0.5964083175803403	0.33779443254817987	0.5964083175803403	0.5964083175803403	0.3106595913047526	0.5484991649879752	0.8299249990768568	0.707302858869989	0.5984152993328693	0.3956010484890654
3	0.44139886578449905	0.44139886578449905	0.11034971644612476	0.19483295871584222	0.44139886578449905	0.25	0.44139886578449905	0.4413988657844991	0.15311475409836064	0.27033871517555547	0.7631092298841127	0.5507794964273007	0.43909519359039356	0.2721981359344996
4	0.5500945179584121	0.5500945179584121	0.3728830627059273	0.5733714144456611	0.5500945179584121	0.4495538900785153	0.5500945179584121	0.5500945179584121	0.3824250790216212	0.549189472027875	0.8052866032258794	0.7132918597387667	0.5533638037963228	0.3890768214335608
