Times	Accuary	p_micro	p_macro	p_weigh	r_micro	r_macro	r_weigh	F1_micro	F1_macro	F1_weigh	roc_micro	roc_macro	pr_micro	pr_macro
0	0.5493358633776091	0.5493358633776091	0.337514473150513	0.5046025767396496	0.5493358633776091	0.33464473056747734	0.5493358633776091	0.5493358633776091	0.32781723201588503	0.521560942619628	0.8033546190711089	0.6736460949410887	0.5398854652365673	0.3589462078757668
1	0.5113851992409867	0.5113851992409867	0.3630782924671694	0.49453766329975885	0.5113851992409867	0.3888158570816605	0.5113851992409867	0.5113851992409867	0.3457804542158931	0.4655055737822893	0.8031778880371394	0.7024877289129208	0.5300802187018142	0.3750449903154231
2	0.5018975332068312	0.5018975332068312	0.34719689961534733	0.544085730043344	0.5018975332068312	0.45403542591110785	0.5018975332068312	0.5018975332068312	0.3416160386096773	0.4906479155571087	0.7904499530117489	0.6784436447127843	0.528108517824071	0.3499117426188728
3	0.49335863377609107	0.49335863377609107	0.3392467544596992	0.5286216274125228	0.49335863377609107	0.4492070997308504	0.49335863377609107	0.49335863377609107	0.34666564763268837	0.49773561538510674	0.7837310231676684	0.6742374823442845	0.5136516150264784	0.34476358217856845
4	0.5455407969639469	0.5455407969639469	0.27114238410596025	0.4795155635422295	0.5455407969639469	0.3084763948497854	0.5455407969639469	0.5455407969639469	0.2870750520344447	0.5076925018901376	0.80057343069443	0.6502010111234271	0.5153589939382687	0.3268713662894329
