Times	Accuary	Precision	Recall	MCC	AUROC	AUPR
0	0.6044142614601019	0.629881154499151	0.5993537964458805	0.20909992786053733	0.725381282770429	0.7504517256745237
1	0.6196943972835314	0.7317487266553481	0.5977808599167822	0.24563677128227243	0.7691837622974682	0.7538002837541427
2	0.6273344651952462	0.599320882852292	0.6348920863309353	0.25506958227018456	0.7468386174373993	0.7743588916283479
3	0.633276740237691	0.6366723259762309	0.6323777403035413	0.2665596274126021	0.7215907944459978	0.7181120235048795
4	0.6188455008488964	0.5942275042444821	0.625	0.2379796298154944	0.7035059855125518	0.7192128397863469
