Times	Accuary	p_micro	p_macro	p_weigh	r_micro	r_macro	r_weigh	F1_micro	F1_macro	F1_weigh	roc_micro	roc_macro	pr_micro	pr_macro
0	0.8856332703213611	0.8856332703213611	0.8555780411193161	0.8876942959589867	0.8856332703213611	0.86624397751606	0.8856332703213611	0.8856332703213611	0.8592700516739337	0.8853593634469831	0.9794471086557485	0.9754638344716932	0.9488870485115314	0.9365520027521428
1	0.8903591682419659	0.8903591682419659	0.8534984452335159	0.8938575615437236	0.8903591682419659	0.8538744646680942	0.8903591682419659	0.8903591682419659	0.8525417734109075	0.8901813783343986	0.977286357848445	0.9757141215250922	0.9453145830347774	0.9245152804437811
2	0.8856332703213611	0.8856332703213611	0.8425350139332036	0.8887789455600764	0.8856332703213611	0.8519790551391863	0.8856332703213611	0.8856332703213611	0.8457323366055896	0.8856277079541227	0.9804463367888671	0.9751226374916928	0.9534721087727023	0.9244622735615069
3	0.8903591682419659	0.8903591682419659	0.8348737742657253	0.893785383378089	0.8903591682419659	0.8406512089578873	0.8903591682419659	0.8903591682419659	0.8367040546847686	0.8902899910347677	0.9773256658840792	0.9671002310301382	0.946331668448097	0.9023042720410084
4	0.8846880907372401	0.8846880907372401	0.8216411884338681	0.8871124344808509	0.8846880907372401	0.8304369646680942	0.8846880907372401	0.8846880907372401	0.8245698552923155	0.8847320318393623	0.9750630715299045	0.9628545139186893	0.9432097554563466	0.8895867940955592
