Times	Accuary	p_micro	p_macro	p_weigh	r_micro	r_macro	r_weigh	F1_micro	F1_macro	F1_weigh	roc_micro	roc_macro	pr_micro	pr_macro
0	0.6049149338374291	0.6049149338374291	0.48879896693607133	0.657905341388433	0.6049149338374291	0.5695490943968594	0.6049149338374291	0.6049149338374291	0.49933036456028573	0.6214194640513259	0.8406964430992361	0.8080986812288797	0.6163705967181283	0.49523722253886115
1	0.5982986767485823	0.5982986767485823	0.4849504811619564	0.6494402186770472	0.5982986767485823	0.56969352248394	0.5982986767485823	0.5982986767485823	0.49550518091851564	0.6140432977409436	0.8204989619105134	0.7863508701843541	0.561737735163548	0.4609618331254901
2	0.6124763705103969	0.6124763705103969	0.47241870294607635	0.6596668589416044	0.6124763705103969	0.5299953158458244	0.6124763705103969	0.6124763705103969	0.4852252228030722	0.6306027474209589	0.8347350221494825	0.7962922579598314	0.6163356010476868	0.4707530186166978
3	0.6323251417769377	0.6323251417769377	0.501831694909675	0.6825239494193186	0.6323251417769377	0.5928572225196289	0.6323251417769377	0.6323251417769377	0.5196439902842456	0.6474333353858273	0.8371465105780306	0.803138582075305	0.5903651042674869	0.4790223506579479
4	0.6153119092627599	0.6153119092627599	0.4861892450460765	0.6617667419514837	0.6153119092627599	0.5411932325124911	0.6153119092627599	0.6153119092627599	0.4988061500028762	0.6332641259474032	0.8359577402882352	0.8015011695528739	0.622215004654701	0.4656644407073443
