Times	Accuary	Precision	Recall	MCC	AUROC	AUPR
0	0.6822033898305084	0.6359039190897599	0.8525423728813559	0.3875925470663487	0.7788983050847458	0.7805123904115955
1	0.5771186440677966	0.5550181378476421	0.7779661016949152	0.16842295578323532	0.6186914679689745	0.6000768708670131
2	0.5	nan	0.0	nan	0.6069477161735134	0.6060451182222965
3	0.6203389830508474	0.628158844765343	0.5898305084745763	0.2411272512581126	0.6729661016949153	0.6863241546774979
4	0.5983050847457627	0.6907894736842105	0.3559322033898305	0.22478594052546697	0.6369405343292157	0.6394520688364386
