Times	Accuary	Precision	Recall	MCC	AUROC	AUPR
0	0.5983050847457627	0.5745762711864407	0.603202846975089	0.19683194949032753	0.7093909796035621	0.7063531289594133
1	0.6067796610169491	0.5389830508474577	0.6235294117647059	0.21555001415921696	0.6873455903476012	0.6890463143283732
2	0.6059322033898306	0.6254237288135593	0.601957585644372	0.2120255733597752	0.7265756966388969	0.7414552113283751
3	0.6161016949152542	0.5830508474576271	0.6243194192377496	0.23271235706466814	0.7260930767020972	0.7361276716849414
4	0.6296610169491526	0.5932203389830508	0.6398537477148081	0.26001350919069716	0.7282533754668199	0.7460914535401387
