Times	Accuary	p_micro	p_macro	p_weigh	r_micro	r_macro	r_weigh	F1_micro	F1_macro	F1_weigh	roc_micro	roc_macro	pr_micro	pr_macro
0	0.7409867172675522	0.7409867172675522	0.6676073262735114	0.7804307081690792	0.7409867172675522	0.7832911018969795	0.7409867172675522	0.7409867172675523	0.6999891283040915	0.7442488896117216	0.9242039902206827	0.9239753250505316	0.8161299557808068	0.816906606509991
Times	Accuary	p_micro	p_macro	p_weigh	r_micro	r_macro	r_weigh	F1_micro	F1_macro	F1_weigh	roc_micro	roc_macro	pr_micro	pr_macro
0	0.9041745730550285	0.9041745730550285	0.8507537411371993	0.9068785687360472	0.9041745730550285	0.8538990036498584	0.9041745730550285	0.9041745730550285	0.8505974377925597	0.9044352325962453	0.9871718473763993	0.9824491608060083	0.9663693229173353	0.9183618188689704
Times	Accuary	p_micro	p_macro	p_weigh	r_micro	r_macro	r_weigh	F1_micro	F1_macro	F1_weigh	roc_micro	roc_macro	pr_micro	pr_macro
0	0.8368121442125237	0.8368121442125237	0.7819739209255339	0.8623685727630761	0.8368121442125237	0.8252970922371519	0.8368121442125237	0.8368121442125237	0.7945163500378838	0.838079882755039	0.9749296976549082	0.9774884878016357	0.9289557888255365	0.9110903103713517
Times	Accuary	p_micro	p_macro	p_weigh	r_micro	r_macro	r_weigh	F1_micro	F1_macro	F1_weigh	roc_micro	roc_macro	pr_micro	pr_macro
0	0.8889943074003795	0.8889943074003795	0.8170442393011753	0.893147193756484	0.8889943074003795	0.8622051449031882	0.8889943074003795	0.8889943074003795	0.8371368864971707	0.8899455799145953	0.9850495747053183	0.9822810652798823	0.9630336187950479	0.9319262123414684
