Times	Accuary	p_micro	p_macro	p_weigh	r_micro	r_macro	r_weigh	F1_micro	F1_macro	F1_weigh	roc_micro	roc_macro	pr_micro	pr_macro
0	0.7882797731568998	0.7882797731568998	0.723505133275898	0.7974311834914752	0.7882797731568998	0.7701329407566024	0.7882797731568998	0.7882797731568998	0.7399854726694881	0.7887430536726121	0.9459974592715149	0.9197930988760631	0.8689405446045249	0.8108319350936837
1	0.7533081285444234	0.7533081285444234	0.6695306306877635	0.7616055859433091	0.7533081285444234	0.6971577221627409	0.7533081285444234	0.7533081285444234	0.6784821503924382	0.753804023566233	0.9345656700292905	0.9113090642260586	0.8395788648131104	0.7477617104889859
2	0.7561436672967864	0.7561436672967864	0.687277366469197	0.7625223008021461	0.7561436672967864	0.7514108226266951	0.7561436672967864	0.7561436672967864	0.7140926083852034	0.7574770385153821	0.9338079480848052	0.9156539374404056	0.8392427635443817	0.7941492765447367
3	0.774102079395085	0.774102079395085	0.6900680167139557	0.7825199703031592	0.774102079395085	0.7400545369379015	0.774102079395085	0.774102079395085	0.7105938250895407	0.7755701648181451	0.9362179475726097	0.9148409966108055	0.8474189698106755	0.80194470592501
4	0.7561436672967864	0.7561436672967864	0.6882462539151464	0.7644090524643591	0.7561436672967864	0.7228809778729479	0.7561436672967864	0.7561436672967864	0.6992644311363969	0.7570046208597722	0.9336657542437788	0.9053206112253659	0.8436479306844521	0.7862368587252649
