Times	Accuary	Precision	Recall	MCC	AUROC	AUPR
0	0.49915254237288137	0.49957591178965227	0.9983050847457627	-0.02912346855536793	0.6197055443837977	0.6288724118219322
1	0.5	0.5	1.0	nan	0.576825624820454	0.5829735706031335
2	0.5	nan	0.0	nan	0.6058230393565067	0.6055167664135221
3	0.5	0.5	1.0	nan	0.6055659293306521	0.6214124696617762
4	0.5	nan	0.0	nan	0.5757957483481759	0.5740902429756571
