Times	Accuary	p_micro	p_macro	p_weigh	r_micro	r_macro	r_weigh	F1_micro	F1_macro	F1_weigh	roc_micro	roc_macro	pr_micro	pr_macro
0	0.634469696969697	0.634469696969697	0.5110061309795911	0.6939891992576835	0.634469696969697	0.6031540593705293	0.634469696969697	0.634469696969697	0.5267786222527684	0.6538150515286381	0.8538073681894703	0.8235886990113319	0.6444881465581405	0.5303935140452647
1	0.6704545454545454	0.6704545454545454	0.533098568098568	0.6854577871623326	0.6704545454545454	0.5779104077253219	0.6704545454545454	0.6704545454545454	0.5476895060248881	0.675702723901225	0.8681234097604835	0.8239026860718264	0.6825908881367828	0.5197034907899767
2	0.6458333333333334	0.6458333333333334	0.5190418316932929	0.6702937177589708	0.6458333333333334	0.5782222371244635	0.6458333333333334	0.6458333333333334	0.5339292088425677	0.653750307151812	0.8512277127333945	0.8146070636019797	0.6354899728292035	0.5084904080215319
3	0.6193181818181818	0.6193181818181818	0.4932575086577332	0.6580805758123184	0.6193181818181818	0.555940405937053	0.6193181818181818	0.6193181818181818	0.5055180143108626	0.6319198191530923	0.8333159961355984	0.7980790167203131	0.6073729926361965	0.4929167620629976
4	0.6325757575757576	0.6325757575757576	0.4843407543300163	0.6609770939701142	0.6325757575757576	0.5434929363376252	0.6325757575757576	0.6325757575757576	0.49892642110926755	0.6423325727024259	0.8380690785697887	0.8015744141139486	0.6223902833719299	0.4798984092387592
