Times	Accuary	Precision	Recall	MCC	AUROC	AUPR
0	0.5916808149405772	0.614406779661017	0.4923599320882852	0.18708992704794145	0.6174402817932613	0.6337779191448023
1	0.6239388794567062	0.6983695652173914	0.4363327674023769	0.2674154142105136	0.6535479258966739	0.6724349953753244
2	0.5229202037351444	0.8648648648648649	0.05432937181663837	0.13140747788229315	0.6632677180107287	0.6838322529611851
3	0.5840407470288624	0.7414634146341463	0.25806451612903225	0.2216674084680432	0.646121163031353	0.6497244820635399
4	0.634125636672326	0.7453416149068323	0.4074702886247878	0.3009485594076362	0.6774294435909041	0.6961456622910118
