Times	Accuary	p_micro	p_macro	p_weigh	r_micro	r_macro	r_weigh	F1_micro	F1_macro	F1_weigh	roc_micro	roc_macro	pr_micro	pr_macro
0	0.5643939393939394	0.5643939393939394	0.2858203931096053	0.5045162999586215	0.5643939393939394	0.3197424892703863	0.5643939393939394	0.5643939393939394	0.30033992835043155	0.5301454795882616	0.7915914889902815	0.6422303979897404	0.5175779456671321	0.32492377595982347
1	0.5577651515151515	0.5577651515151515	0.366920760213262	0.5654431127796626	0.5577651515151515	0.45030400572246065	0.5577651515151515	0.5577651515151515	0.38387742246075507	0.5554955581991134	0.7999052731385827	0.6858371268440666	0.5579556915317202	0.3813747481602633
2	0.5662878787878788	0.5662878787878788	0.4149409981746781	0.5689736928090612	0.5662878787878788	0.43826783798283264	0.5662878787878788	0.5662878787878788	0.4227811098916164	0.5650535386204343	0.813702842822161	0.7119786843372939	0.5768427292714867	0.39569286868268877
3	0.5426136363636364	0.5426136363636364	0.38640312723632125	0.5451524341717224	0.5426136363636364	0.3864862750357654	0.5426136363636364	0.5426136363636364	0.38064295587259844	0.5380009432408267	0.7960484939355679	0.6787019433239727	0.5430348977064606	0.37859701300850535
4	0.5662878787878788	0.5662878787878788	0.43953933459441413	0.5479866962717191	0.5662878787878788	0.3918566702432046	0.5662878787878788	0.5662878787878788	0.39616611559419423	0.5463898702598605	0.8084934632786196	0.6704234510860742	0.5496779442890344	0.3581623459258
