Times	Accuary	Precision	Recall	MCC	AUROC	AUPR
0	0.7864259028642591	0.12659075686537175	0.7354085603112841	0.24311105272050892	0.8286294126072058	0.18049709277478085
1	0.8969489414694894	0.16639209225700163	0.39299610894941633	0.20832688362474266	0.7713463590252877	0.13181229417063542
2	0.6366749688667497	0.08242862887012464	0.7976653696498055	0.17204911339840387	0.7725199205763829	0.15526780479048397
3	0.8063511830635118	0.1252847380410023	0.642023346303502	0.22097928585214968	0.8083738033300125	0.1573879819450725
4	0.7352117061021171	0.10022148394241417	0.7042801556420234	0.1921500277275558	0.7968788941264506	0.1506513329154498
