Times	Accuary	Precision	Recall	MCC	AUROC	AUPR
0	0.6589976553341149	0.08149959250203749	0.7326007326007326	0.15866565943876806	0.7802189414920295	0.13785909877744462
1	0.7120457209847597	0.0869140625	0.652014652014652	0.15674203750682936	0.7587038972323663	0.17355311542085827
2	0.6824443141852286	0.09004329004329005	0.7619047619047619	0.18265185573410542	0.7905747130293002	0.14219352994315057
3	0.6532825322391559	0.07128226136829169	0.6373626373626373	0.11910193132949046	0.7014199101666663	0.0855213797170154
4	0.7337338804220399	0.08628081457663452	0.5897435897435898	0.1448613202224597	0.700460964771757	0.12142443785996247
