Times	Accuary	Precision	Recall	MCC	AUROC	AUPR
0	0.8120849933598937	0.12531539108494533	0.6182572614107884	0.21586693105240648	0.7894095800898756	0.1236905403895068
1	0.6191899070385126	0.07878539187525646	0.7966804979253111	0.16310067097489683	0.7711614310939993	0.16485908730545185
2	0.6958831341301461	0.09309462915601023	0.7551867219917012	0.18776976228367068	0.7917443673436879	0.12367034344575692
3	0.699535192563081	0.07571660356949703	0.5809128630705395	0.1212633236023184	0.7062688392003175	0.1275700452099906
4	0.7514940239043825	0.10799001248439451	0.7178423236514523	0.20879708771483574	0.7897069892222375	0.1398742223308758
