Times	Accuary	Precision	Recall	MCC	AUROC	AUPR
0	0.6493963640476124	0.04334371388839924	0.7448670481319422	0.11709849931816298	0.7576064052552531	0.057469141649522174
1	0.7564887330713337	0.050388482632541136	0.5937394816560081	0.11753022524188043	0.7510770766021653	0.061603101573343366
2	0.7568280132319263	0.054661377160668746	0.6492763379333558	0.13533883517793813	0.7771267858409787	0.060710298204242605
3	0.7451299160281603	0.04984898370112378	0.6166273981824302	0.11918955799484768	0.7536954941168597	0.057178884102447175
4	0.7226243320421838	0.048699763593380616	0.6587007741501179	0.12168047513330302	0.7585062909911268	0.05738268545794451
