Times	Accuary	Precision	Recall	MCC	AUROC	AUPR
0	0.6568630479780037	0.04413404157649682	0.7425524089738874	0.11925949975619647	0.7625993384178453	0.06022912810074463
1	0.7623034384750842	0.05398531141703494	0.6244942993747702	0.13031245254426518	0.7704461760376617	0.06183930363436697
2	0.6645633167536841	0.045015645954403216	0.7407134976094152	0.12170443884226648	0.7698591960291759	0.06143957644131226
3	0.7002533288022491	0.04724389693153022	0.6925340198602428	0.12206151692972395	0.7668196847545617	0.05941294580478569
4	0.6510086811455404	0.044316157692555314	0.759470393527032	0.12193035264968984	0.774418585528418	0.06048556558685435
