Times	Accuary	Precision	Recall	MCC	AUROC	AUPR
0	0.7075596084295195	0.048980491028810615	0.701858996843213	0.1280298734592894	0.7711361580735425	0.05843151553556512
1	0.7260258837221293	0.049409603778535816	0.6604700105226237	0.12377751369544417	0.7632947093869757	0.06231312622328138
2	0.738415303364	0.05008540415449887	0.6376709926341635	0.12254093079339114	0.7592433541383405	0.06365717111216351
3	0.7404261901429718	0.05036510536691007	0.6362679761487198	0.12306582344457136	0.7631371484505396	0.0576997538702479
4	0.6650363506456198	0.044186842330396096	0.7246580147316731	0.11720551590520267	0.7678767151648258	0.06044695728071768
