Times	Accuary	Precision	Recall	MCC	AUROC	AUPR
0	0.8147764836726498	0.08237419963074989	0.7712394262596542	0.21175398460590092	0.8702876501763952	0.11777818904447009
