Times	Accuary	p_micro	p_macro	p_weigh	r_micro	r_macro	r_weigh	F1_micro	F1_macro	F1_weigh	roc_micro	roc_macro	pr_micro	pr_macro
0	0.8042939719240297	0.8042939719240297	0.6992021935042385	0.8276461114124941	0.8042939719240297	0.7304366348477258	0.8042939719240297	0.8042939719240297	0.7034114616161414	0.8104613189210194	0.9274854968550286	0.9292556854263255	0.8262008852258027	0.7152685848190257
1	0.8109000825763831	0.8109000825763831	0.6938765610729365	0.828150589177667	0.8109000825763831	0.7123609552036216	0.8109000825763831	0.8109000825763831	0.6978802577668466	0.8135084987256033	0.9253820777199918	0.9283765267951878	0.8258813182251905	0.6837583535846559
2	0.8137902559867878	0.8137902559867878	0.6991458883608592	0.8307184063895116	0.8137902559867878	0.7239746978643309	0.8137902559867878	0.8137902559867877	0.7073131242678204	0.817498319086931	0.9282833601882732	0.9307856780786085	0.8305542572683533	0.7064113726466199
3	0.8170933113129645	0.8170933113129645	0.711670834315711	0.8437617381780015	0.8170933113129645	0.7477269033350031	0.8170933113129645	0.8170933113129645	0.7204102067099132	0.8229558586947009	0.930900807648396	0.9308068177897334	0.8378947335166093	0.7088879992292823
4	0.7968620974401321	0.7968620974401321	0.6995544031624461	0.8322806405050497	0.7968620974401321	0.729970216937278	0.7968620974401321	0.7968620974401321	0.6876073868962953	0.8037669570358386	0.9269770940886629	0.9313836745239485	0.8276273655756222	0.7118265267748302
