Times	Accuary	Precision	Recall	MCC	AUROC	AUPR
0	0.8804964539007092	0.8085106382978723	0.9971631205673759	0.782595027250009	0.9303495800010059	0.9031352963593409
1	0.8450354609929078	0.8688400303260045	0.8127659574468085	0.6915125977842633	0.9345817614808108	0.9123002889781585
2	0.8797872340425532	0.815929203539823	0.9808510638297873	0.7755831377356157	0.9267390976309039	0.9005413540066454
3	0.8794326241134752	0.813599062133646	0.9843971631205674	0.7761607355452583	0.9307341180021125	0.9064388451635532
4	0.8797872340425532	0.8068767908309455	0.9985815602836879	0.7819653748117908	0.9328137417634929	0.9042470827921651
