Times	Accuary	p_micro	p_macro	p_weigh	r_micro	r_macro	r_weigh	F1_micro	F1_macro	F1_weigh	roc_micro	roc_macro	pr_micro	pr_macro
0	0.8340214698596201	0.8340214698596201	0.7384077847858905	0.8446775798325481	0.8340214698596201	0.7793943139835129	0.8340214698596201	0.8340214698596201	0.7544689264265529	0.8381028966421251	0.9563171387703733	0.9460347123964654	0.8934281313115705	0.8106568425590172
1	0.8253509496284063	0.8253509496284063	0.7199187106886354	0.8413850217067546	0.8253509496284063	0.7783981687226502	0.8253509496284063	0.8253509496284063	0.7426787655123488	0.8302605839854722	0.9563094107301112	0.9473492412496796	0.8928111240943062	0.8089594554272883
2	0.8257638315441783	0.8257638315441783	0.7224194779243289	0.8455779790260868	0.8257638315441783	0.7915393667306361	0.8257638315441783	0.8257638315441782	0.7468009129545683	0.8326873297649066	0.9561577479399659	0.9485810194085842	0.893956160625007	0.8162603388342022
3	0.8278282411230388	0.8278282411230388	0.7253953677881517	0.8438838134833077	0.8278282411230388	0.7668967427638461	0.8278282411230388	0.8278282411230388	0.7408934080245013	0.8327670133883457	0.9567290546811128	0.9479886835556146	0.893338765059709	0.7975455089754454
4	0.8282411230388109	0.8282411230388109	0.7246217633664371	0.8503186699662839	0.8282411230388109	0.7951309112599638	0.8282411230388109	0.8282411230388108	0.7505815269619662	0.8350996670870203	0.9549210910265405	0.947432281884186	0.894242659759104	0.8259602714257372
