Times	Accuary	p_micro	p_macro	p_weigh	r_micro	r_macro	r_weigh	F1_micro	F1_macro	F1_weigh	roc_micro	roc_macro	pr_micro	pr_macro
0	0.8711808422791082	0.8711808422791082	0.8439696989692884	0.8746889609682039	0.8711808422791082	0.8485030425365767	0.8711808422791082	0.8711808422791082	0.8445958368947324	0.8706362054922484	0.9755221143554484	0.9682522591747491	0.9429935922252951	0.918226590284738
1	0.870767960363336	0.870767960363336	0.8438249221428148	0.8762091595882269	0.870767960363336	0.8475702067156812	0.870767960363336	0.870767960363336	0.8434239702507291	0.8698130219383924	0.9743763187389293	0.9689855579143408	0.9383271151377638	0.9196094317216689
2	0.8492981007431875	0.8492981007431875	0.830271499148692	0.8540133952314456	0.8492981007431875	0.8272081066471688	0.8492981007431875	0.8492981007431875	0.8263980554922894	0.8479522174417422	0.96919438362401	0.9651371085046225	0.9258484764400573	0.9072044172405677
3	0.869942196531792	0.869942196531792	0.8305693874590419	0.8723279275044601	0.869942196531792	0.8385274028579953	0.869942196531792	0.8699421965317921	0.8334665465791293	0.8694484353163896	0.9733911072531521	0.9646067680401551	0.9383215828513055	0.9114657535131099
4	0.8625103220478944	0.8625103220478944	0.8448520424560528	0.8677098946382423	0.8625103220478944	0.8364599755418367	0.8625103220478944	0.8625103220478944	0.8385692043891697	0.8616890507859947	0.9718927482115838	0.9668163129231755	0.9330415030426139	0.9186672885856353
