Times	Accuary	Precision	Recall	MCC	AUROC	AUPR
0	0.5590900411408336	0.020417316692667706	0.6491010539367638	0.04891659132594627	0.6365541296190991	0.023350526323184923
1	0.5994757581543909	0.02130495539073417	0.6143831370117793	0.05116038486496771	0.652847730131782	0.02221756480977681
2	0.5199454927352579	0.019988557534148608	0.6931184128952262	0.04950914808152665	0.6382745603674269	0.023445796477098713
3	0.5750776815317583	0.019915632351748196	0.6088034717916925	0.04355036879180611	0.6384425928203167	0.022037990403376173
4	0.6024875449164164	0.020634438465544178	0.5895846249225046	0.04610755671546785	0.6342831974865445	0.02216444973547279
