Times	Accuary	Precision	Recall	MCC	AUROC	AUPR
0	0.6374064057987012	0.021973309114760715	0.5722733245729303	0.051408443810981475	0.6305648483779803	0.023018395511742975
1	0.6479110326176941	0.021132449123172733	0.5328515111695138	0.044841176097649454	0.6063935718181255	0.019786929034454743
2	0.5604154018801626	0.020936445153140467	0.664257555847569	0.05277732707252238	0.6563151041730515	0.023945163776694124
3	0.5280736611659952	0.01983062944887054	0.6754270696452037	0.04737805917818166	0.6351279818771656	0.022385942972376678
4	0.6238386960281105	0.022184466019417474	0.6005256241787122	0.05441730728883751	0.6558165851267266	0.023518120399644366
