Times	Accuary	p_micro	p_macro	p_weigh	r_micro	r_macro	r_weigh	F1_micro	F1_macro	F1_weigh	roc_micro	roc_macro	pr_micro	pr_macro
0	0.6956701030927835	0.6956701030927835	0.6303419829515264	0.7616301932142707	0.6956701030927835	0.6769296578207079	0.6956701030927835	0.6956701030927835	0.6258782661994446	0.6992256537082335	0.8999356644347611	0.8894032059231446	0.7953610833578061	0.7024220885640753
1	0.691958762886598	0.691958762886598	0.6150427020380059	0.743114120493538	0.691958762886598	0.6469128915077837	0.691958762886598	0.691958762886598	0.6122538074053412	0.6943012417612148	0.9005390300067313	0.8796455045910042	0.7942174426941265	0.6772647646891813
2	0.6944329896907216	0.6944329896907216	0.6256574497383008	0.7533705354208166	0.6944329896907216	0.6717534266879446	0.6944329896907216	0.6944329896907216	0.6242495341264	0.6985600441603678	0.9015319516774719	0.8853969700264482	0.8005729083874782	0.7118165682461906
3	0.668041237113402	0.668041237113402	0.5912773617871312	0.7353161184202057	0.668041237113402	0.6219999151072764	0.668041237113402	0.668041237113402	0.5816948064287161	0.6727271269870887	0.8863386969922415	0.8662616202136695	0.7763982330342537	0.6551790691939768
4	0.6997938144329897	0.6997938144329897	0.6204380780704164	0.7512222529483882	0.6997938144329897	0.662383649045265	0.6997938144329897	0.6997938144329897	0.6210138634725855	0.7059704367152825	0.9058975307329862	0.8906519931197783	0.8075429753878712	0.6968186988044515
