Times	Accuary	p_micro	p_macro	p_weigh	r_micro	r_macro	r_weigh	F1_micro	F1_macro	F1_weigh	roc_micro	roc_macro	pr_micro	pr_macro
0	0.8129644921552436	0.8129644921552436	0.7006254991514426	0.8217427380060008	0.8129644921552436	0.6986423751031368	0.8129644921552436	0.8129644921552435	0.6886339301339442	0.8106588727305143	0.9317310605621513	0.933786255811416	0.8308579623940809	0.7208795963316149
1	0.7927332782824112	0.7927332782824112	0.6869813533595293	0.8183591291327793	0.7927332782824112	0.7111776729936202	0.7927332782824112	0.7927332782824112	0.6840308154630281	0.7990339501782615	0.926794604373207	0.9305072275972556	0.8186217582109682	0.7047382757358588
2	0.8212221304706854	0.8212221304706854	0.7136711326594034	0.8403588594575053	0.8212221304706854	0.7232803947470201	0.8212221304706854	0.8212221304706854	0.7133348545496423	0.8231446439597172	0.9294333323559635	0.9306555241216585	0.829164553152655	0.6961089967170442
3	0.8071841453344344	0.8071841453344344	0.704309548933642	0.8293681413743016	0.8071841453344344	0.7321992847644797	0.8071841453344344	0.8071841453344344	0.7095295126763144	0.8120630217999755	0.9297585066971426	0.9327621594101376	0.8299154012913765	0.7185777909299591
4	0.815028901734104	0.815028901734104	0.7045159787879558	0.8293042039473159	0.815028901734104	0.7118206666875396	0.815028901734104	0.815028901734104	0.6991418051463602	0.814878156911789	0.9318297635469706	0.9321420426127658	0.8314182266670471	0.7199271903922169
