Times	Accuary	p_micro	p_macro	p_weigh	r_micro	r_macro	r_weigh	F1_micro	F1_macro	F1_weigh	roc_micro	roc_macro	pr_micro	pr_macro
0	0.6783505154639176	0.6783505154639176	0.6090278353186792	0.7347698927146661	0.6783505154639176	0.6349779330264872	0.6783505154639176	0.6783505154639176	0.6012981461569378	0.6801073692881243	0.8929164558755802	0.8696569945261979	0.7779791113396697	0.6557665976528891
1	0.6824742268041237	0.6824742268041237	0.6133863675033064	0.7463479561918367	0.6824742268041237	0.6506560444646179	0.6824742268041237	0.6824742268041237	0.607086964875499	0.6857694045679976	0.8868605802954618	0.8679665290938741	0.775426076654974	0.6594307173420579
2	0.6907216494845361	0.6907216494845361	0.6190483180610123	0.7549814902276587	0.6907216494845361	0.6559544372536656	0.6907216494845361	0.6907216494845361	0.6131003426316426	0.6953673471264378	0.8935880965033477	0.8771406650297711	0.7847192245907311	0.6838240243861646
3	0.6907216494845361	0.6907216494845361	0.6243163618570872	0.7506155418408405	0.6907216494845361	0.6495561188826748	0.6907216494845361	0.6907216494845361	0.614512227281773	0.6910704883440868	0.8970388068161689	0.8816097299971194	0.7906892157029873	0.6878594604022548
4	0.7014432989690722	0.7014432989690722	0.6359522276904509	0.760631520530435	0.7014432989690722	0.6759933133287739	0.7014432989690722	0.7014432989690722	0.6322570623253039	0.7045585202964916	0.8974798880504482	0.8829606070452485	0.788901847161222	0.6875372202370111
