Times	Accuary	Precision	Recall	MCC	AUROC	AUPR
0	0.5851713185584755	0.0199749250940309	0.5956907477820025	0.04305407984266484	0.6346272817018266	0.022443562629734123
1	0.6012385329240378	0.019819301120510207	0.5671736375158428	0.040494920444193866	0.6192046280112342	0.02112755156385153
2	0.6040243448018879	0.020407253932183754	0.5804816223067174	0.044362647846494914	0.6305886378789555	0.021817505869416578
3	0.5939457387724684	0.020632647747982295	0.6026615969581749	0.0469553989649838	0.6427529976631242	0.022213716805582127
4	0.4486310484944195	0.01911809073153691	0.7629911280101395	0.04901772403960522	0.6419223633829977	0.0222376444098587
