Times	Accuary	p_micro	p_macro	p_weigh	r_micro	r_macro	r_weigh	F1_micro	F1_macro	F1_weigh	roc_micro	roc_macro	pr_micro	pr_macro
0	0.8115463917525774	0.8115463917525774	0.699036971032564	0.8267361364860487	0.8115463917525774	0.7128941350081845	0.8115463917525774	0.8115463917525774	0.700297531591649	0.8129856866639257	0.9293505083785027	0.9294447560224435	0.8291428665455811	0.7012800274974282
1	0.8144329896907216	0.8144329896907216	0.7036940769585772	0.8300234774074468	0.8144329896907216	0.7220720054605191	0.8144329896907216	0.8144329896907216	0.70785773830771	0.8163939621765892	0.9280985722889432	0.9293115088245345	0.8276841615813295	0.7080739952272732
2	0.7958762886597938	0.7958762886597938	0.7007100846012304	0.8400461012365681	0.7958762886597938	0.7185603392148929	0.7958762886597938	0.7958762886597938	0.6796969979736347	0.8036489823938707	0.9229452084883267	0.9275353024125328	0.8201941940671831	0.7016184186649072
3	0.8160824742268041	0.8160824742268041	0.7093443932678714	0.8375680281201018	0.8160824742268041	0.7283056730247209	0.8160824742268041	0.816082474226804	0.7132163911699183	0.8195883625895776	0.9254890140645482	0.9280235470197528	0.8236530990687101	0.6893015409365979
4	0.7678350515463918	0.7678350515463918	0.6689691192068364	0.7918956775998435	0.7678350515463918	0.7077013446596658	0.7678350515463918	0.7678350515463918	0.670218967608098	0.7752128704516429	0.9191837318879087	0.9255882057989261	0.8098678767866931	0.7000738958858627
