Times	Accuary	p_micro	p_macro	p_weigh	r_micro	r_macro	r_weigh	F1_micro	F1_macro	F1_weigh	roc_micro	roc_macro	pr_micro	pr_macro
0	0.5809248554913294	0.5809248554913294	0.48682890370126086	0.6822937441521185	0.5809248554913294	0.4611726370154411	0.5809248554913294	0.5809248554913294	0.44945361723629573	0.5967936633819476	0.7574377273379197	0.7367433452864293	0.537791850710394	0.4390050767649495
1	0.5582163501238646	0.5582163501238646	0.49250677685316174	0.6772266728024636	0.5582163501238646	0.4820951119587158	0.5582163501238646	0.5582163501238646	0.45205933790250397	0.5736676502518571	0.7423543542847324	0.7233563131111542	0.5316386099016112	0.4379783348826482
2	0.5722543352601156	0.5722543352601156	0.48144942884743325	0.6815699841338556	0.5722543352601156	0.44981561413379795	0.5722543352601156	0.5722543352601156	0.4376176066860803	0.5882804920225988	0.7477130683206491	0.7211331778054594	0.572321559171064	0.437687054518335
3	0.5838150289017341	0.5838150289017341	0.49551483318024864	0.6997567427171935	0.5838150289017341	0.477940487514918	0.5838150289017341	0.5838150289017341	0.45703537174992326	0.6058780128447192	0.7518705266864005	0.7271118267659545	0.5291300922097857	0.44037162396945684
4	0.5528488852188275	0.5528488852188275	0.4756965433976883	0.6751598303652955	0.5528488852188275	0.4559657809023736	0.5528488852188275	0.5528488852188275	0.43335630509804957	0.5752772046792827	0.7401701032579827	0.7122043673817258	0.5336990984756633	0.42518200456051336
