Times	Accuary	Precision	Recall	MCC	AUROC	AUPR
0	0.8766832034018427	0.815805109922757	0.9730687455705174	0.7677668286380726	0.9360765695876431	0.9101119999605969
1	0.8625088589652729	0.8421404682274247	0.8922749822820695	0.7263059064722118	0.9384973085320812	0.9155358794398875
2	0.8795180722891566	0.8118811881188119	0.9879518072289156	0.7775407949027527	0.9375304193385874	0.9166432661259153
3	0.8809355067328136	0.8108733371891267	0.9936215450035436	0.7819894368690467	0.9395910234509555	0.9156157192512618
4	0.874202693125443	0.8235294117647058	0.9525159461374911	0.757757703701214	0.937323731077225	0.9087957084280107
