Times	Accuary	p_micro	p_macro	p_weigh	r_micro	r_macro	r_weigh	F1_micro	F1_macro	F1_weigh	roc_micro	roc_macro	pr_micro	pr_macro
0	0.7715463917525773	0.7715463917525773	0.6755252609960254	0.8204193308130225	0.7715463917525773	0.6951682861322944	0.7715463917525773	0.7715463917525773	0.6379975583732291	0.7766363174834758	0.9196918128033442	0.9219134257443966	0.8131789172517891	0.674035868038011
1	0.7921649484536083	0.7921649484536083	0.6890075235129025	0.8195970618048624	0.7921649484536083	0.717513343219228	0.7921649484536083	0.7921649484536084	0.6934448682604013	0.7986378536635835	0.9230733127856307	0.9210660176440322	0.817794915186244	0.6844621725103301
2	0.7785567010309279	0.7785567010309279	0.671733224781276	0.8014034255046644	0.7785567010309279	0.6983966485858858	0.7785567010309279	0.7785567010309279	0.6761596486631425	0.7844176806750708	0.921098466007723	0.9161685220775724	0.8091550774949048	0.6651129796097983
3	0.7810309278350516	0.7810309278350516	0.6677161499421331	0.799368261089207	0.7810309278350516	0.7031827754032918	0.7810309278350516	0.7810309278350517	0.6803371709168294	0.7874123799055349	0.9183530378715415	0.9208921402385131	0.8066194349587372	0.6824573829081471
4	0.7905154639175258	0.7905154639175258	0.6878457708821716	0.8153568328305753	0.7905154639175258	0.7215528933014849	0.7905154639175258	0.7905154639175258	0.6949082316937235	0.7965265047364498	0.9249051192121018	0.9208118699491279	0.8172222352938368	0.6785161612131918
