Times	Accuary	p_micro	p_macro	p_weigh	r_micro	r_macro	r_weigh	F1_micro	F1_macro	F1_weigh	roc_micro	roc_macro	pr_micro	pr_macro
0	0.8214432989690722	0.8214432989690722	0.7289911946410101	0.8337488876748125	0.8214432989690722	0.7800218581647973	0.8214432989690722	0.8214432989690722	0.7499488229251015	0.8255201132807809	0.9535188294894958	0.9449696403819691	0.8897806203062844	0.8142295160087563
1	0.8197938144329897	0.8197938144329897	0.7268596258981499	0.8273075128877659	0.8197938144329897	0.7615596162575042	0.8197938144329897	0.8197938144329897	0.7411488510515772	0.8227604245845725	0.9532143833917881	0.9428961099345483	0.8907308085399609	0.813171447558021
2	0.8127835051546392	0.8127835051546392	0.7068388923706324	0.8351313193468327	0.8127835051546392	0.7784003814695615	0.8127835051546392	0.8127835051546392	0.730165458883137	0.8195814017069737	0.9543840153044958	0.9468770814709744	0.8922276081079762	0.8233235855458894
3	0.8127835051546392	0.8127835051546392	0.7114508501950116	0.8320054041614431	0.8127835051546392	0.7745043873791904	0.8127835051546392	0.8127835051546392	0.7301062453124004	0.819232250233188	0.950895468877316	0.9424830615993465	0.8835186918041273	0.8060086183124371
4	0.8185567010309278	0.8185567010309278	0.7113490688667277	0.8411125968740687	0.8185567010309278	0.7788366119724756	0.8185567010309278	0.8185567010309278	0.7347210048647923	0.8263880979950141	0.9516307365288553	0.9435388700940368	0.8854783474285833	0.8029346793990169
