Times	Accuary	p_micro	p_macro	p_weigh	r_micro	r_macro	r_weigh	F1_micro	F1_macro	F1_weigh	roc_micro	roc_macro	pr_micro	pr_macro
0	0.523534269199009	0.523534269199009	0.43684513066800734	0.5489286555767989	0.523534269199009	0.47374851050153965	0.523534269199009	0.523534269199009	0.44730386295812086	0.5321975617516177	0.7926123003580128	0.7342807795712482	0.5237257571407589	0.4392479405085216
1	0.5181668042939719	0.5181668042939719	0.42672849799403045	0.5289655207274205	0.5181668042939719	0.44730248836027164	0.5181668042939719	0.5181668042939719	0.43499367207510364	0.5227134391555444	0.7787287623793544	0.7144191998440043	0.4997231095564226	0.4129620634656572
2	0.5074318744838976	0.5074318744838976	0.42072977169294207	0.5340949211797408	0.5074318744838976	0.4582659279644472	0.5074318744838976	0.5074318744838976	0.43011578229941805	0.5172731424505458	0.7713366645732769	0.7132924171848811	0.5044018457615995	0.4195814511609839
3	0.5194054500412882	0.5194054500412882	0.4285901921739587	0.5420513191348527	0.5194054500412882	0.46304806406639065	0.5194054500412882	0.5194054500412882	0.438763693377192	0.5276306759903479	0.7753580298770583	0.7128839729612857	0.4998937398068791	0.40759473356004394
4	0.514037985136251	0.514037985136251	0.4242010000871821	0.5388625541184743	0.514037985136251	0.455741061167509	0.514037985136251	0.514037985136251	0.4319875395906227	0.5235645219605357	0.7726302589598102	0.7143280999170785	0.49851899761662405	0.4055385501725369
