Times	Accuary	p_micro	p_macro	p_weigh	r_micro	r_macro	r_weigh	F1_micro	F1_macro	F1_weigh	roc_micro	roc_macro	pr_micro	pr_macro
0	0.8078350515463918	0.8078350515463918	0.7148504597250804	0.8280106273731296	0.8078350515463918	0.7826721028817657	0.8078350515463918	0.8078350515463918	0.7393366697381729	0.8140057006465776	0.9509132107556595	0.9434911882696151	0.8808992389380108	0.8173006568600879
1	0.8177319587628866	0.8177319587628866	0.7259893935163234	0.8328442115513421	0.8177319587628866	0.7823155448846315	0.8177319587628866	0.8177319587628866	0.7445459105404126	0.822865941750944	0.9515616679066142	0.942578507429863	0.8841501563822067	0.8118053744621903
2	0.8255670103092784	0.8255670103092784	0.7294766529766056	0.8401842702900479	0.8255670103092784	0.7856273880357398	0.8255670103092784	0.8255670103092784	0.7480073179164723	0.8305591824650609	0.9551366847344741	0.9455765110688277	0.8918444614896884	0.813111924676845
3	0.8276288659793815	0.8276288659793815	0.7291862592787445	0.8432898235395467	0.8276288659793815	0.7776680961505942	0.8276288659793815	0.8276288659793816	0.7434613042459557	0.8330613775396611	0.9550619761221526	0.946361814684791	0.892868668268431	0.8182454818448583
4	0.8131958762886597	0.8131958762886597	0.7241667842405288	0.8311658288450952	0.8131958762886597	0.7830349508135667	0.8131958762886597	0.8131958762886597	0.7435621580667748	0.818672586097295	0.9529106174938888	0.944054466658908	0.8848444541794172	0.8116013266860795
