Times	Accuary	p_micro	p_macro	p_weigh	r_micro	r_macro	r_weigh	F1_micro	F1_macro	F1_weigh	roc_micro	roc_macro	pr_micro	pr_macro
0	0.8236994219653179	0.8236994219653179	0.7229803763559035	0.8506758187908017	0.8236994219653179	0.8067353589438051	0.8236994219653179	0.8236994219653179	0.7508748607459492	0.8298319719515275	0.9633707370482023	0.957551583200271	0.9158672154085534	0.8547395110318741
1	0.8447563996696945	0.8447563996696945	0.753896457877071	0.8582179792269654	0.8447563996696945	0.8002178247613119	0.8447563996696945	0.8447563996696945	0.7726775423509391	0.8488809741237912	0.9646111443341077	0.9572894464873167	0.9180188331237424	0.8550253460406575
