Times	Accuary	Precision	Recall	MCC	AUROC	AUPR
0	0.7347517730496453	0.7929078014184398	0.7102922490470139	0.47271197504072954	0.8769729892862532	0.8772256681145227
1	0.7397163120567376	0.7361702127659574	0.7414285714285714	0.4794446821264325	0.867746089230924	0.8749284336693514
2	0.7226950354609929	0.7609929078014185	0.7068511198945981	0.4467023794567257	0.866675217544389	0.8698103798114248
3	0.7297872340425532	0.7475177304964539	0.7219178082191781	0.45986369420096423	0.8677123887128413	0.8783766567855416
4	0.7287234042553191	0.8340425531914893	0.6889279437609842	0.46794560416369685	0.8889728886876918	0.8914931203095274
