Times	Accuary	p_micro	p_macro	p_weigh	r_micro	r_macro	r_weigh	F1_micro	F1_macro	F1_weigh	roc_micro	roc_macro	pr_micro	pr_macro
0	0.5195876288659794	0.5195876288659794	0.4246083468860238	0.5423809007863679	0.5195876288659794	0.4548051078719517	0.5195876288659794	0.5195876288659794	0.4337486833636916	0.5286993984920733	0.7722052219506147	0.7143938840604728	0.49445844928583227	0.4125000403859034
1	0.523298969072165	0.523298969072165	0.4261175285308646	0.5327607533650498	0.523298969072165	0.43905596723962403	0.523298969072165	0.523298969072165	0.43081269118451054	0.5263081997076643	0.7739337797144579	0.7081475819935321	0.499088365099457	0.4108787387769549
2	0.5212371134020618	0.5212371134020618	0.4186362067184952	0.5281689448453321	0.5212371134020618	0.4285340618361338	0.5212371134020618	0.5212371134020618	0.4229329965956725	0.5243663524496891	0.7782532185496156	0.7043338917217408	0.5031071618608552	0.4052595979010091
3	0.511340206185567	0.511340206185567	0.4308383515683421	0.5315254036953384	0.511340206185567	0.47419197017526926	0.511340206185567	0.511340206185567	0.4439909915766006	0.5187579098977365	0.7800296170333368	0.7181891645083571	0.5088253483590414	0.4253256441612578
4	0.5039175257731959	0.5039175257731959	0.4223587231037472	0.5276818230241779	0.5039175257731959	0.45654147214936736	0.5039175257731959	0.5039175257731959	0.4301448931756722	0.5131089255843235	0.7796897438622594	0.7198823219481547	0.5072964719015316	0.41898857253640354
