Times	Accuary	p_micro	p_macro	p_weigh	r_micro	r_macro	r_weigh	F1_micro	F1_macro	F1_weigh	roc_micro	roc_macro	pr_micro	pr_macro
0	0.8692783505154639	0.8692783505154639	0.8357493486674934	0.874805559976843	0.8692783505154639	0.8552193535556017	0.8692783505154639	0.8692783505154639	0.8431966240936639	0.8689039199571862	0.9715176816523187	0.9664016498297874	0.9321191244332563	0.9162486359922867
1	0.8651546391752577	0.8651546391752577	0.8406569848827384	0.8701781664921957	0.8651546391752577	0.8300789125789793	0.8651546391752577	0.8651546391752577	0.8329449947393637	0.8641172594321873	0.9715221879760513	0.9645251767930934	0.9322076566121631	0.9047860867324442
2	0.8709278350515464	0.8709278350515464	0.8530731615724514	0.873677985926171	0.8709278350515464	0.8572106955247157	0.8709278350515464	0.8709278350515464	0.8540108681484093	0.8709264722814196	0.9736670563644738	0.9689001755863351	0.9367554874670755	0.9254745613854989
3	0.8655670103092783	0.8655670103092783	0.8472428223427715	0.8701958085062554	0.8655670103092783	0.8387340766238985	0.8655670103092783	0.8655670103092783	0.8409223771272964	0.8647865567671853	0.9744750203705672	0.9674221867952122	0.9391291986877385	0.9186403012749389
4	0.8602061855670103	0.8602061855670103	0.8451645883144672	0.8661682078580426	0.8602061855670103	0.8417055358955875	0.8602061855670103	0.8602061855670103	0.8408452438123144	0.8591875027563433	0.9717128989974139	0.9658219986524835	0.9316260060648545	0.9159974586464548
