Times	Accuary	Precision	Recall	MCC	AUROC	AUPR
0	0.8734042553191489	0.8052173913043478	0.9851063829787234	0.7661728563069256	0.930759016146069	0.9098395675193403
1	0.8794326241134752	0.8081797235023042	0.9950354609929078	0.7799994135529367	0.9335767818520196	0.9131183490735258
2	0.8787234042553191	0.8079584775086506	0.9936170212765958	0.7782726943058565	0.9362076857300942	0.9178993851134226
3	0.8765957446808511	0.8044724770642202	0.9950354609929078	0.7752560083721401	0.9341836426739097	0.9141285860615166
4	0.8691489361702127	0.8275645059786029	0.9326241134751773	0.7443201126500689	0.9323399225391077	0.9093444284125092
