Times	Accuary	Precision	Recall	MCC	AUROC	AUPR
0	0.8798724309000708	0.8098265895953757	0.9929128277817151	0.7799386000608725	0.9347600934441899	0.9092287512157385
1	0.8795180722891566	0.8111563044741429	0.9893692416725727	0.7780461825049062	0.9361431217009615	0.909373295449275
2	0.8798724309000708	0.8084004602991944	0.9957476966690291	0.7810075967151793	0.9350687445659572	0.9068040197197899
3	0.8791637136782424	0.8099652375434531	0.9907866761162296	0.7779614998208186	0.9329084378536366	0.9040396380260229
4	0.8798724309000708	0.8101851851851852	0.9922041105598866	0.7796761603542294	0.9357186950160252	0.9090377925865132
