Times	Accuary	p_micro	p_macro	p_weigh	r_micro	r_macro	r_weigh	F1_micro	F1_macro	F1_weigh	roc_micro	roc_macro	pr_micro	pr_macro
0	0.6965317919075145	0.6965317919075145	0.6247191964168889	0.7539718129855677	0.6965317919075145	0.6685392543851572	0.6965317919075145	0.6965317919075145	0.6245283450542403	0.701414672792169	0.8969943435291187	0.8789805133248523	0.79222610238393	0.6882434875303527
1	0.6866226259289843	0.6866226259289843	0.6271927700062968	0.7478913982436113	0.6866226259289843	0.6745430324623183	0.6866226259289843	0.6866226259289843	0.623169987766352	0.6851104384707224	0.8904406244438368	0.8742929544518245	0.7783240534480482	0.6863218246946337
2	0.6981833195706028	0.6981833195706028	0.6315335414295871	0.7542554218680237	0.6981833195706028	0.6619974899533674	0.6981833195706028	0.6981833195706028	0.6254145094318146	0.6998016990750084	0.9051073652087718	0.8875583060797334	0.8025735907442679	0.7058607346712464
3	0.6998348472336912	0.6998348472336912	0.6273191724265689	0.7540365086369554	0.6998348472336912	0.672554166405755	0.6998348472336912	0.6998348472336912	0.6278511505454611	0.7025473040993625	0.8991320842547318	0.8840373449568544	0.7943389958658423	0.6900398189000155
4	0.6833195706028076	0.6833195706028076	0.610569286410422	0.7527593243275935	0.6833195706028076	0.6400957043048577	0.6833195706028076	0.6833195706028076	0.6000773127214928	0.6891313510609325	0.8913026418760227	0.8720074028311962	0.777890934616182	0.6587553961433956
