Times	Accuary	p_micro	p_macro	p_weigh	r_micro	r_macro	r_weigh	F1_micro	F1_macro	F1_weigh	roc_micro	roc_macro	pr_micro	pr_macro
0	0.5567010309278351	0.5567010309278351	0.4776280937163791	0.673982579920677	0.5567010309278351	0.4524338025025553	0.5567010309278351	0.5567010309278351	0.4378831279039931	0.578655927093061	0.7519518758635348	0.7092265388324355	0.5571658508350299	0.425983186472743
1	0.5645360824742268	0.5645360824742268	0.48440988663323226	0.6829492770930716	0.5645360824742268	0.46520797519215534	0.5645360824742268	0.5645360824742268	0.44459662536798433	0.585814300095937	0.7442768980054558	0.7250646746363154	0.5241467195350338	0.4375020916799732
2	0.5550515463917526	0.5550515463917526	0.4753638428605781	0.6712352728855473	0.5550515463917526	0.4499293387883754	0.5550515463917526	0.5550515463917526	0.43467714405524605	0.5754498214896835	0.749912353420484	0.7131923780931162	0.563181027345472	0.4221329045500596
3	0.5579381443298969	0.5579381443298969	0.48121914996059384	0.6738567499434572	0.5579381443298969	0.4619980546558524	0.5579381443298969	0.5579381443298969	0.4412526406863375	0.576729604563062	0.7354101533992277	0.7040803209309883	0.5401306682256448	0.4174940923427307
4	0.565360824742268	0.565360824742268	0.48396039533481106	0.6812039024702062	0.565360824742268	0.46611706330053326	0.565360824742268	0.565360824742268	0.4470624410646882	0.5878692447901166	0.7452811563396747	0.7206753684045424	0.5613474264896974	0.4336745775832196
