Times	Accuary	p_micro	p_macro	p_weigh	r_micro	r_macro	r_weigh	F1_micro	F1_macro	F1_weigh	roc_micro	roc_macro	pr_micro	pr_macro
0	0.7859793814432989	0.7859793814432989	0.6791405767525831	0.8078657663988763	0.7859793814432989	0.717981408493517	0.7859793814432989	0.7859793814432989	0.6910211126599477	0.7927802947953144	0.9254018634640591	0.9224881429843464	0.8187243974397691	0.6809910351440966
1	0.7942268041237114	0.7942268041237114	0.6973087193942644	0.8270810946175716	0.7942268041237114	0.7276467274881955	0.7942268041237114	0.7942268041237114	0.6940694698564608	0.8012431885170141	0.9228040103447055	0.923940058396007	0.8148319711313132	0.6795854866734755
2	0.7752577319587629	0.7752577319587629	0.687083081691708	0.8251876139991815	0.7752577319587629	0.7013317802757234	0.7752577319587629	0.7752577319587629	0.6558531628725371	0.7820473246221987	0.9152501080525737	0.9182466915091021	0.8030017741629891	0.6493119549824697
3	0.791340206185567	0.791340206185567	0.6893409989940127	0.8191227752034297	0.791340206185567	0.7135402439433491	0.791340206185567	0.7913402061855669	0.6898528505616414	0.7977882621770318	0.9250023877847452	0.9226932091395891	0.8170460937466459	0.680408768698264
4	0.794639175257732	0.794639175257732	0.6762795897061848	0.8187036904802965	0.794639175257732	0.695922778771616	0.794639175257732	0.794639175257732	0.6794325507598048	0.7981140177188184	0.9260923796365184	0.922771719303376	0.8265277042278202	0.68187537099374
