Times	Accuary	Precision	Recall	MCC	AUROC	AUPR
0	0.7306874557051737	0.7675407512402551	0.7148514851485148	0.4626332878625746	0.8616268551087662	0.8650849896559052
1	0.7352941176470589	0.7888022678951099	0.7125480153649167	0.4733063074147427	0.8678018866645136	0.8775408036282514
2	0.7423812898653437	0.7838412473423104	0.7238219895287958	0.48643776729330834	0.880191629903949	0.8883663666961065
3	0.742735648476258	0.7732104890148831	0.7287909151636607	0.4863755469385616	0.882922526810456	0.891818225394356
4	0.7285613040396882	0.7930545712260808	0.7024482109227872	0.4609734209091662	0.8796647380785074	0.8859606406646529
