Times	Accuary	p_micro	p_macro	p_weigh	r_micro	r_macro	r_weigh	F1_micro	F1_macro	F1_weigh	roc_micro	roc_macro	pr_micro	pr_macro
0	0.8643298969072165	0.8643298969072165	0.8339561425153675	0.8690380481051732	0.8643298969072165	0.8424310178158334	0.8643298969072165	0.8643298969072165	0.8363015188488105	0.8636890305406597	0.9727353526765155	0.9667946111008635	0.9354935122422186	0.9147497222588883
1	0.8569072164948454	0.8569072164948454	0.836062243413251	0.864022691318897	0.8569072164948454	0.8379931479933482	0.8569072164948454	0.8569072164948454	0.8343886328118204	0.8561492542611671	0.9717606546923159	0.9674176146051043	0.9318199414539615	0.9197974594991181
2	0.8812371134020619	0.8812371134020619	0.8595585086760575	0.885579549139283	0.8812371134020619	0.8536417780370201	0.8812371134020619	0.8812371134020619	0.85417545918569	0.8807202055228688	0.9769657987033691	0.9727133779341801	0.9455656339337594	0.9249813239864615
3	0.8729896907216494	0.8729896907216494	0.8595301200584916	0.8782171816676347	0.8729896907216494	0.859961707562367	0.8729896907216494	0.8729896907216494	0.8572427689097731	0.8720694255667749	0.9748229142310554	0.9698848759659977	0.9407971989996127	0.9266485847935177
4	0.8622680412371134	0.8622680412371134	0.8353176715015171	0.8680106317044192	0.8622680412371134	0.8373994123917361	0.8622680412371134	0.8622680412371134	0.8343747339844216	0.8618658035423651	0.973062358734545	0.9666572646752416	0.9353283893162575	0.9119238984484789
