Times	Accuary	Precision	Recall	MCC	AUROC	AUPR
0	0.7471631205673759	0.973758865248227	0.6700829673011225	0.554542211283933	0.9877928675619939	0.9864134664637294
1	0.7663120567375886	0.9822695035460993	0.6859831599801882	0.5905484303188971	0.9880141843971633	0.9879343731606391
2	0.7453900709219858	0.9865248226950355	0.6655502392344498	0.5602366563306491	0.9908374830239929	0.989956584899822
3	0.7528368794326241	0.9921985815602837	0.6709832134292566	0.5759606732017326	0.9917624867964389	0.9906352202914651
4	0.7606382978723404	0.9907801418439717	0.6784847013113162	0.5871740278081984	0.9968542829837534	0.9966245133025758
