Times	Accuary	Precision	Recall	MCC	AUROC	AUPR
0	0.8797872340425532	0.8065254722381225	0.999290780141844	0.7822456510920537	0.927489311402847	0.902398954647976
1	0.8656028368794326	0.8273015873015873	0.9241134751773049	0.7362642450689605	0.9305980584477641	0.9076617394003289
2	0.8826241134751773	0.8127536231884058	0.9943262411347518	0.7850907046108003	0.9339069966299481	0.911429552839031
3	0.8797872340425532	0.8065254722381225	0.999290780141844	0.7822456510920537	0.9294331271062823	0.9054705512559974
4	0.8794326241134752	0.8057142857142857	1.0	0.7819389819088005	0.9280509028720889	0.901088402152489
