Times	Accuary	p_micro	p_macro	p_weigh	r_micro	r_macro	r_weigh	F1_micro	F1_macro	F1_weigh	roc_micro	roc_macro	pr_micro	pr_macro
0	0.5035051546391752	0.5035051546391752	0.4169783288043601	0.5294577558215383	0.5035051546391752	0.45497091397286304	0.5035051546391752	0.5035051546391752	0.4270386478106642	0.5131011336531524	0.7707859283664577	0.7095035824003195	0.4975409619417687	0.40768954235909965
1	0.4795876288659794	0.4795876288659794	0.40056995441268534	0.5187213810066817	0.4795876288659794	0.44351339148484903	0.4795876288659794	0.4795876288659794	0.4091286741315092	0.4927261476380727	0.7736146526375455	0.7240689661863335	0.5041360883176713	0.4243100876283008
2	0.5080412371134021	0.5080412371134021	0.42890133974663236	0.5336059710687635	0.5080412371134021	0.4757481513582494	0.5080412371134021	0.5080412371134021	0.4425000621010011	0.5165007457297531	0.782223658199596	0.7241018517484151	0.511814154097266	0.4392802278803368
3	0.5129896907216495	0.5129896907216495	0.4281393686882202	0.5364493655771175	0.5129896907216495	0.4740273193684803	0.5129896907216495	0.5129896907216495	0.43941976878642985	0.5213510184668592	0.7762944131505296	0.724589072662083	0.5018441621986106	0.4169563670512356
4	0.49938144329896905	0.49938144329896905	0.41464662194464197	0.5155862725674439	0.49938144329896905	0.4439996847330706	0.49938144329896905	0.49938144329896905	0.42491769100464755	0.5057302765365518	0.7702135402274419	0.7123267718445525	0.5090674135997653	0.4148708044942408
