Times	Accuary	Precision	Recall	MCC	AUROC	AUPR
0	0.875531914893617	0.8006814310051107	1.0	0.7754758938936925	0.9231970222825815	0.8913742811169244
1	0.875177304964539	0.8005681818181818	0.999290780141844	0.7745980532394416	0.9274244253307178	0.9049828544472667
2	0.875531914893617	0.8006814310051107	1.0	0.7754758938936925	0.9264828227956341	0.9008872123728632
3	0.875531914893617	0.8010233086981239	0.999290780141844	0.7751849785766995	0.9244711030632262	0.8970204215900852
4	0.8769503546099291	0.8049340218014917	0.9950354609929078	0.7758481328853847	0.9299001559277702	0.9058638228683651
