Times	Accuary	p_micro	p_macro	p_weigh	r_micro	r_macro	r_weigh	F1_micro	F1_macro	F1_weigh	roc_micro	roc_macro	pr_micro	pr_macro
0	0.8136082474226805	0.8136082474226805	0.6947900095714437	0.8417696555013213	0.8136082474226805	0.7256269738414026	0.8136082474226805	0.8136082474226805	0.701628081620449	0.8206317544048467	0.9239424947745066	0.9289371237935211	0.823678975273636	0.691759989582567
1	0.8070103092783505	0.8070103092783505	0.6937959937510474	0.8400511503674359	0.8070103092783505	0.7237685334850449	0.8070103092783505	0.8070103092783505	0.6924027794152552	0.8155387858202819	0.920678215892585	0.9251424524467118	0.8162095567141315	0.6819276164050536
2	0.8284536082474226	0.8284536082474226	0.7227207648001699	0.8501579098928976	0.8284536082474226	0.7479581673988664	0.8284536082474226	0.8284536082474226	0.7295146616438779	0.8322094930893253	0.9381981790484287	0.9333579877997348	0.8515841962329572	0.7199098026356991
3	0.8206185567010309	0.8206185567010309	0.7068138840415534	0.8472184118957158	0.8206185567010309	0.7339845854667765	0.8206185567010309	0.8206185567010309	0.7131911043946958	0.8259297533295613	0.9261840365607397	0.9281979443392885	0.8289791769318675	0.6965773620399627
4	0.829278350515464	0.829278350515464	0.7226296692641014	0.8493932513653504	0.829278350515464	0.7462192358011785	0.829278350515464	0.829278350515464	0.7281374539032529	0.8322020706066585	0.931605625819251	0.9311680037459383	0.8420039267234667	0.7199117023418617
