Times	Accuary	p_micro	p_macro	p_weigh	r_micro	r_macro	r_weigh	F1_micro	F1_macro	F1_weigh	roc_micro	roc_macro	pr_micro	pr_macro
0	0.568659793814433	0.568659793814433	0.4855116766172127	0.6766022062232039	0.568659793814433	0.4686300419602825	0.568659793814433	0.568659793814433	0.44861989371529176	0.5856470276532214	0.7557382647819464	0.7265073988978706	0.5588438694384252	0.4420551896541487
1	0.5637113402061855	0.5637113402061855	0.46909551109767517	0.6694628475390141	0.5637113402061855	0.43677135171808495	0.5637113402061855	0.5637113402061855	0.426246701463847	0.5776241301175329	0.7481132816098063	0.7143517771292938	0.5343650389338491	0.41407142750385356
2	0.5496907216494845	0.5496907216494845	0.47633126734923825	0.6782262832134544	0.5496907216494845	0.4576562454002178	0.5496907216494845	0.5496907216494845	0.43510788115130006	0.5775054748248142	0.7456362206398129	0.7123635316190393	0.5592388729518398	0.42476555520498993
3	0.5587628865979382	0.5587628865979382	0.4752186042416583	0.6833394840704972	0.5587628865979382	0.4444745106174097	0.5587628865979382	0.5587628865979382	0.429560075384818	0.5811307140700925	0.7343150317072307	0.713592943371243	0.5454338719697163	0.42903787386630293
4	0.5785567010309278	0.5785567010309278	0.48274313948184666	0.6807431184618112	0.5785567010309278	0.46810031821079	0.5785567010309278	0.5785567010309278	0.4503634353892547	0.5985820291690679	0.761226400255075	0.7300164101590764	0.5411383977680476	0.4350137215890724
