Times	Accuary	Precision	Recall	MCC	AUROC	AUPR
0	0.7372340425531915	0.7921985815602837	0.7137380191693291	0.4773611641041512	0.8733559680096575	0.8722073312846479
1	0.7326241134751773	0.7546099290780142	0.7228260869565217	0.4656986599768894	0.8719490971279111	0.8868818467695297
2	0.7308510638297873	0.798581560283688	0.7033104309806371	0.4659973744823437	0.8729344600372214	0.8679202293833858
3	0.7361702127659574	0.7822695035460993	0.7162337662337662	0.47436089951324295	0.8772471203661788	0.8860131617620536
4	0.7347517730496453	0.800709219858156	0.7073934837092731	0.4736426878745456	0.8845495699411499	0.8918036806404441
