Times	Accuary	Precision	Recall	MCC	AUROC	AUPR
0	0.7386524822695035	0.9695035460992908	0.6632702571567201	0.538090321276129	0.9831095015341281	0.9819562535992697
1	0.7546099290780142	0.9865248226950355	0.6739341085271318	0.5747893332106121	0.9937764699964791	0.9928611101335734
2	0.7542553191489362	0.9638297872340426	0.679160419790105	0.5600846373104451	0.9777244605402142	0.9760628271266525
3	0.749290780141844	0.9851063829787234	0.6693975903614457	0.5654160575943115	0.9903339872239828	0.9888928252163148
4	0.7574468085106383	0.9794326241134752	0.6782907662082515	0.5746318614485387	0.9929933101956643	0.9938575771184484
