Times	Accuary	Precision	Recall	MCC	AUROC	AUPR
0	0.7537207654145995	0.9886605244507441	0.6726133076181292	0.5748543834555171	0.9923196349830055	0.9920525147973951
1	0.742735648476258	0.9829907866761163	0.6639540449976065	0.553565944250546	0.9882225362030939	0.9865649405569311
2	0.7576187101346563	0.9872430900070872	0.6765420106847985	0.5800213350074487	0.9916114200412774	0.9909130699288321
3	0.757264351523742	0.9893692416725727	0.675701839303001	0.5809122895800439	0.991677218734445	0.9898100043051069
4	0.7505315379163714	0.9801559177888023	0.6716852841185041	0.5640647645808339	0.9867297597443596	0.9861055040348067
