Times	Accuary	Precision	Recall	MCC	AUROC	AUPR
0	0.8137177751896503	0.7858475671020525	0.552974447025553	0.5426163133490427	0.8773495801225253	0.7624705184754619
1	0.8120180049734017	0.799603477199939	0.5295424704575296	0.5372562622503075	0.8784801734907428	0.7646918985397413
2	0.8191948125531178	0.7836768117920022	0.57994142005858	0.557975769271849	0.8809467223777699	0.7712059029067626
3	0.8185967452548082	0.7671056028918152	0.6001413998586002	0.5583736547058058	0.8795326891521471	0.76392260636857
4	0.8212723094840882	0.7532078186832953	0.6343803656196344	0.5687376585711724	0.8810622270409374	0.7707708867248129
