Times	Accuary	Precision	Recall	MCC	AUROC	AUPR
0	0.8194225058444431	0.7751566040250566	0.5907567293042153	0.5588553290924803	0.8828285395057198	0.773797791101284
1	0.8223921147406331	0.7511597478291899	0.6414423565261554	0.5717831618235616	0.8840422113393576	0.7745631473402443
2	0.8213495924685664	0.7557997557997558	0.6287455561198578	0.5676617540614659	0.8822945601339074	0.7717177919338558
3	0.8172426865483036	0.7723370002683123	0.5847638395124428	0.553082780498632	0.8826645598831034	0.7689072725560158
4	0.8201807038604916	0.7786874245067776	0.58933468765871	0.5605488389435527	0.882995907425753	0.7705280001091658
