Times	Accuary	Precision	Recall	MCC	AUROC	AUPR
0	0.8171670030272452	0.77066170608557	0.5875202593192869	0.5534112602494768	0.8775792785010775	0.7609714371301455
1	0.8087159434914228	0.8006319115323854	0.5133711507293355	0.5277590557483539	0.8789148351648353	0.7634306598698832
2	0.8106395055499496	0.8007466168922072	0.5214748784440842	0.533035288829173	0.8787569766639357	0.7625114930708147
3	0.8182706861755802	0.762555910543131	0.604436790923825	0.5577985270932023	0.8779406114381297	0.7657987437929712
4	0.8175454086781029	0.7520977295162883	0.617402755267423	0.5577666188502834	0.8776185749943601	0.7611377657102505
