Times	Accuary	p_micro	p_macro	p_weigh	r_micro	r_macro	r_weigh	F1_micro	F1_macro	F1_weigh	roc_micro	roc_macro	pr_micro	pr_macro
0	0.7211302211302212	0.7211302211302212	0.680152530792858	0.7280101363025182	0.7211302211302212	0.6957435913588412	0.7211302211302212	0.7211302211302213	0.6864133089533572	0.7233070559741394	0.9073626846776416	0.8980627576956308	0.8016595662026764	0.7475335923874993
1	0.7281941031941032	0.7281941031941032	0.6881795220598623	0.7456710201611697	0.7281941031941032	0.7118125421662136	0.7281941031941032	0.728194103194103	0.6955249557443144	0.7334399046497792	0.9119432001803008	0.9056643436252498	0.8097519660128016	0.7616474966197977
2	0.7238943488943489	0.7238943488943489	0.683396079088381	0.7386109333041315	0.7238943488943489	0.6989994027128322	0.7238943488943489	0.7238943488943489	0.686577555048657	0.7268240181871343	0.907847913107434	0.903123057864545	0.8026066502885315	0.7502646758171261
3	0.7315724815724816	0.7315724815724816	0.6854058841341246	0.7442710073328762	0.7315724815724816	0.7042061146016808	0.7315724815724816	0.7315724815724814	0.6921667433601486	0.73576140295077	0.906232140952657	0.900095820909634	0.7964299377565389	0.7439776209488701
4	0.7343366093366094	0.7343366093366094	0.6907605075568949	0.7524897348959275	0.7343366093366094	0.7125698905768578	0.7343366093366094	0.7343366093366094	0.6971142893499154	0.7407525626231602	0.9103998703584085	0.9058641052322043	0.8082262080173361	0.7569892971275788
