Times	Accuary	p_micro	p_macro	p_weigh	r_micro	r_macro	r_weigh	F1_micro	F1_macro	F1_weigh	roc_micro	roc_macro	pr_micro	pr_macro
0	0.4167690417690418	0.4167690417690418	0.38496102695050893	0.4382615564777906	0.4167690417690418	0.3927986714245752	0.4167690417690418	0.4167690417690418	0.3808798483920055	0.4232044086295484	0.68182233216017	0.6486458350462334	0.40286819438381516	0.3691643321698126
1	0.4235257985257985	0.4235257985257985	0.3949552393980302	0.4404057178083544	0.4235257985257985	0.4046275793589123	0.4235257985257985	0.4235257985257985	0.3919432447954552	0.42790944529138886	0.696990825983455	0.664148667887368	0.403631587373673	0.3720422781453667
2	0.42997542997543	0.42997542997543	0.38099697323848525	0.4351544002587383	0.42997542997543	0.3871196314587752	0.42997542997543	0.4299754299754299	0.3761241873273554	0.428081697136093	0.6980955715599451	0.6618006573712711	0.423550545567866	0.38065389658088256
3	0.4342751842751843	0.4342751842751843	0.40453882633826677	0.45509949434138963	0.4342751842751843	0.41114499459723963	0.4342751842751843	0.4342751842751843	0.3968764665165848	0.43884777993773294	0.6950980813849365	0.6672853063818512	0.40802972729197723	0.38290307075614516
4	0.4342751842751843	0.4342751842751843	0.4002237034599578	0.4552003580276598	0.4342751842751843	0.40724706629530205	0.4342751842751843	0.4342751842751843	0.3973103718543546	0.4413033631642964	0.693592702038648	0.6604651220130722	0.409642877984393	0.37611366236257393
