Times	Accuary	p_micro	p_macro	p_weigh	r_micro	r_macro	r_weigh	F1_micro	F1_macro	F1_weigh	roc_micro	roc_macro	pr_micro	pr_macro
0	0.8324125230202578	0.8324125230202578	0.8316295467666157	0.8400420851420011	0.8324125230202578	0.8402041995761896	0.8324125230202578	0.8324125230202578	0.8314863972562268	0.8302593226726066	0.9646034762552029	0.9675230010447934	0.9185100302174523	0.9275786614513675
1	0.8314917127071824	0.8314917127071824	0.8320019429845451	0.8388749111339677	0.8314917127071824	0.846747977268349	0.8314917127071824	0.8314917127071824	0.834541361784162	0.8288830249220422	0.9624943301172489	0.9651796896947678	0.9135974584900536	0.9259398192298464
2	0.8311847759361571	0.8311847759361571	0.8274552598159624	0.8382997508832801	0.8311847759361571	0.841911481410133	0.8311847759361571	0.8311847759361571	0.8303673563926648	0.8291439034136191	0.9627626250122002	0.9641899991395178	0.9141638041399994	0.9213933782839803
3	0.8275015346838551	0.8275015346838551	0.8331171690180801	0.8348708930254747	0.8275015346838551	0.8403426603737238	0.8275015346838551	0.8275015346838551	0.8319912766066261	0.8246618323391204	0.964769615910115	0.9670588751332287	0.918141035969953	0.928189025840321
4	0.8235113566605279	0.8235113566605279	0.8216957747891616	0.8304492179311117	0.8235113566605279	0.8283158350992103	0.8235113566605279	0.8235113566605278	0.8205777485374529	0.8210997164818216	0.9601296859673181	0.9632453637731038	0.9106171622419188	0.919784748205585
