Times	Accuary	p_micro	p_macro	p_weigh	r_micro	r_macro	r_weigh	F1_micro	F1_macro	F1_weigh	roc_micro	roc_macro	pr_micro	pr_macro
0	0.432258064516129	0.432258064516129	0.4023095106222641	0.44254366043361815	0.432258064516129	0.4131598055356664	0.432258064516129	0.432258064516129	0.40494965276922446	0.43587013203872793	0.7166531776313255	0.6808306164124358	0.41683841964770774	0.3848255986586086
1	0.4307219662058372	0.4307219662058372	0.4089249287161587	0.4596448179340861	0.4307219662058372	0.4275030833978501	0.4307219662058372	0.43072196620583714	0.4085898473836299	0.4392368601811022	0.7093404372964356	0.6864191711703778	0.4033302120514412	0.3841708268415964
2	0.43010752688172044	0.43010752688172044	0.40652046662888497	0.4558361054540402	0.43010752688172044	0.42709374974686753	0.43010752688172044	0.43010752688172044	0.407080081824413	0.43730156988381697	0.717015832116174	0.6956474857252737	0.4246734226010945	0.4022078125706041
3	0.4414746543778802	0.4414746543778802	0.4145024215481448	0.46377369966517856	0.4414746543778802	0.4318257573916613	0.4414746543778802	0.4414746543778802	0.41638359154023497	0.44848244086785893	0.7171511157359232	0.6979444199945124	0.420485312212654	0.3987557187291598
4	0.43717357910906296	0.43717357910906296	0.41690993142251986	0.46247736178599497	0.43717357910906296	0.43610989281469625	0.43717357910906296	0.43717357910906296	0.41709596001566407	0.44448169340860083	0.7224166373683246	0.7000345301336655	0.423754797596614	0.40224347367257135
