Times	Accuary	Precision	Recall	MCC	AUROC	AUPR
0	0.6688125894134478	0.7639484978540773	0.6418269230769231	0.3439078778272447	0.8728639978678354	0.8872125989014116
1	0.6626132570338579	0.7176919408679066	0.6464776632302406	0.3272179104260076	0.8476623393457374	0.8623366110874725
2	0.6733428707677634	0.7067238912732475	0.6624944121591417	0.3474609526000046	0.8485112483282771	0.8662450077239673
3	0.6685741535526943	0.7773009060562709	0.6384645515080297	0.34541382491178807	0.8742291199203895	0.8894885694084363
4	0.6771578445398188	0.6809728183118741	0.6758163748225272	0.35432600296867506	0.8457393888082733	0.8690621648360335
