Times	Accuary	Precision	Recall	MCC	AUROC	AUPR
0	0.7587029089175011	0.754814466885862	0.7663328564616119	0.5174660710555018	0.8375554786921117	0.7995386582956542
1	0.7565569861707201	0.7195918367346938	0.8407248450166905	0.5205422546792641	0.8369713847404233	0.8039540006970365
2	0.7644253695755842	0.745680106335844	0.8025751072961373	0.5303968745468984	0.8325558300353686	0.7935671459602516
3	0.7567954220314735	0.7567954220314735	0.7567954220314735	0.5135908440629471	0.8396762730053083	0.8059506008106244
4	0.7491654744873629	0.6959130108736408	0.8850739151168335	0.5178276830338903	0.8278057601646788	0.7928097051655064
