Times	Accuary	p_micro	p_macro	p_weigh	r_micro	r_macro	r_weigh	F1_micro	F1_macro	F1_weigh	roc_micro	roc_macro	pr_micro	pr_macro
0	0.7354838709677419	0.7354838709677419	0.7014772064325627	0.7420838999976621	0.7354838709677419	0.7063064723678343	0.7354838709677419	0.7354838709677418	0.7026655484313169	0.7372664492279647	0.9049610548346984	0.8961875206945444	0.7983186641700984	0.747621791973641
