Times	Accuary	Precision	Recall	MCC	AUROC	AUPR
0	0.540024707200521	0.018288214834920994	0.652670349907919	0.043431639794161744	0.6354189556708172	0.02039364065630461
1	0.6775423038985664	0.021316307938436013	0.5300184162062616	0.05073913379248525	0.6440440818924239	0.020449907317090874
2	0.6108089214062036	0.018873701744072116	0.5675874769797422	0.04154448749717555	0.6336868007366768	0.019212129395729614
3	0.5758309950872892	0.019258545979778528	0.6335174953959485	0.04775812912965809	0.6457432623908559	0.02107446740438505
4	0.7258649914290913	0.02121047179253068	0.4449355432780847	0.044384018389152236	0.6357185309386789	0.020615246008442563
