Times	Accuary	Precision	Recall	MCC	AUROC	AUPR
0	0.6385725512967477	0.022147162609328447	0.621101270696958	0.06116704462049579	0.6733230599193973	0.0249154170532181
1	0.4743228428835305	0.018341375320974067	0.7508663842895649	0.05029541905518697	0.6560632954520627	0.021819580679149835
2	0.5963738117525742	0.019471162727686984	0.6087793608009241	0.047274803486152484	0.6622733134234674	0.025102633278544152
3	0.6295571384949616	0.021510131875201028	0.6180207932229496	0.058009667121772836	0.6718560173233034	0.023670197991266035
4	0.6058097102152987	0.020381427455722672	0.6230265691182133	0.05291738214504576	0.6741150860850517	0.0244488456124766
