Times	Accuary	Precision	Recall	MCC	AUROC	AUPR
0	0.7880305197901765	0.7718271827182718	0.8178350023843586	0.5770872133824889	0.8637900181675164	0.8382919239405089
1	0.7901764425369575	0.7700843320017754	0.8273724368144969	0.5819654665632578	0.864944334265928	0.8405039722630159
2	0.7727706247019551	0.8091891891891891	0.7138769670958512	0.5493654673814348	0.8663238966400443	0.8411526449866449
3	0.7832618025751072	0.8084112149532711	0.7424892703862661	0.5684166282616819	0.8702697429327133	0.8451044878004959
4	0.7925608011444921	0.7715803452855245	0.8311874105865522	0.5868754769914059	0.870512385816284	0.8440290925155711
