Times	Accuary	p_micro	p_macro	p_weigh	r_micro	r_macro	r_weigh	F1_micro	F1_macro	F1_weigh	roc_micro	roc_macro	pr_micro	pr_macro
0	0.6325652841781874	0.6325652841781874	0.5990559671863043	0.6467715353705978	0.6325652841781874	0.597843016777259	0.6325652841781874	0.6325652841781874	0.5947329403916743	0.6346325276563773	0.8525877475513272	0.8418162879086795	0.6718912558595559	0.6161028799182557
1	0.6310291858678956	0.6310291858678956	0.5997173256586849	0.6351834643873928	0.6310291858678956	0.5991492083423733	0.6310291858678956	0.6310291858678956	0.5951021713657167	0.6272030026902232	0.8548435704493382	0.8435574181445152	0.67206223812007	0.6243781211414899
2	0.6125960061443932	0.6125960061443932	0.5707508017985566	0.6179821872801481	0.6125960061443932	0.579600182714076	0.6125960061443932	0.6125960061443932	0.5705241934560104	0.6114334570950374	0.847919314332277	0.8341743386581504	0.6588926925338168	0.5939026233285571
3	0.6291858678955453	0.6291858678955453	0.5975594285347583	0.6498968998701941	0.6291858678955453	0.6125433659341711	0.6291858678955453	0.6291858678955453	0.5968107324294223	0.6350623024149105	0.8537620408320572	0.8456928422267755	0.6691787904908179	0.6141644557132853
4	0.6276497695852534	0.6276497695852534	0.6006097149692484	0.6497929306441741	0.6276497695852534	0.5942750781408702	0.6276497695852534	0.6276497695852534	0.5861140317319611	0.6257026182191053	0.8492625391005055	0.8412674031965394	0.6630396723256358	0.6170957855376681
