Times	Accuary	p_micro	p_macro	p_weigh	r_micro	r_macro	r_weigh	F1_micro	F1_macro	F1_weigh	roc_micro	roc_macro	pr_micro	pr_macro
0	0.6258440761203192	0.6258440761203192	0.5913664219697328	0.6446734761495401	0.6258440761203192	0.6071650452706607	0.6258440761203192	0.6258440761203192	0.5935009354735097	0.6311972737122424	0.8543813481175486	0.8453995522939096	0.6779901292917071	0.6271919415924863
1	0.6065070595457336	0.6065070595457336	0.5814682975404832	0.6398932256254827	0.6065070595457336	0.5829151415912156	0.6065070595457336	0.6065070595457336	0.5693955077413868	0.6109601774250312	0.84463478669496	0.8343526647955288	0.6576495362236373	0.6054731905895469
2	0.620012277470841	0.620012277470841	0.5837566645050025	0.6253214705030203	0.620012277470841	0.5891964457715276	0.620012277470841	0.620012277470841	0.5825558947152054	0.6198418041530012	0.8546891170785096	0.8391651407986653	0.6717479918953179	0.6129048391390248
3	0.601903007980356	0.601903007980356	0.5650709084313655	0.6067844458632784	0.601903007980356	0.5735347235600077	0.601903007980356	0.601903007980356	0.5667467914665861	0.6028634126245913	0.8482879906010898	0.8343481431999954	0.6649656187927117	0.6030208357637898
4	0.6006752608962553	0.6006752608962553	0.5707055377485057	0.6262741555370988	0.6006752608962553	0.5736804083991524	0.6006752608962553	0.6006752608962553	0.5658412795991599	0.6055626370074529	0.841358941670457	0.8274172699910913	0.650265695095103	0.5932911028027232
