Times	Accuary	p_micro	p_macro	p_weigh	r_micro	r_macro	r_weigh	F1_micro	F1_macro	F1_weigh	roc_micro	roc_macro	pr_micro	pr_macro
0	0.5985267034990792	0.5985267034990792	0.5679501707379369	0.6044196053460438	0.5985267034990792	0.5867101714505876	0.5985267034990792	0.5985267034990792	0.5678409783843494	0.596281193440659	0.8419047326547437	0.826813478283041	0.6744613451756453	0.6274910323470835
1	0.6092694904849602	0.6092694904849602	0.5802666906915288	0.6123992289698635	0.6092694904849602	0.6033314871893662	0.6092694904849602	0.6092694904849602	0.5840379776839645	0.6068000635654422	0.8471086832519295	0.833282067122896	0.6780818843078823	0.6358436746321601
2	0.6006752608962553	0.6006752608962553	0.569291055493811	0.6073403454224099	0.6006752608962553	0.5933310055865921	0.6006752608962553	0.6006752608962553	0.5732924221510632	0.599906100800811	0.8485694278163474	0.835959263444005	0.6839108273450233	0.6337457135100253
3	0.6138735420503376	0.6138735420503376	0.5885843207778418	0.6224733963653609	0.6138735420503376	0.6048136197264495	0.6138735420503376	0.6138735420503376	0.5880920435914935	0.6131503453445027	0.8486874731736509	0.8376175573889801	0.6803363854006109	0.630809766167885
4	0.6111111111111112	0.6111111111111112	0.5741256122045972	0.6123579989506498	0.6111111111111112	0.5928566268541706	0.6111111111111112	0.6111111111111112	0.5763130402157168	0.6078479985007195	0.8476337165929126	0.8339320198249742	0.6842215450140509	0.6325449594870671
