Times	Accuary	Precision	Recall	MCC	AUROC	AUPR
0	0.6685741535526943	0.6413924654268002	0.6782652546646495	0.33764761423067186	0.7999635694564686	0.7973251088859595
1	0.6685741535526943	0.6680972818311874	0.6687350835322196	0.33714846044501984	0.7939222846908259	0.7821808807722521
2	0.6797806390081068	0.6618979494515975	0.6864490603363007	0.35979146750049656	0.8038556340790679	0.8138182820436404
3	0.6707200762994754	0.6866952789699571	0.6654343807763401	0.3416145620444872	0.8047898205511473	0.807074601209236
4	0.6864568431092036	0.6795422031473534	0.6890715667311412	0.3729493510157878	0.8185279104126999	0.8289424311237745
