Times	Accuary	p_micro	p_macro	p_weigh	r_micro	r_macro	r_weigh	F1_micro	F1_macro	F1_weigh	roc_micro	roc_macro	pr_micro	pr_macro
0	0.42971147943523635	0.42971147943523635	0.4094135087023139	0.4559995157502211	0.42971147943523635	0.4265603929878636	0.42971147943523635	0.42971147943523635	0.4043669848774764	0.43545453776550047	0.7151141268418247	0.6897285442543671	0.4152105464887324	0.39171392332861044
1	0.4429097605893186	0.4429097605893186	0.4108736893783834	0.45100768944675523	0.4429097605893186	0.420075611635523	0.4429097605893186	0.4429097605893186	0.41280041236634585	0.44521544181746864	0.7220120707108962	0.6876520102129364	0.4295124048757003	0.39652057810524205
2	0.45610804174340086	0.45610804174340086	0.4241212747356645	0.4647487029391582	0.45610804174340086	0.4355242246195338	0.45610804174340086	0.45610804174340086	0.42737264488625804	0.4591268438424627	0.7248562132807967	0.6946444170565405	0.43134775753732374	0.4008667468280953
3	0.4244935543278085	0.4244935543278085	0.39560890945914173	0.4369276283651981	0.4244935543278085	0.4073697264496243	0.4244935543278085	0.4244935543278085	0.3932380628702248	0.42628553285296306	0.7058066005662912	0.6847465916002713	0.4045242644818807	0.37983933536208464
4	0.4416820135052179	0.4416820135052179	0.4171405115300413	0.464951720612236	0.4416820135052179	0.4353351955307262	0.4416820135052179	0.4416820135052179	0.41844671191696764	0.4487838598739611	0.7152943195154632	0.692835632093056	0.4177075443269148	0.39332174166301476
