Times	Accuary	p_micro	p_macro	p_weigh	r_micro	r_macro	r_weigh	F1_micro	F1_macro	F1_weigh	roc_micro	roc_macro	pr_micro	pr_macro
0	0.8381449631449631	0.8381449631449631	0.8335620542763362	0.8431028185023812	0.8381449631449631	0.847810639606713	0.8381449631449631	0.8381449631449631	0.8374830047846173	0.8365103836994893	0.9638276944020188	0.9654747126140244	0.9168777070069669	0.9219160358520144
1	0.8277027027027027	0.8277027027027027	0.830903124901682	0.8338389370196837	0.8277027027027027	0.8392441998654006	0.8277027027027027	0.8277027027027027	0.8312397559281545	0.8255762487559963	0.9608691608461264	0.9621599695486567	0.9113365640414378	0.920900154606771
2	0.8313882063882064	0.8313882063882064	0.8274807265543792	0.8379013887265757	0.8313882063882064	0.8424266737961054	0.8313882063882064	0.8313882063882064	0.83126546939479	0.8300108564825007	0.9637119092931439	0.9652277489247119	0.9166712506701445	0.9248958982561445
3	0.8363022113022113	0.8363022113022113	0.8311688261178487	0.8410238013690223	0.8363022113022113	0.8425440390208778	0.8363022113022113	0.8363022113022113	0.8338699341908705	0.8347755133903835	0.9655160503786118	0.9678158209133422	0.9198861691389749	0.9270316510157877
4	0.8184889434889435	0.8184889434889435	0.8173166487082713	0.8258591007447399	0.8184889434889435	0.833842262251534	0.8184889434889435	0.8184889434889435	0.8203599977399962	0.8154988199796934	0.9648930588925982	0.9671735238240617	0.9172724806943722	0.9284580617770204
