Times	Accuary	p_micro	p_macro	p_weigh	r_micro	r_macro	r_weigh	F1_micro	F1_macro	F1_weigh	roc_micro	roc_macro	pr_micro	pr_macro
0	0.7142857142857143	0.7142857142857143	0.6781731185398041	0.727304507697674	0.7142857142857143	0.6963863701489842	0.7142857142857143	0.7142857142857143	0.6839058942126013	0.718059720729088	0.9024676518774928	0.8974542919266486	0.787482725239429	0.7454281271447761
1	0.7179723502304147	0.7179723502304147	0.6761558379358045	0.7333815975825394	0.7179723502304147	0.6999179773839175	0.7179723502304147	0.7179723502304147	0.6842721715905131	0.7231226825791971	0.8994332402865182	0.8914401448016069	0.7836825232590771	0.7318035791505365
2	0.7192012288786482	0.7192012288786482	0.6745731805000967	0.727810817691024	0.7192012288786482	0.6921156879484742	0.7192012288786482	0.7192012288786482	0.6813140212315294	0.7221708738314171	0.9063904993145369	0.8968114083075932	0.7994409362524674	0.7384072144526821
3	0.7192012288786482	0.7192012288786482	0.6773927861232407	0.7344628155672572	0.7192012288786482	0.6966454039983161	0.7192012288786482	0.7192012288786482	0.68338696301457	0.7237623087239358	0.9051054779641072	0.8977484605953562	0.7964284615534636	0.7453595195500833
4	0.7262672811059908	0.7262672811059908	0.6879192933634974	0.7339614941571875	0.7262672811059908	0.6935613058064084	0.7262672811059908	0.7262672811059908	0.6892355792541124	0.7282156990567992	0.9100909467729744	0.9017973251436943	0.8075681258831803	0.7569073773445023
