Times	Accuary	Precision	Recall	MCC	AUROC	AUPR
0	0.6747734859322843	0.7167381974248928	0.6612406511218654	0.35078464478879573	0.8504412484715432	0.8680292721874077
1	0.6578445398187888	0.7176919408679066	0.6409710391822828	0.3179750869904056	0.8611077568631893	0.8797479748130658
2	0.6702432045779685	0.6857415355269433	0.6651248843663274	0.34065009560455367	0.8270149535783458	0.846978685336951
3	0.6685741535526943	0.6704816404387219	0.6679334916864608	0.33715076056459464	0.8415360044971937	0.8627242263928038
4	0.6704816404387219	0.7467811158798283	0.6479106330161357	0.3450038985964501	0.8664258885175339	0.8847330142146956
