Times	Accuary	p_micro	p_macro	p_weigh	r_micro	r_macro	r_weigh	F1_micro	F1_macro	F1_weigh	roc_micro	roc_macro	pr_micro	pr_macro
0	0.6294930875576037	0.6294930875576037	0.6068400175957427	0.6625356203534386	0.6294930875576037	0.5991589454868015	0.6294930875576037	0.6294930875576037	0.5924910617129361	0.6330942936913303	0.8541139355499398	0.8454619274339279	0.6816499300091058	0.6374624608424608
1	0.6150537634408603	0.6150537634408603	0.5839923944175103	0.6289568366969683	0.6150537634408603	0.5910822646325627	0.6150537634408603	0.6150537634408603	0.57895623943559	0.6174086155374243	0.8543953569403249	0.8453485582507577	0.6882694981944142	0.6376843161711883
2	0.6411674347158218	0.6411674347158218	0.6083065385904716	0.6515493444437865	0.6411674347158218	0.6245281392505768	0.6411674347158218	0.6411674347158218	0.6122060302753294	0.6442744647781066	0.8532512193222763	0.8452671239017536	0.6720900697819576	0.6170247170147335
3	0.6365591397849463	0.6365591397849463	0.6102027873586644	0.6577885378870105	0.6365591397849463	0.6017070147624726	0.6365591397849463	0.6365591397849463	0.5994764512798363	0.6390573404005576	0.8576336535307845	0.8468607958111612	0.6937506061588712	0.6356420694130658
4	0.620583717357911	0.620583717357911	0.6006562667855662	0.6407486843150673	0.620583717357911	0.5817890755071188	0.620583717357911	0.620583717357911	0.5837738456321123	0.620499126531575	0.8537516271394672	0.8402187886522485	0.6816224262468493	0.6316056010579333
