Times	Accuary	p_micro	p_macro	p_weigh	r_micro	r_macro	r_weigh	F1_micro	F1_macro	F1_weigh	roc_micro	roc_macro	pr_micro	pr_macro
0	0.6360565110565111	0.6360565110565111	0.5995790026117715	0.6422134697628389	0.6360565110565111	0.6069401390606195	0.6360565110565111	0.6360565110565111	0.5957764374622436	0.6322685564310706	0.8568695768864688	0.8472378275079897	0.6814811140445711	0.6238319256331932
1	0.6311425061425061	0.6311425061425061	0.6001043966070838	0.6463261429529975	0.6311425061425061	0.6021219173059366	0.6311425061425061	0.6311425061425061	0.5971456805557953	0.6344189766618609	0.8530304791054176	0.839183210816516	0.6648507942937185	0.6024861597531557
2	0.6256142506142506	0.6256142506142506	0.6232223463602421	0.6764826186439173	0.6256142506142506	0.5907037242895175	0.6256142506142506	0.6256142506142506	0.5792645000909985	0.6164906455830123	0.8525684076974004	0.843899589639938	0.6622712116766803	0.6235583574998661
3	0.6443488943488943	0.6443488943488943	0.6041416368914148	0.6391000421876541	0.6443488943488943	0.593674093543797	0.6443488943488943	0.6443488943488943	0.5969899587567353	0.6407872217301945	0.8580476137294321	0.8459182379498846	0.6754772494524518	0.620955090157378
4	0.6286855036855037	0.6286855036855037	0.6039312896789393	0.6590985884497876	0.6286855036855037	0.6155873355673497	0.6286855036855037	0.6286855036855037	0.5971208490215111	0.6363345175872334	0.8509153767906841	0.8433536044396137	0.6642329747468709	0.6121423602681793
