Times	Accuary	Precision	Recall	MCC	AUROC	AUPR
0	0.7942298521697664	0.7691972076788831	0.8407248450166905	0.591020570450672	0.8670730878114818	0.8392611749763611
1	0.7861230329041488	0.7613240418118467	0.8335717691940868	0.5748402904365564	0.8681546337854859	0.842557105039479
2	0.7777777777777778	0.7931555108203322	0.7515498330948974	0.5563214755395679	0.8656670325639484	0.8384657213099129
3	0.7889842632331903	0.7705357142857143	0.8230805913209347	0.5793170773106486	0.8653329722115911	0.8421529851717027
4	0.7837386742966143	0.7838740458015268	0.7835002384358608	0.5674774131172977	0.8672580831121235	0.8457656640501816
