Times	Accuary	Precision	Recall	MCC	AUROC	AUPR
0	0.6246858893229883	0.01973060371027742	0.5724867724867725	0.04624126623357668	0.6482665749340468	0.021834212794954958
1	0.6447752159797502	0.020273831715626404	0.5562610229276896	0.04781474310352491	0.6502854529650849	0.02202320623850891
2	0.5603184211009006	0.019240903971148977	0.6567901234567901	0.04921005413429685	0.6534342837900247	0.021317534079126566
3	0.7591573579852895	0.023111622996448797	0.4246913580246914	0.050009922184509885	0.6606641288608633	0.022297596006803075
4	0.6230396742420073	0.02068915540418131	0.6042328042328042	0.05310513037635886	0.6547816254888792	0.021832109204839363
