Times	Accuary	Precision	Recall	MCC	AUROC	AUPR
0	0.6814496900333811	0.6452074391988555	0.6956298200514138	0.36385649043048723	0.807153939967831	0.8184331930277345
1	0.6793037672865999	0.6742966142107774	0.6811175337186898	0.3586255176421668	0.8134524216419259	0.8235703035103755
2	0.6821649976156414	0.7029089175011922	0.674908424908425	0.3646439504189681	0.8242819805935724	0.8328391247881531
3	0.6852646638054364	0.6585598474010491	0.6957178841309823	0.37105894488509833	0.8027458896818558	0.805647990136301
4	0.6778731521220792	0.6494992846924177	0.6885743174924166	0.3563204972990408	0.798326241657303	0.8066841261706855
