Times	Accuary	Precision	Recall	MCC	AUROC	AUPR
0	0.7355746304244158	0.7310570626753976	0.7453505007153076	0.47123933992142936	0.8201580749027437	0.7811574792500416
1	0.7510729613733905	0.7187370170336519	0.8249880782069623	0.5077244172466224	0.8296370658267176	0.7982962342195065
2	0.7193609918931807	0.7541436464088398	0.6509298998569385	0.4428895307975163	0.8146269769311884	0.778717074799258
3	0.7577491654744873	0.720162932790224	0.843109203624225	0.5231788208672655	0.8332418021612272	0.7984937871888649
4	0.7362899380066762	0.6798548094373865	0.8931807343824512	0.4977169784344214	0.8179804289298539	0.7839006910852496
