Times	Accuary	p_micro	p_macro	p_weigh	r_micro	r_macro	r_weigh	F1_micro	F1_macro	F1_weigh	roc_micro	roc_macro	pr_micro	pr_macro
0	0.7148557397176182	0.7148557397176182	0.6710714387274209	0.7334661872988627	0.7148557397176182	0.6977774031978423	0.7148557397176182	0.7148557397176182	0.6789929285044181	0.7196271163863129	0.902875991891895	0.8964946106336875	0.7954452614165994	0.749658323415374
1	0.6942909760589319	0.6942909760589319	0.6720996408488636	0.7198046660354588	0.6942909760589319	0.66137184550183	0.6942909760589319	0.6942909760589319	0.6580170430058014	0.6965945711348221	0.8993866351929293	0.8956330383479143	0.7746604605163242	0.7389931686005029
2	0.7102516881522406	0.7102516881522406	0.6680725913278793	0.7219193131703955	0.7102516881522406	0.6657159025235986	0.7102516881522406	0.7102516881522405	0.6640849830739649	0.7131916901232209	0.9034896142067949	0.8941306857612514	0.7891739034997022	0.728398788517028
3	0.7154696132596685	0.7154696132596685	0.6712278568818576	0.7279890800779508	0.7154696132596685	0.6912083413600463	0.7154696132596685	0.7154696132596685	0.6786589873410199	0.7199712958407595	0.9028806709975716	0.8948168739876162	0.7885544017736741	0.7338405788149267
4	0.6924493554327809	0.6924493554327809	0.6467622648097424	0.7088649951811264	0.6924493554327809	0.6583100558659218	0.6924493554327809	0.6924493554327809	0.6489062451395783	0.6967594015127513	0.8983082426497531	0.8894331029776981	0.780944566176058	0.7206190047643444
