Times	Accuary	p_micro	p_macro	p_weigh	r_micro	r_macro	r_weigh	F1_micro	F1_macro	F1_weigh	roc_micro	roc_macro	pr_micro	pr_macro
0	0.4265970515970516	0.4265970515970516	0.40028576624744416	0.44747467560603743	0.4265970515970516	0.4150341551523852	0.4265970515970516	0.4265970515970516	0.40113086277901167	0.43267974848120666	0.7112499232815572	0.6831915975813112	0.4148124633398388	0.3867402569372764
1	0.43703931203931207	0.43703931203931207	0.40866779707761147	0.4565014467512464	0.43703931203931207	0.4192864707932642	0.43703931203931207	0.43703931203931207	0.40696621435560165	0.4430722096362288	0.7149581595220416	0.6866811443781466	0.4186937405706245	0.39646491581955967
2	0.42936117936117935	0.42936117936117935	0.414150427463057	0.4612091438824406	0.42936117936117935	0.4273922776345666	0.42936117936117935	0.42936117936117935	0.40434784630284404	0.43645159009973794	0.7074603466265015	0.6850673998115339	0.4144082436456023	0.39430386828964226
3	0.44625307125307123	0.44625307125307123	0.419815693118163	0.4579594251581557	0.44625307125307123	0.4380459168977169	0.44625307125307123	0.44625307125307123	0.42329486189432614	0.44924900266490936	0.7271130648741214	0.6980988083661729	0.42998497964225846	0.397762031589821
4	0.4367321867321867	0.4367321867321867	0.4092892948170823	0.4478120935087816	0.4367321867321867	0.42386751253122934	0.4367321867321867	0.4367321867321867	0.41312991068696153	0.44041297471440916	0.7174675128836677	0.6944546595895558	0.41714481238365386	0.394368505447624
