Times	Accuary	p_micro	p_macro	p_weigh	r_micro	r_macro	r_weigh	F1_micro	F1_macro	F1_weigh	roc_micro	roc_macro	pr_micro	pr_macro
0	0.425414364640884	0.425414364640884	0.38541754665682304	0.4399247152596433	0.425414364640884	0.3908856675014448	0.425414364640884	0.425414364640884	0.380972885107465	0.42887257897115255	0.6877120278641057	0.652124024168216	0.4038229539612296	0.3675002240570797
1	0.42510742786985883	0.42510742786985883	0.3936297083672003	0.4423249093706919	0.42510742786985883	0.40185176266615297	0.42510742786985883	0.42510742786985883	0.3896463243293942	0.42947954764209373	0.6917347398034123	0.6568038473198672	0.40327580719428024	0.3709120997760369
2	0.4030079803560467	0.4030079803560467	0.37338807044605943	0.42386710933979	0.4030079803560467	0.3796787709497207	0.4030079803560467	0.4030079803560467	0.36905415056093893	0.4094957923958191	0.6805392100890815	0.6492299223330431	0.3872856837101296	0.3590568773316793
3	0.43922651933701656	0.43922651933701656	0.40524028704812864	0.45829577683653067	0.43922651933701656	0.4143084184164901	0.43922651933701656	0.43922651933701656	0.4041657758756185	0.44576226059635693	0.6999731061335476	0.6696391547600442	0.4108897257624414	0.3821074840724068
4	0.4183548189073051	0.4183548189073051	0.3812790138443111	0.43665364212099805	0.4183548189073051	0.382876613369293	0.4183548189073051	0.4183548189073051	0.37407573734928035	0.4231663099270427	0.6892246351333884	0.653920677358516	0.396462796121976	0.3619912057418846
