Times	Accuary	Precision	Recall	MCC	AUROC	AUPR
0	0.6773962804005722	0.7029089175011922	0.6687840290381125	0.35525532979972485	0.8011208418411843	0.8035631412877056
1	0.6926561754887935	0.7100619933237959	0.6861751152073733	0.385546033772448	0.8272323543250127	0.8267659051242848
2	0.678826895565093	0.6466380543633763	0.691131498470948	0.3583972484298515	0.8014394385421051	0.8050828946413675
3	0.6726275631855031	0.6714353838817358	0.6730401529636711	0.3452561077915384	0.790420449860361	0.8029210682944985
4	0.6802575107296137	0.6952789699570815	0.675	0.3606778279506813	0.8220120075253405	0.8211835713941316
