Times	Accuary	Precision	Recall	MCC	AUROC	AUPR
0	0.7985216976633286	0.80990099009901	0.7801621363853124	0.5974462977979641	0.882446231405812	0.8662303042069575
1	0.7901764425369575	0.8112531969309463	0.7563185503099666	0.5816880616280592	0.8766728316606439	0.8575078775353797
2	0.793037672865999	0.7771763644564728	0.8216499761564139	0.5870373064011626	0.8681122224473548	0.8464620571131141
3	0.7868383404864091	0.8057956278596848	0.7558416785884597	0.5747822377638818	0.8791574765958772	0.8602411752988535
4	0.8028135431568908	0.768839966130398	0.865999046256557	0.6105216083512208	0.8787581505381918	0.8546611018019656
