Times	Accuary	p_micro	p_macro	p_weigh	r_micro	r_macro	r_weigh	F1_micro	F1_macro	F1_weigh	roc_micro	roc_macro	pr_micro	pr_macro
0	0.8313364055299539	0.8313364055299539	0.8267729507107203	0.8365895928157558	0.8313364055299539	0.8408100741393274	0.8313364055299539	0.8313364055299539	0.8301875827774823	0.829280880820876	0.9628200499762859	0.9650258806133559	0.9153545369006632	0.9223326784208491
1	0.8334869431643626	0.8334869431643626	0.8289948423221225	0.8386325889051098	0.8334869431643626	0.8471099337404648	0.8334869431643626	0.8334869431643626	0.8340550589539234	0.8310454043569627	0.9649445848405267	0.9668796231677343	0.9208662640550183	0.928812332177647
2	0.8399385560675883	0.8399385560675883	0.8437515568954065	0.8466264080478114	0.8399385560675883	0.8499252931980414	0.8399385560675883	0.8399385560675883	0.8428514538610044	0.8378370332586809	0.9684957798589432	0.9712977450143244	0.9265526551623164	0.9369523868107359
3	0.8178187403993855	0.8178187403993855	0.8194960901383421	0.8286336995212281	0.8178187403993855	0.8345965407702282	0.8178187403993855	0.8178187403993855	0.8201679210120124	0.8142362419790012	0.9625295834601616	0.9655204996817577	0.9100716537120239	0.9222673087682535
4	0.8181259600614439	0.8181259600614439	0.8101832693869357	0.825991875449472	0.8181259600614439	0.8273568557767675	0.8181259600614439	0.8181259600614439	0.8138358661318003	0.815820397648396	0.9598024701845127	0.9626809911949186	0.9079695203945952	0.9169129519945027
