Times	Accuary	p_micro	p_macro	p_weigh	r_micro	r_macro	r_weigh	F1_micro	F1_macro	F1_weigh	roc_micro	roc_macro	pr_micro	pr_macro
0	0.6065724815724816	0.6065724815724816	0.5695498113837258	0.6136499560705099	0.6065724815724816	0.5875230309178177	0.6065724815724816	0.6065724815724816	0.5730580617970807	0.6073742816869232	0.8505438897407571	0.8384595225883726	0.6948387942639436	0.6365710483602561
1	0.6117936117936118	0.6117936117936118	0.5792768977496598	0.6168690243103089	0.6117936117936118	0.5948356205379025	0.6117936117936118	0.6117936117936118	0.5813832524705791	0.6111542267561526	0.8462805767013384	0.8309845507929223	0.6838356845795917	0.626349572702246
2	0.6096437346437347	0.6096437346437347	0.5806681264903981	0.6120309400878903	0.6096437346437347	0.6022726643761379	0.6096437346437347	0.6096437346437347	0.5850671310176209	0.6075447439174293	0.852992418582867	0.838890543089529	0.6902558284506005	0.640336307027545
3	0.628992628992629	0.628992628992629	0.6018363609545875	0.6360583807356501	0.628992628992629	0.625002297897619	0.628992628992629	0.628992628992629	0.6057188164558618	0.6286045580556078	0.8562418848237338	0.8453738659145401	0.6993565489343573	0.6582139584977416
4	0.6124078624078624	0.6124078624078624	0.5804696675824019	0.6222363273307753	0.6124078624078624	0.6036274557793911	0.6124078624078624	0.6124078624078624	0.5823059674858793	0.612327748617893	0.8473288996361785	0.8362425113777605	0.6848159072395972	0.6377362206345358
