Times	Accuary	p_micro	p_macro	p_weigh	r_micro	r_macro	r_weigh	F1_micro	F1_macro	F1_weigh	roc_micro	roc_macro	pr_micro	pr_macro
0	0.6117249846531615	0.6117249846531615	0.5832568915331525	0.6341814768957856	0.6117249846531615	0.5980543247929109	0.6117249846531615	0.6117249846531615	0.576105725121494	0.6138470242176834	0.8478501330813022	0.8434250377744162	0.6470863418036396	0.6019726250220345
1	0.6424186617556783	0.6424186617556783	0.6085916044319312	0.6503929856822291	0.6424186617556783	0.6229146599884415	0.6424186617556783	0.6424186617556783	0.6141065674641882	0.6451383962683901	0.8616664330254167	0.8520025409954033	0.6832377621354367	0.6286601021586853
2	0.598219766728054	0.598219766728054	0.5968210810303645	0.6437967494880692	0.598219766728054	0.6017373820073204	0.598219766728054	0.598219766728054	0.5604947457916627	0.5877108587135189	0.8511489339866747	0.8490877714151589	0.6450394053654049	0.6099106348699548
3	0.651012891344383	0.651012891344383	0.6178552494181915	0.6714402882563424	0.651012891344383	0.6276295511462147	0.651012891344383	0.651012891344383	0.61723828981475	0.65475731413094	0.8572258361247811	0.850937324489248	0.6766470589919681	0.6208035846736759
4	0.6329036218538981	0.6329036218538981	0.6082019664308153	0.6612519196385803	0.6329036218538981	0.6237947890579849	0.6329036218538981	0.6329036218538981	0.6061572249391802	0.6370410737414599	0.8558263124765809	0.8524862035743004	0.6710987118397876	0.627129080003157
