Times	Accuary	Precision	Recall	MCC	AUROC	AUPR
0	0.7365283738674296	0.7827822120866591	0.6547448736289938	0.47951474309371794	0.8321944808863584	0.8020656695349854
1	0.7541726275631855	0.7270017035775128	0.8140200286123033	0.5120263485374205	0.8367858209231844	0.8100660703156248
2	0.7367668097281831	0.7531871494135645	0.7043395326657129	0.47453264006015716	0.8267347885993775	0.7998289037122448
3	0.7365283738674296	0.7510121457489879	0.7076776347162613	0.47384623160048467	0.825501334990673	0.7998537399484538
4	0.7474964234620887	0.734629294755877	0.7749165474487363	0.4957388638657682	0.8328655578773775	0.8061439983475495
