Times	Accuary	Precision	Recall	MCC	AUROC	AUPR
0	0.675727229375298	0.7286599904625656	0.6589047003018542	0.3534406339551679	0.856125732220951	0.8752924872138448
1	0.6821649976156414	0.7291368621840725	0.6665213600697472	0.3659483988549649	0.85399834311523	0.8717232411677466
2	0.6685741535526943	0.692894611349547	0.6607548885857207	0.3375478523285753	0.8448929812987602	0.865427883952895
3	0.6723891273247496	0.7238912732474965	0.6562905317769131	0.34662196754321284	0.859905003150719	0.8805778493996201
4	0.6759656652360515	0.7257987601335241	0.6600173460537727	0.35369238973259	0.8582701768245801	0.8750592402454187
