Times	Accuary	p_micro	p_macro	p_weigh	r_micro	r_macro	r_weigh	F1_micro	F1_macro	F1_weigh	roc_micro	roc_macro	pr_micro	pr_macro
0	0.42119815668202765	0.42119815668202765	0.388866024468007	0.44054087088157584	0.42119815668202765	0.396506988778439	0.42119815668202765	0.42119815668202765	0.38429248745119005	0.4264675831979368	0.6796219609360683	0.6517704985089586	0.39311093417636706	0.36284658940609904
1	0.4270353302611367	0.4270353302611367	0.3891557995568776	0.43910696767580154	0.4270353302611367	0.3966513185044689	0.4270353302611367	0.4270353302611367	0.3840876843649707	0.42823555903665567	0.6928232197029581	0.6586886516250043	0.4056371571991955	0.36917686220562884
2	0.423963133640553	0.423963133640553	0.3892796378673397	0.4467821243658945	0.423963133640553	0.39683484863988294	0.423963133640553	0.423963133640553	0.3836091996845418	0.4302828017510024	0.6837737523035575	0.6540507719978705	0.39579553474889984	0.3633904619418842
3	0.42427035330261137	0.42427035330261137	0.3934275198069295	0.44640937386955676	0.42427035330261137	0.39816720156129976	0.42427035330261137	0.42427035330261137	0.38595154888021493	0.42942845928183865	0.6908017678108358	0.6607532038872785	0.400522768059701	0.37667639215984194
4	0.4258064516129032	0.4258064516129032	0.3970038003779124	0.4520798392043438	0.4258064516129032	0.3999444140900561	0.4258064516129032	0.4258064516129032	0.3863078947016992	0.4324140854180615	0.6888355934349691	0.6600189602505968	0.40636446705592766	0.3784039098836072
