Times	Accuary	p_micro	p_macro	p_weigh	r_micro	r_macro	r_weigh	F1_micro	F1_macro	F1_weigh	roc_micro	roc_macro	pr_micro	pr_macro
0	0.6015360983102919	0.6015360983102919	0.5742002701984065	0.6080083908014573	0.6015360983102919	0.5970351907246958	0.6015360983102919	0.6015360983102919	0.579034054914713	0.6013008787915562	0.8460487980600958	0.8320109725458874	0.6847641737410147	0.6425333838945905
1	0.5972350230414747	0.5972350230414747	0.5634868169373384	0.6007591073406094	0.5972350230414747	0.5829450140987857	0.5972350230414747	0.5972350230414747	0.5645582623269698	0.5943677160967189	0.8391897612322765	0.8254502299711195	0.67385007875776	0.6206741409075875
2	0.6070660522273426	0.6070660522273426	0.573952243019763	0.6159926253756544	0.6070660522273426	0.5996939358575492	0.6070660522273426	0.6070660522273426	0.5768270242856477	0.6064894729497118	0.84758267834825	0.8359503439771638	0.6844762392718231	0.6346567122258265
3	0.6052227342549923	0.6052227342549923	0.5765373363314952	0.6099115816056165	0.6052227342549923	0.5999627162169499	0.6052227342549923	0.6052227342549923	0.5803093641823184	0.6033786799508313	0.8522011352812601	0.8387856050195474	0.6814792743763249	0.6401488706150349
4	0.5956989247311828	0.5956989247311828	0.5585071401675629	0.6046600749314751	0.5956989247311828	0.5780197298085091	0.5956989247311828	0.5956989247311828	0.559276846348931	0.5955619701752374	0.8435757820297733	0.8308365425348448	0.6810220670153179	0.6250037649799501
