Times	Accuary	p_micro	p_macro	p_weigh	r_micro	r_macro	r_weigh	F1_micro	F1_macro	F1_weigh	roc_micro	roc_macro	pr_micro	pr_macro
0	0.6197788697788698	0.6197788697788698	0.6055883464455615	0.6654392727264796	0.6197788697788698	0.6050472822561249	0.6197788697788698	0.6197788697788698	0.5810423944186615	0.624164385954219	0.8498051603088459	0.846742362199957	0.6599572795746942	0.6129974541051837
1	0.6228501228501229	0.6228501228501229	0.5844741957000416	0.6372532503201858	0.6228501228501229	0.6006634836560059	0.6228501228501229	0.6228501228501229	0.5864327774872637	0.6263597632901954	0.852748900410909	0.8427738923585426	0.6766115015317754	0.6155316235880383
2	0.6179361179361179	0.6179361179361179	0.5911169918398227	0.6475706442362763	0.6179361179361179	0.5898989968035537	0.6179361179361179	0.6179361179361179	0.5815651809510545	0.6209698975737353	0.8472115895910429	0.8374235197346452	0.6605666434461862	0.6014154345536717
3	0.6093366093366094	0.6093366093366094	0.5791743170678288	0.6216503706639779	0.6093366093366094	0.5883957312957366	0.6093366093366094	0.6093366093366094	0.5809340147318669	0.6127443018989837	0.8532646747288947	0.8417899070342345	0.6694583316372386	0.6122321522185479
4	0.6176289926289926	0.6176289926289926	0.5780769311701702	0.6391532819670248	0.6176289926289926	0.5959718311825621	0.6176289926289926	0.6176289926289926	0.5806451978327658	0.6248219165742497	0.8497153620003743	0.8399983193759976	0.6689031502005292	0.6052000681359857
