Times	Accuary	Precision	Recall	MCC	AUROC	AUPR
0	0.7454004329004329	0.8032159264931087	0.6053087132140796	0.4952464324046614	0.8322355086703555	0.8188702230085338
1	0.7443181818181818	0.7630173564753004	0.6595499134448932	0.4865830551487176	0.8170073068442469	0.8060247860629872
2	0.7215909090909091	0.6795918367346939	0.7686093479515291	0.4486459523391832	0.8027388687251957	0.7757168899458141
3	0.7215909090909091	0.69068255687974	0.7357184073860358	0.44397521130867096	0.8011325505698468	0.7806523028425538
4	0.7316017316017316	0.7980691874497184	0.5724177726485863	0.46956737589282743	0.8111478979705039	0.7984402815360003
