Times	Accuary	Precision	Recall	MCC	AUROC	AUPR
0	0.7241379310344828	0.6919328641039524	0.7408695652173913	0.4493669612683658	0.7987649331616113	0.7624942191070416
1	0.741515069237035	0.7363914373088685	0.6979710144927537	0.47991819079503173	0.8129884087578274	0.7939597475142184
2	0.7358131957643226	0.703023758099352	0.7547826086956522	0.47294215985928467	0.8131811520184749	0.7900116571396345
3	0.7385283736084713	0.7856071964017991	0.6075362318840579	0.4790974166280878	0.8085671566668149	0.7888231311300997
4	0.74178658702145	0.8146341463414634	0.5808695652173913	0.4913765392527121	0.8166459415848766	0.7948116269493768
