Times	Accuary	Precision	Recall	MCC	AUROC	AUPR
0	0.7449007342942616	0.7572178477690289	0.670150987224158	0.48710615592095013	0.8245317851424769	0.8074292641383822
1	0.7332064182757683	0.6887417218543046	0.7851335656213705	0.47273698391469626	0.819356989879727	0.7926875848744191
2	0.7440848517813435	0.7860805860805861	0.6231126596980255	0.48930630544702375	0.8185854193214931	0.8021240915266826
3	0.7568670111503943	0.7490974729241877	0.7229965156794426	0.5110333439578523	0.8292592328553903	0.8091233920273098
4	0.7253195539842263	0.7602339181286549	0.6039488966318235	0.4502924591296958	0.803282925047007	0.7751892555642089
