Times	Accuary	Precision	Recall	MCC	AUROC	AUPR
0	0.8271116499691574	0.7419557369329776	0.6613963900937456	0.580474968666334	0.888587732138374	0.7846337869382456
1	0.8293876161912662	0.7575757575757576	0.6453756821043795	0.58291495787764	0.8897859831780162	0.7865261104616688
2	0.8206240827005297	0.790522454644592	0.5578564432629075	0.5527387916422757	0.886704987827009	0.7787979569831617
3	0.8277072299151299	0.766248280605227	0.6235483419616622	0.5761261460027239	0.8889528194494407	0.7846909019627453
4	0.826898942845596	0.731081081081081	0.681264866377501	0.5836995654121908	0.8892035157583479	0.7842337188655891
