Times	Accuary	Precision	Recall	MCC	AUROC	AUPR
0	0.8266601354517187	0.7692510548523207	0.613459516298633	0.5722772574773711	0.8895388597660067	0.7869009035708807
1	0.8274268432934361	0.7662001036806636	0.6216614090431125	0.5750546775698511	0.8887894472283842	0.7830312196158518
2	0.829322315457682	0.7430971455238392	0.6697511391517701	0.5865406512730205	0.8891959677302532	0.7862014949098773
3	0.8277463048941517	0.7574822842851188	0.6369435681738521	0.5778308107824179	0.888919184277939	0.7845424849950495
4	0.8276824125740087	0.7415115005476451	0.6644234139502279	0.5820765928959517	0.8882404341751503	0.7815044991099482
