Times	Accuary	Precision	Recall	MCC	AUROC	AUPR
0	0.8230590442885473	0.7607340416191062	0.6085551731404087	0.5630796170085316	0.8852599298697352	0.7733003348012414
1	0.8225899311256584	0.7270703814567503	0.6653789421928777	0.5712574215470813	0.8862274071669511	0.7786893131903927
2	0.8269398895451735	0.7247228137161319	0.6932640303434713	0.5859370126441737	0.888603574963436	0.7841271274338699
3	0.822483314497729	0.7929633300297324	0.5619863735337501	0.5572590214864422	0.8872527073290526	0.777295563744035
4	0.823101690939719	0.7830934908986944	0.577158109152209	0.5598912420724211	0.8866784939030337	0.7751612969743549
