Times	Accuary	p_micro	p_macro	p_weigh	r_micro	r_macro	r_weigh	F1_micro	F1_macro	F1_weigh	roc_micro	roc_macro	pr_micro	pr_macro
0	0.677136596055515	0.677136596055515	0.5862049219385504	0.7247897456100673	0.677136596055515	0.6301729824644662	0.677136596055515	0.677136596055515	0.592923889379357	0.6877129640193711	0.8919736395823696	0.8716562365889862	0.7823097085175136	0.6461479317006181
1	0.6950328707085464	0.6950328707085464	0.6133457564893201	0.7447626819524574	0.6950328707085464	0.6629428159103312	0.6950328707085464	0.6950328707085464	0.6200677174404081	0.702797615781538	0.8909821959443898	0.8792661518258229	0.7841086785869398	0.6680989490619389
2	0.6712929145361578	0.6712929145361578	0.5900833762438354	0.7235160172412279	0.6712929145361578	0.6331148707970482	0.6712929145361578	0.6712929145361578	0.5936472508431705	0.6795093730356241	0.8813095344174451	0.8694431427187945	0.7680428164589501	0.6505019847423621
3	0.6906501095690285	0.6906501095690285	0.5985775186152044	0.7326121940926626	0.6906501095690285	0.6361729220640546	0.6906501095690285	0.6906501095690285	0.604563968475749	0.6993032250026456	0.8909899772040216	0.877533906109668	0.787391590849604	0.6764059089872647
4	0.6891891891891891	0.6891891891891891	0.6098066452522188	0.743149500131221	0.6891891891891891	0.6586365254231803	0.6891891891891891	0.6891891891891891	0.6144762941050357	0.6972085174594097	0.8923044098132443	0.8795348624729542	0.7881769606124751	0.6661448787382755
