Times	Accuary	p_micro	p_macro	p_weigh	r_micro	r_macro	r_weigh	F1_micro	F1_macro	F1_weigh	roc_micro	roc_macro	pr_micro	pr_macro
0	0.7983929875821768	0.7983929875821768	0.7001859224077474	0.8053299075040139	0.7983929875821768	0.7220529668466455	0.7983929875821768	0.7983929875821768	0.7091037329518155	0.8009131161767282	0.9385304277487366	0.9331733819583139	0.845319185768142	0.7143488259185351
1	0.7972972972972973	0.7972972972972973	0.7143358152210928	0.8178945886920851	0.7972972972972973	0.697460011691794	0.7972972972972973	0.7972972972972974	0.6735347580864953	0.792534477931744	0.9422383313564487	0.929660416095335	0.8579567278326748	0.7099694193193279
2	0.7976625273922571	0.7976625273922571	0.7091987346731418	0.813153632611011	0.7976625273922571	0.7337122740107814	0.7976625273922571	0.7976625273922571	0.7175815952434296	0.8009934255267819	0.9396765850603729	0.9321436065012458	0.8516145573419571	0.7245092594660574
3	0.8046018991964938	0.8046018991964938	0.7246119196963072	0.8192901216135418	0.8046018991964938	0.7375075123011909	0.8046018991964938	0.8046018991964938	0.7247358629854821	0.80635977212013	0.938505416557062	0.9316980248007083	0.8501430947593783	0.7283617128745019
4	0.7947406866325786	0.7947406866325786	0.6931377627738162	0.8026980004410519	0.7947406866325786	0.7163723944233162	0.7947406866325786	0.7947406866325786	0.7010425656071274	0.7969712316569975	0.9278373096014696	0.9280936136560878	0.8276836846573788	0.7072815300158801
