Times	Accuary	p_micro	p_macro	p_weigh	r_micro	r_macro	r_weigh	F1_micro	F1_macro	F1_weigh	roc_micro	roc_macro	pr_micro	pr_macro
0	0.8002191380569759	0.8002191380569759	0.6887502445237698	0.8231844241075208	0.8002191380569759	0.7024247529515308	0.8002191380569759	0.8002191380569759	0.6894647262441633	0.8040674329533323	0.9323809204936679	0.9263484280725174	0.8373452019924541	0.6872815055845566
1	0.7907231555880204	0.7907231555880204	0.6825776858704423	0.8093886030491391	0.7907231555880204	0.7104280663455378	0.7907231555880204	0.7907231555880204	0.6907958142096785	0.7959994568371951	0.9311871641052539	0.9265928384956773	0.8384350933041528	0.7010815094189096
2	0.7903579254930606	0.7903579254930606	0.683041827091662	0.8084929568096286	0.7903579254930606	0.7103510773923416	0.7903579254930606	0.7903579254930606	0.6900935953853298	0.7951001627493327	0.932277074025835	0.9286105754486593	0.8388205425099412	0.7013632193215291
3	0.7724616508400293	0.7724616508400293	0.6517609643697183	0.8042120575369395	0.7724616508400293	0.6675894195736163	0.7724616508400293	0.7724616508400293	0.6466272596786489	0.779434672451494	0.929029554202298	0.9222001842497284	0.8320301350621768	0.6675399997247314
4	0.7699050401753105	0.7699050401753105	0.6582743838424261	0.7865177978323122	0.7699050401753105	0.688157852161364	0.7699050401753105	0.7699050401753106	0.6642661365807865	0.7754655265041458	0.924547971065453	0.923717091027392	0.8231149550824095	0.6750569697734186
