Times	Accuary	p_micro	p_macro	p_weigh	r_micro	r_macro	r_weigh	F1_micro	F1_macro	F1_weigh	roc_micro	roc_macro	pr_micro	pr_macro
0	0.59846547314578	0.59846547314578	0.4895804478373898	0.6096073427856654	0.59846547314578	0.5116256503101796	0.59846547314578	0.59846547314578	0.4979043366914021	0.6027209347598845	0.8071559992839569	0.757367284857877	0.576634789866629	0.4608780582372748
1	0.6028498355864085	0.6028498355864085	0.48898126082733895	0.6094770646153448	0.6028498355864085	0.5128957610610103	0.6028498355864085	0.6028498355864085	0.49641585016305667	0.6041426086190926	0.8153870243749675	0.7659785179901952	0.5899225232360892	0.46836132081243637
2	0.5959079283887468	0.5959079283887468	0.48537882486788136	0.6093670503906918	0.5959079283887468	0.5044299119906485	0.5959079283887468	0.5959079283887468	0.48958688106246295	0.6000067028838063	0.815184919736826	0.762592798558648	0.5844652687158299	0.4633787467546746
3	0.6021191085129705	0.6021191085129705	0.4837489096099616	0.6200899803777469	0.6021191085129705	0.5119488287272167	0.6021191085129705	0.6021191085129705	0.49140057452975083	0.6079811013980871	0.8104674094701819	0.7637990359516297	0.5904028184122991	0.47174650240153515
4	0.6065034709535988	0.6065034709535988	0.4972857857478373	0.6204662317843865	0.6065034709535988	0.5189031358473435	0.6065034709535988	0.6065034709535988	0.5048751514369693	0.6115402936061682	0.8103116705372241	0.7641845040538671	0.5774352737010422	0.4672018217764783
