Times	Accuary	p_micro	p_macro	p_weigh	r_micro	r_macro	r_weigh	F1_micro	F1_macro	F1_weigh	roc_micro	roc_macro	pr_micro	pr_macro
0	0.8710266715381805	0.8710266715381805	0.8448126145373949	0.8733900367939733	0.8710266715381805	0.8434993749990257	0.8710266715381805	0.8710266715381805	0.8426677035930927	0.8703295979731603	0.9746390049403505	0.9673322293368077	0.9403200816748418	0.9148650397900532
1	0.8732188527584948	0.8732188527584948	0.8462137345935276	0.8751824387139091	0.8732188527584948	0.8530623272413996	0.8732188527584948	0.8732188527584948	0.8487246846325321	0.8728792068912251	0.9756871947044135	0.968442503046038	0.9423500310374712	0.9220916462886816
2	0.8765071245889661	0.8765071245889661	0.8501200478222091	0.8783270510649677	0.8765071245889661	0.8529589903406736	0.8765071245889661	0.8765071245889662	0.8506418678920841	0.8760473805613859	0.9719270784039179	0.9643418061818219	0.9340718643557093	0.9141509596901644
3	0.8812568505663135	0.8812568505663135	0.859817219038983	0.8821056919336767	0.8812568505663135	0.8566902556831615	0.8812568505663135	0.8812568505663135	0.8577902926137517	0.8809685961464705	0.9744132057359806	0.9667718519397508	0.9399960360191614	0.91930018985116
4	0.8790646693459993	0.8790646693459993	0.8555216285750868	0.8800471467049615	0.8790646693459993	0.8542414504248743	0.8790646693459993	0.8790646693459993	0.8541714688223778	0.8786116608112172	0.9745694118857373	0.966205274304696	0.9390271983003975	0.9136702611597046
