Times	Accuary	Precision	Recall	MCC	AUROC	AUPR
0	0.5870072832412253	0.020312856616162504	0.651463963963964	0.05459161720179912	0.6511457875454938	0.024856048700589176
1	0.6577974600153716	0.022791901871737193	0.6047297297297297	0.06272662162357355	0.6751282030274477	0.025794660391944804
2	0.5977747685100465	0.020349990979613927	0.6351351351351351	0.05361524927808625	0.6558289481402879	0.02326962382482167
3	0.6698166379972916	0.02136261211505324	0.5444819819819819	0.05196888003676155	0.6568976400717866	0.025671244978993625
4	0.6821798484793031	0.022409798839369683	0.5501126126126126	0.05687122701608711	0.663818088876631	0.025190912292511625
