Times	Accuary	p_micro	p_macro	p_weigh	r_micro	r_macro	r_weigh	F1_micro	F1_macro	F1_weigh	roc_micro	roc_macro	pr_micro	pr_macro
0	0.8809349890430972	0.8809349890430972	0.854302477741332	0.8832300740483556	0.8809349890430972	0.8600249367413547	0.8809349890430972	0.8809349890430972	0.8560418234130717	0.8804190079954913	0.974720177010762	0.968305944011016	0.940452971726274	0.9204134265778545
1	0.879108838568298	0.879108838568298	0.8493418330093343	0.8812696717496008	0.879108838568298	0.8510044588446697	0.879108838568298	0.879108838568298	0.848216224016005	0.878589613357255	0.9756968807197817	0.9669250290531065	0.9432539617541423	0.9185625241958333
2	0.8732651570489408	0.8732651570489408	0.8484615529669168	0.8761543239114445	0.8732651570489408	0.8588112120421164	0.8732651570489408	0.8732651570489408	0.8521557735783505	0.8728190842409962	0.9728547422909058	0.9667009763346015	0.9377164030899623	0.9228647279249484
3	0.8827611395178963	0.8827611395178963	0.850197946273735	0.8839942422441214	0.8827611395178963	0.8599381111497003	0.8827611395178963	0.8827611395178963	0.8543694481445336	0.8825488997040275	0.9763448595576012	0.9704237913778683	0.9445217418328048	0.92463244277189
4	0.8780131482834186	0.8780131482834186	0.8422350239017056	0.8818549987183091	0.8780131482834186	0.8571895688489193	0.8780131482834186	0.8780131482834186	0.8476261242124475	0.8775789149943788	0.9743158405281083	0.9676623709490753	0.9392041121104173	0.9169745429271763
