Times	Accuary	p_micro	p_macro	p_weigh	r_micro	r_macro	r_weigh	F1_micro	F1_macro	F1_weigh	roc_micro	roc_macro	pr_micro	pr_macro
0	0.7965668371073776	0.7965668371073776	0.6925779254201024	0.8195992974321342	0.7965668371073776	0.7140070927340463	0.7965668371073776	0.7965668371073776	0.6976662526260928	0.8010988845573338	0.9360246175933301	0.9284361084898076	0.8485469646873776	0.7002571683543332
1	0.7801314828341855	0.7801314828341855	0.6626610890212423	0.811044364902998	0.7801314828341855	0.6792519840456628	0.7801314828341855	0.7801314828341857	0.6623081669661501	0.7863494658099516	0.9398396135657503	0.9232963270953277	0.8533587454750945	0.6745696212315166
2	0.787436084733382	0.787436084733382	0.6839641516973829	0.8193018872319827	0.787436084733382	0.7042855386314562	0.787436084733382	0.787436084733382	0.6697487471408695	0.7914739099046783	0.9305376957120192	0.9281911661365458	0.8396530798729043	0.7024844164595964
3	0.7940102264426588	0.7940102264426588	0.6793539017150487	0.8082564582000694	0.7940102264426588	0.7042102106895786	0.7940102264426588	0.7940102264426588	0.688180896706102	0.7983627013674649	0.9357151013173362	0.9273054554977118	0.8462887432001376	0.6875413635152648
4	0.7940102264426588	0.7940102264426588	0.6822470272783241	0.8119352245561371	0.7940102264426588	0.7005672892942427	0.7940102264426588	0.7940102264426588	0.6866409530326563	0.7977451825355004	0.9353739264307246	0.9290117722318179	0.8456516634416131	0.699447617311707
