Times	Accuary	p_micro	p_macro	p_weigh	r_micro	r_macro	r_weigh	F1_micro	F1_macro	F1_weigh	roc_micro	roc_macro	pr_micro	pr_macro
0	0.8699780861943024	0.8699780861943024	0.8446650884072872	0.872845493413228	0.8699780861943024	0.8422116904996624	0.8699780861943024	0.8699780861943024	0.8420075268219062	0.8693382575564389	0.9743397845756046	0.9685232004767613	0.9396043719592158	0.9199969265430035
1	0.8761869978086194	0.8761869978086194	0.8477749312969904	0.8790939238439617	0.8761869978086194	0.853970895630246	0.8761869978086194	0.8761869978086194	0.849267332473782	0.875688547998664	0.9735488528822586	0.9668272592744351	0.9378168507214139	0.9181266131377093
2	0.864499634769905	0.864499634769905	0.8350777363168191	0.8669396268980415	0.864499634769905	0.8352764073835188	0.864499634769905	0.864499634769905	0.8340348400292139	0.8639183371071473	0.9677382083680822	0.9612207201185359	0.9233099965771059	0.9006778983257631
3	0.8798392987582176	0.8798392987582176	0.8590514153379953	0.8814926821766073	0.8798392987582176	0.8675368280723855	0.8798392987582176	0.8798392987582178	0.8624041068340174	0.8794079562090261	0.973954056419557	0.9677160878469158	0.9390845896600656	0.9239349801003102
4	0.8834915997078159	0.8834915997078159	0.8608225721008327	0.8854831124039102	0.8834915997078159	0.8653467954345917	0.8834915997078159	0.8834915997078159	0.8622888105952293	0.8832890107791441	0.9764307201995986	0.9719153691707207	0.9438711630136987	0.9292307851955612
