Times	Accuary	Precision	Recall	MCC	AUROC	AUPR
0	0.7254534083802376	0.742338961851157	0.7180883242589232	0.45116416373828017	0.8707146156466616	0.8839948933130647
1	0.7388993120700438	0.7173233270794246	0.7496732026143791	0.4782440989936885	0.8655358786233266	0.8764093870998866
2	0.7376485303314572	0.7517198248905566	0.7311435523114356	0.4754853914403878	0.8704185425459392	0.8788098539517717
3	0.7301438398999375	0.7642276422764228	0.7154566744730679	0.46136085894232215	0.8701639275015928	0.881884318762776
4	0.7457786116322702	0.7736085053158224	0.7328199052132701	0.49232042209328103	0.8824781435864582	0.8983389614947186
