Times	Accuary	Precision	Recall	MCC	AUROC	AUPR
0	0.8902439024390244	0.8529411764705882	0.943089430894309	0.7848839282012743	0.9518194806713546	0.9344258856069537
1	0.8949343339587242	0.8699472759226714	0.9287054409005628	0.7916765267403909	0.9529294614637588	0.9318856995336844
2	0.8749218261413383	0.8910632746249184	0.8542839274546592	0.7504832207284368	0.9530237198749532	0.9366207237436879
3	0.8830519074421513	0.869198312236287	0.9018136335209506	0.766643725811066	0.9499245346039837	0.931816545227169
4	0.8846153846153846	0.8530424799081515	0.9293308317698562	0.7723254544148628	0.9519246902672519	0.9358926071505399
