Times	Accuary	Precision	Recall	MCC	AUROC	AUPR
0	0.7537546933667084	0.9561952440550688	0.6806236080178174	0.5550376236097849	0.983729662077597	0.9839937883938614
1	0.7609511889862328	0.9123904881101377	0.7002881844380403	0.5476247811558136	0.9664932385757541	0.9675860586975359
2	0.7634543178973717	0.8817271589486858	0.7130566801619433	0.5422988781776292	0.9572991740301159	0.9594958454132116
3	0.7578222778473092	0.9180225281602002	0.695260663507109	0.5443410308638091	0.9640449341401408	0.9651762974453094
4	0.7678347934918648	0.9474342928660826	0.6970534069981584	0.5739761883780946	0.9825493694402108	0.9823555776952367
