Times	Accuary	p_micro	p_macro	p_weigh	r_micro	r_macro	r_weigh	F1_micro	F1_macro	F1_weigh	roc_micro	roc_macro	pr_micro	pr_macro
0	0.6121256391526662	0.6121256391526662	0.49765654472564946	0.6233576032606968	0.6121256391526662	0.5200814111261872	0.6121256391526662	0.6121256391526662	0.5026657854814081	0.6150237486974754	0.8165605836424938	0.7721153865650043	0.5975810157492366	0.47670843534942786
1	0.6029948867786705	0.6029948867786705	0.49498270522044363	0.6203755167703052	0.6029948867786705	0.5172477042450704	0.6029948867786705	0.6029948867786705	0.49953996994431116	0.6079973278069605	0.8140316297977246	0.765209802637271	0.5926383881537767	0.47185596770976296
2	0.5942293644996348	0.5942293644996348	0.4909079000451563	0.6109050673243253	0.5942293644996348	0.5216343272796302	0.5942293644996348	0.5942293644996348	0.49915759048089103	0.5989009354179649	0.8060134641580952	0.7651170633168697	0.5678606372396588	0.4660919082232778
3	0.614682249817385	0.614682249817385	0.5085578533543673	0.6234728342251011	0.614682249817385	0.5253656058484856	0.614682249817385	0.614682249817385	0.5068740962966257	0.6146102995056848	0.8171604075992759	0.7691063465733043	0.6047430744533073	0.48573660486905057
4	0.6081081081081081	0.6081081081081081	0.49688499723193424	0.6203682353484907	0.6081081081081081	0.5150134498773656	0.6081081081081081	0.6081081081081081	0.4951422215537272	0.6096466642968457	0.809428859100152	0.7608251194693962	0.5901846254027315	0.47164849437244183
