Times	Accuary	p_micro	p_macro	p_weigh	r_micro	r_macro	r_weigh	F1_micro	F1_macro	F1_weigh	roc_micro	roc_macro	pr_micro	pr_macro
0	0.8162892622352081	0.8162892622352081	0.7342237083595995	0.841122708895945	0.8162892622352081	0.8091897716217294	0.8162892622352081	0.8162892622352081	0.7595163124114577	0.8229249996463324	0.9514888706644377	0.9465609555927208	0.8826253568462497	0.8238585775041248
1	0.8192111029948868	0.8192111029948868	0.7298027699035541	0.8433187364349637	0.8192111029948868	0.8081496333910733	0.8192111029948868	0.8192111029948868	0.7580099372314676	0.8264498225238217	0.9515079903309623	0.9495446246188715	0.8846403561599849	0.8416476691958127
2	0.8199415631848064	0.8199415631848064	0.7331702650221958	0.8441745433681905	0.8199415631848064	0.8163691371154057	0.8199415631848064	0.8199415631848064	0.7628991587906508	0.8267930920878751	0.9514628590250963	0.9466706439083179	0.885100274426887	0.8347992364316368
3	0.8108108108108109	0.8108108108108109	0.7192248323123642	0.830616636776847	0.8108108108108109	0.7863036026688354	0.8108108108108109	0.8108108108108109	0.74346645518674	0.8172775207635087	0.9547390361162498	0.9467457549200621	0.8915753966768263	0.8303608758239984
4	0.8261504747991234	0.8261504747991234	0.7428212737808034	0.8500586295675058	0.8261504747991234	0.8207376615980655	0.8261504747991234	0.8261504747991234	0.7708425749242356	0.8327376324244065	0.9519580583880822	0.9489842903914465	0.8863468755321722	0.8383486945829624
