Times	Accuary	p_micro	p_macro	p_weigh	r_micro	r_macro	r_weigh	F1_micro	F1_macro	F1_weigh	roc_micro	roc_macro	pr_micro	pr_macro
0	0.6950328707085464	0.6950328707085464	0.6071473932303451	0.7409972637105507	0.6950328707085464	0.6568789165891887	0.6950328707085464	0.6950328707085464	0.6161772646988362	0.7050631213717542	0.8934604382085282	0.8766428881540875	0.7860426486782903	0.6619467849300821
1	0.6877282688093499	0.6877282688093499	0.6051967300143847	0.738567896412089	0.6877282688093499	0.6505251384355862	0.6877282688093499	0.6877282688093499	0.6107926038294431	0.6973305284829007	0.8916609441060115	0.875238373985457	0.7836628186817522	0.6606805837208718
2	0.6899196493791089	0.6899196493791089	0.593592270608961	0.740672049439531	0.6899196493791089	0.6376078201275743	0.6899196493791089	0.6899196493791089	0.5999798125348588	0.7023301497144329	0.897887441367097	0.8840943964605645	0.7971735231007464	0.6833719777101583
3	0.706355003652301	0.706355003652301	0.6087297132502438	0.7453535738020578	0.706355003652301	0.6509853248571422	0.706355003652301	0.706355003652301	0.6180926722083209	0.7156370191056988	0.9065310424237831	0.8893573788054656	0.8090874233335664	0.6898965136359512
4	0.700146092037984	0.700146092037984	0.6094905800826518	0.7394225740824715	0.700146092037984	0.6446905018195623	0.700146092037984	0.700146092037984	0.6151989363798271	0.7080522504119687	0.9004138607444433	0.878365535455754	0.797520188046743	0.6612570295682738
