Times	Accuary	p_micro	p_macro	p_weigh	r_micro	r_macro	r_weigh	F1_micro	F1_macro	F1_weigh	roc_micro	roc_macro	pr_micro	pr_macro
0	0.804165144318597	0.804165144318597	0.7234184207413121	0.817360203242917	0.804165144318597	0.729808575806634	0.804165144318597	0.804165144318597	0.7158195225886593	0.8051706976961881	0.939586420579574	0.9309519776369594	0.8535699230436081	0.7194116894552527
1	0.8001461454146876	0.8001461454146876	0.7027915528552158	0.8222575448718772	0.8001461454146876	0.7324572999715429	0.8001461454146876	0.8001461454146878	0.707664246074264	0.8051434753699406	0.9382789699889742	0.931201408140722	0.8544239228678825	0.7344035259013801
2	0.7884545122396784	0.7884545122396784	0.6990461413834995	0.7974797607023703	0.7884545122396784	0.7078040469094538	0.7884545122396784	0.7884545122396784	0.688422799149137	0.7874691822808848	0.929038712115559	0.9286366210867487	0.8312586469326237	0.7097752837995435
3	0.7913774205334307	0.7913774205334307	0.6984876188623415	0.804201490763454	0.7913774205334307	0.7380442908061897	0.7913774205334307	0.7913774205334307	0.714423948354213	0.7959376398457348	0.9331677961966505	0.930052426992782	0.8401151939719921	0.7274511860810098
4	0.7950310559006211	0.7950310559006211	0.6982620944525977	0.805435729283098	0.7950310559006211	0.7313472239374075	0.7950310559006211	0.7950310559006211	0.7100814981828228	0.7987326655904057	0.9359345205890651	0.9336098347634125	0.844641646311401	0.7364727600856087
