Times	Accuary	Precision	Recall	MCC	AUROC	AUPR
0	0.8792995622263915	0.8173731030873888	0.9768605378361476	0.7734659218837417	0.9415854030094636	0.9239092703547287
1	0.8786741713570981	0.8171817705605029	0.975609756097561	0.771995413699028	0.9391933513793211	0.9187876493900826
2	0.8792995622263915	0.8511870295309786	0.9193245778611632	0.7610414228827552	0.9422121627768448	0.9235968320935113
3	0.873358348968105	0.8566308243727598	0.8968105065666041	0.7475394496222715	0.943035066084533	0.9261616799923912
4	0.8808630393996247	0.8171875	0.9812382739212008	0.7775552302892925	0.9408716204350672	0.9222233184108153
