Times	Accuary	p_micro	p_macro	p_weigh	r_micro	r_macro	r_weigh	F1_micro	F1_macro	F1_weigh	roc_micro	roc_macro	pr_micro	pr_macro
0	0.5763330898466034	0.5763330898466034	0.5003664426116421	0.6774090649434436	0.5763330898466034	0.5181503668246425	0.5763330898466034	0.5763330898466034	0.4827342497876449	0.602285502320297	0.77075213033103	0.7439933750442107	0.5807076293690623	0.46544357524652236
1	0.573046018991965	0.573046018991965	0.4840958306958392	0.658945775036783	0.573046018991965	0.49850744111499157	0.573046018991965	0.573046018991965	0.4701316755712234	0.5957639657706175	0.7720993998558999	0.7443432133634698	0.5889113526766843	0.4612669241658824
2	0.5661066471877283	0.5661066471877283	0.48107268392764413	0.676094529522892	0.5661066471877283	0.47251725186755916	0.5661066471877283	0.5661066471877283	0.4520774028110903	0.5933801481160704	0.762070779049043	0.7290890859855351	0.5755812028897029	0.44525197386899307
3	0.587655222790358	0.587655222790358	0.4932633801018462	0.6803166926041122	0.587655222790358	0.5023173696483618	0.587655222790358	0.587655222790358	0.4751513432280419	0.611348862523108	0.7781490402016333	0.7394544646672472	0.5928442260579694	0.46232332026720513
4	0.5745069393718042	0.5745069393718042	0.469259129481027	0.6628999159515567	0.5745069393718042	0.46620927016888386	0.5745069393718042	0.5745069393718042	0.44935907908800854	0.5990497687042493	0.7775173797768707	0.7293826710175151	0.5872104154114699	0.4398058244225289
