Times	Accuary	Precision	Recall	MCC	AUROC	AUPR
0	0.8749218261413383	0.8117524700988039	0.9762351469668543	0.7657278599652787	0.9362973496959678	0.9148982446089433
1	0.8714821763602252	0.8065015479876161	0.9774859287054409	0.7602462414466713	0.9365019021816716	0.9158506358603503
2	0.8717948717948718	0.820831084727469	0.9512195121951219	0.7531526400691058	0.9369825809673885	0.9170758018662019
3	0.8696060037523452	0.7966867469879518	0.9924953095684803	0.7626041346826606	0.9349216071176444	0.9123504687866593
4	0.8639774859287055	0.7872655478775913	0.9974984365228268	0.7553869086706384	0.9366528720850783	0.915851784369463
