Times	Accuary	p_micro	p_macro	p_weigh	r_micro	r_macro	r_weigh	F1_micro	F1_macro	F1_weigh	roc_micro	roc_macro	pr_micro	pr_macro
0	0.6062819576333089	0.6062819576333089	0.5059256465509441	0.617471494363935	0.6062819576333089	0.5198226385056939	0.6062819576333089	0.6062819576333089	0.5011915287364891	0.6074034270599774	0.816626568724174	0.7730219594768363	0.5966065918474494	0.4834901612394952
1	0.6150474799123448	0.6150474799123448	0.5098925135963273	0.6271203667772917	0.6150474799123448	0.5283434971406876	0.6150474799123448	0.6150474799123448	0.5069607472518546	0.6157464694579148	0.8187436493805318	0.7669086086027196	0.5900077741176473	0.47313717224708796
2	0.5993425858290723	0.5993425858290723	0.48820104203838355	0.6072215837865412	0.5993425858290723	0.4992591673803263	0.5993425858290723	0.5993425858290723	0.48167371276724286	0.5986482209800419	0.81338747489321	0.766474349636334	0.5945157328524827	0.4726575977534706
3	0.5927684441197955	0.5927684441197955	0.48428206529355755	0.6102204500100497	0.5927684441197955	0.5138603628770442	0.5927684441197955	0.5927684441197955	0.49311256174234236	0.5985806261413568	0.8082413944159547	0.7671534822392323	0.5743411900921253	0.46520401788158505
4	0.6037253469685903	0.6037253469685903	0.4915317619406794	0.6153346540264965	0.6037253469685903	0.5175441839796537	0.6037253469685903	0.6037253469685903	0.4993928224484645	0.6071334499365366	0.8149756077519488	0.7604006328819443	0.5816448486238004	0.46112903612136424
