Times	Accuary	Precision	Recall	MCC	AUROC	AUPR
0	0.7215269086357947	0.7428035043804756	0.712484993997599	0.4434554980587818	0.8687971979993765	0.8868653566945107
1	0.7293491864831039	0.7565707133917396	0.7175074183976261	0.4593796894948633	0.8727257632741804	0.887708733903855
2	0.7403003754693367	0.7434292866082604	0.7388059701492538	0.48061016145938773	0.8813234158467796	0.8988218096128104
3	0.727784730913642	0.7478097622027534	0.7190132370637786	0.4559352703755216	0.868497621400969	0.8826927533391208
4	0.7412390488110138	0.7540675844806007	0.7352043929225137	0.48263698019083695	0.8743430853021847	0.8963739676817291
