Times	Accuary	p_micro	p_macro	p_weigh	r_micro	r_macro	r_weigh	F1_micro	F1_macro	F1_weigh	roc_micro	roc_macro	pr_micro	pr_macro
0	0.8067226890756303	0.8067226890756303	0.6920764360148662	0.8241087465762482	0.8067226890756303	0.7145079552742826	0.8067226890756303	0.8067226890756303	0.6993051163949513	0.8114967970131849	0.9377717505327494	0.931626956374658	0.8480639584400773	0.7090100823839971
1	0.7979539641943734	0.7979539641943734	0.6766789474999482	0.8170403486499529	0.7979539641943734	0.7000942264528264	0.7979539641943734	0.7979539641943735	0.6847155002104517	0.8039568400757288	0.9373467834815457	0.9274507655716585	0.8478047296879873	0.6838053144196508
2	0.7983193277310925	0.7983193277310925	0.6823142504832577	0.8156454384802527	0.7983193277310925	0.7128331916826114	0.7983193277310925	0.7983193277310925	0.6939486424603626	0.8044311646071203	0.928001090350518	0.9269567032501072	0.835459285569162	0.6946349852211902
3	0.7968578735842163	0.7968578735842163	0.684261341544212	0.8191862911613901	0.7968578735842163	0.7065719584224099	0.7968578735842163	0.7968578735842163	0.6896764663793498	0.8018818625282074	0.9376713211694108	0.9267309163672421	0.851749569861408	0.6889213796983987
4	0.7968578735842163	0.7968578735842163	0.7020955535449908	0.8089845819989121	0.7968578735842163	0.6995239834272986	0.7968578735842163	0.7968578735842163	0.6778442880976254	0.7949647245819992	0.9324961386756414	0.9280309006464207	0.8352675290550823	0.6944122650166589
