Times	Accuary	p_micro	p_macro	p_weigh	r_micro	r_macro	r_weigh	F1_micro	F1_macro	F1_weigh	roc_micro	roc_macro	pr_micro	pr_macro
0	0.8377785896967482	0.8377785896967482	0.7682377492361088	0.8537144801767509	0.8377785896967482	0.8138938703832675	0.8377785896967482	0.8377785896967482	0.7851703436715534	0.8415703024175986	0.9591568418760811	0.9555003338467386	0.9007534527730228	0.8518927658020871
