Times	Accuary	p_micro	p_macro	p_weigh	r_micro	r_macro	r_weigh	F1_micro	F1_macro	F1_weigh	roc_micro	roc_macro	pr_micro	pr_macro
0	0.8009495982468955	0.8009495982468955	0.6912809715026735	0.8116448661211639	0.8009495982468955	0.7093174753490821	0.8009495982468955	0.8009495982468955	0.696945971404932	0.8036222497896327	0.9357261062416727	0.9282391508798444	0.8449277373991078	0.7047858706153107
1	0.7856099342585829	0.7856099342585829	0.68428834396709	0.8072018759748593	0.7856099342585829	0.703270013568521	0.7856099342585829	0.7856099342585829	0.6863727794172677	0.7901976572152661	0.9386453458374173	0.9275686561135772	0.8525004298815778	0.7014476591779527
2	0.7819576333089847	0.7819576333089847	0.6752790399168981	0.7904782869178195	0.7819576333089847	0.6997106604569292	0.7819576333089847	0.7819576333089847	0.6857438406548464	0.7850699307638277	0.9325249182612025	0.9294195867247441	0.8326495107487577	0.7073166339873358
3	0.7943754565376187	0.7943754565376187	0.6867864192865074	0.8060109989528614	0.7943754565376187	0.7095271510635865	0.7943754565376187	0.7943754565376187	0.6952015168282281	0.7983631003047942	0.9356611216076598	0.9283312266668722	0.8418664635793831	0.7077321494573039
4	0.7972972972972973	0.7972972972972973	0.6930332492158819	0.8047374901875239	0.7972972972972973	0.7114026701296235	0.7972972972972973	0.7972972972972974	0.7000670661147209	0.7997185203243257	0.9340293025341295	0.9302964612318263	0.8391874836783693	0.7138013455337577
