Times	Accuary	Precision	Recall	MCC	AUROC	AUPR
0	0.8861788617886179	0.8647371529828707	0.9155722326454033	0.7736957808944551	0.9485806677954208	0.9315973143605245
1	0.8727329580988118	0.8753148614609572	0.8692933083176986	0.7454835563224426	0.9465355340521222	0.9315124556945752
2	0.8868042526579112	0.8598022105875509	0.9243277048155097	0.7757962469384342	0.94598054365592	0.9255662801160369
3	0.8749218261413383	0.859628074385123	0.8961851156973109	0.7505226232117601	0.9446476280320604	0.9252762422982964
4	0.8789868667917449	0.8226837060702875	0.9662288930581614	0.7697821924898809	0.9451376935475228	0.9231629877269464
