Times	Accuary	Precision	Recall	MCC	AUROC	AUPR
0	0.7736085053158224	0.8911819887429644	0.7215189873417721	0.5630037330902068	0.9661999506414461	0.9673549211612992
1	0.7614133833646028	0.9049405878674172	0.7031098153547133	0.5457970280732385	0.958354600142913	0.9600487245977805
2	0.7695434646654159	0.9418386491557224	0.7004651162790698	0.5742584501941489	0.9776552809545993	0.9776046616215317
3	0.7623514696685428	0.8980612883051907	0.7063453025086079	0.5451679408998026	0.9643132179626025	0.9649781028628396
4	0.7510944340212633	0.9224515322076298	0.6870051234280391	0.5345621007942369	0.9702280310434797	0.9707955909942124
