Times	Accuary	Precision	Recall	MCC	AUROC	AUPR
0	0.6599717721291287	0.023335081279496593	0.6157530601383715	0.06592984123868881	0.6759500088677279	0.025675487437094524
1	0.4849243797478864	0.018409142189719018	0.738158594997339	0.04982854728274607	0.6557260940083023	0.02202764298252809
2	0.5593477147878066	0.020152776052664266	0.690792974986695	0.05661265283002903	0.6662576984165276	0.024564687853428177
3	0.5572652174514661	0.01986611629021536	0.6838744012772752	0.054553373567532495	0.6567859051051974	0.022941999061808403
4	0.4902447799194675	0.01907619762083378	0.7578499201703034	0.055436978850612696	0.6747689527013138	0.02479604764591349
