Times	Accuary	p_micro	p_macro	p_weigh	r_micro	r_macro	r_weigh	F1_micro	F1_macro	F1_weigh	roc_micro	roc_macro	pr_micro	pr_macro
0	0.6996711728169529	0.6996711728169529	0.6081421524661184	0.7348773365842677	0.6996711728169529	0.6546555904289029	0.6996711728169529	0.6996711728169529	0.6199130838078234	0.7082888818594236	0.8990319579405208	0.8830076821322324	0.797812187783795	0.6801935423363932
1	0.6821337230544392	0.6821337230544392	0.5878331310578591	0.727059665510641	0.6821337230544392	0.6278350423505925	0.6821337230544392	0.6821337230544392	0.5931863172869062	0.6903526365753911	0.8903751426068036	0.8661244654286928	0.7832911286640506	0.6428756559583905
2	0.7029594446474242	0.7029594446474242	0.6089451686998497	0.7463741834853053	0.7029594446474242	0.646306245974126	0.7029594446474242	0.7029594446474242	0.6142773874172133	0.7122470011849276	0.904082304555315	0.8879971119579846	0.8084259411808936	0.6846284010583665
3	0.6876141761052247	0.6876141761052247	0.5903507152045246	0.7295846007121835	0.6876141761052247	0.6274088387972061	0.6876141761052247	0.6876141761052247	0.5961504292479776	0.696405008649864	0.8927638441120916	0.8740333017940916	0.7865301671358128	0.6477649406005054
4	0.6664230909755207	0.6664230909755207	0.580433769003661	0.7263053931921714	0.6664230909755207	0.6226013974664988	0.6664230909755207	0.6664230909755207	0.5817847742416891	0.6781648523753087	0.8881121891656696	0.8703860028332628	0.7738282755441429	0.645095252191097
