Times	Accuary	Precision	Recall	MCC	AUROC	AUPR
0	0.6592903000900561	0.021302327555112348	0.5608938547486033	0.05287499451295829	0.6566006958349628	0.022308831068588997
1	0.5990761990529587	0.020744356314826115	0.6458100558659218	0.05637220602304167	0.6626451701271101	0.024005492057654114
2	0.5861560584492926	0.020419512364666423	0.6564245810055865	0.05549963502007545	0.663807215583954	0.023864463479578525
3	0.5559291752607268	0.018792664537155643	0.647486033519553	0.04606084811194518	0.6398862608769431	0.021955660838200185
4	0.6299785027452576	0.02143649851054302	0.6150837988826816	0.05744647131705718	0.6634542377686056	0.024060987193940495
