Times	Accuary	p_micro	p_macro	p_weigh	r_micro	r_macro	r_weigh	F1_micro	F1_macro	F1_weigh	roc_micro	roc_macro	pr_micro	pr_macro
0	0.5911582024113994	0.5911582024113994	0.4940200516719451	0.6726307629347551	0.5911582024113994	0.5042101873859787	0.5911582024113994	0.5911582024113994	0.48071285099721317	0.6134460317728636	0.7830729311629021	0.7443012684378145	0.5928764222111252	0.4605582330362744
1	0.5703324808184144	0.5703324808184144	0.48185425395569503	0.6687143865550196	0.5703324808184144	0.4791107302197194	0.5703324808184144	0.5703324808184144	0.45797984969803285	0.5943638190938597	0.7689621383970023	0.7256507217170293	0.571452120057452	0.45115288191095504
2	0.5878699305809281	0.5878699305809281	0.4978498013718461	0.6827094329420536	0.5878699305809281	0.5094179255163727	0.5878699305809281	0.5878699305809281	0.47915480403116323	0.6112323421372649	0.7804800114196684	0.7474940204405414	0.5947415356712284	0.47193419103591583
3	0.5926196565582755	0.5926196565582755	0.5029145923696733	0.6889911988968643	0.5926196565582755	0.5135881334510879	0.5926196565582755	0.5926196565582755	0.4841710836680565	0.6166075305677983	0.7702770644563842	0.7401308247305189	0.5739194756187148	0.4639667065774373
4	0.5842162952137376	0.5842162952137376	0.4963516075113056	0.6821137951755842	0.5842162952137376	0.5026955754226442	0.5842162952137376	0.5842162952137376	0.4736206858179751	0.6050678648422831	0.7735613315714366	0.7369231240947479	0.5783638575590091	0.45326170678974415
