Times	Accuary	Precision	Recall	MCC	AUROC	AUPR
0	0.7545340838023765	0.9299562226391495	0.6884259259259259	0.5436242888654956	0.9682267020389932	0.9688960014263184
1	0.7648530331457161	0.866166353971232	0.7202288091523661	0.5409270203424446	0.9473697796582525	0.9479535967134133
2	0.7701688555347092	0.9149468417761101	0.7095053346265762	0.564521187362592	0.9594548030918322	0.9571213260010274
3	0.758599124452783	0.957473420888055	0.6850111856823267	0.5637072263958771	0.9803261966809306	0.9796704834529226
4	0.758599124452783	0.9324577861163227	0.6918793503480278	0.5516196369329907	0.9745400600203146	0.9747710570793713
