Times	Accuary	Precision	Recall	MCC	AUROC	AUPR
0	0.7426516572858036	0.801125703564728	0.7172452407614781	0.48865646128365	0.8918738689479548	0.8971045024532134
1	0.7529706066291432	0.7873671044402751	0.7366881217086015	0.5071426566828562	0.8865277352441587	0.8974002290606169
2	0.7295184490306441	0.7535959974984365	0.7189737470167065	0.45957005890405966	0.8812414419424899	0.8962916509713985
3	0.7217010631644778	0.7617260787992496	0.7052692530399537	0.44482965278142905	0.8639284011544113	0.8847584731358376
4	0.7304565353345841	0.7554721701063164	0.7194758784991067	0.46149101809377235	0.8680081085700451	0.8821501351049577
