Times	Accuary	Precision	Recall	MCC	AUROC	AUPR
0	0.8648310387984981	0.7891865079365079	0.9956195244055068	0.755983441050344	0.9383659330107565	0.9221433110448204
1	0.867334167709637	0.7929141716566867	0.9943679599499374	0.7595932741645075	0.939131909254528	0.9235721632996567
2	0.8735919899874843	0.802738336713996	0.990613266583229	0.7685288276201409	0.9399382206481506	0.9234542515859067
3	0.8735919899874843	0.8052147239263804	0.9856070087609512	0.7666710405804268	0.9382887871416241	0.9229279606992207
4	0.8757822277847309	0.8059093224656139	0.9899874843554443	0.7719715927113434	0.9418985872515865	0.9265774405544702
