Times	Accuary	p_micro	p_macro	p_weigh	r_micro	r_macro	r_weigh	F1_micro	F1_macro	F1_weigh	roc_micro	roc_macro	pr_micro	pr_macro
0	0.5712198685171658	0.5712198685171658	0.4811646872422908	0.6647365783584689	0.5712198685171658	0.485154441695267	0.5712198685171658	0.5712198685171658	0.4594627009024877	0.5924244986743953	0.7724199432884012	0.7336073543255507	0.5903849281703141	0.45863218975811837
1	0.5766983199415632	0.5766983199415632	0.4890450966533927	0.6744647398704572	0.5766983199415632	0.4939111855090784	0.5766983199415632	0.5766983199415632	0.4662999765207315	0.5988556817139282	0.7707330106645054	0.7359882992589484	0.5789666857079911	0.4556829225341161
2	0.579254930606282	0.579254930606282	0.49359242026282146	0.6723445164044494	0.579254930606282	0.5040602450962416	0.579254930606282	0.579254930606282	0.47382937224785293	0.5993144678586954	0.7593137231362017	0.7289893805989509	0.553366240352308	0.452515896085721
3	0.5653761869978087	0.5653761869978087	0.4853193311915327	0.6671341783678998	0.5653761869978087	0.4950824142044511	0.5653761869978087	0.5653761869978087	0.4647171041731065	0.5913112009890141	0.7617236014764295	0.7340074899292435	0.5568462464279407	0.4507581212405651
4	0.5891161431701972	0.5891161431701972	0.49746117054135386	0.678779385436095	0.5891161431701972	0.4953623916837262	0.5891161431701972	0.5891161431701972	0.47412431383799436	0.6066199610916405	0.7694334069129244	0.7361600580949952	0.5847308603670114	0.46153010533064937
