Times	Accuary	p_micro	p_macro	p_weigh	r_micro	r_macro	r_weigh	F1_micro	F1_macro	F1_weigh	roc_micro	roc_macro	pr_micro	pr_macro
0	0.8092802338326635	0.8092802338326635	0.7280350621791347	0.8243534583908697	0.8092802338326635	0.7772808205499835	0.8092802338326635	0.8092802338326635	0.7444910409048924	0.8137097977322354	0.9556022119734139	0.946405366747744	0.8992560083478174	0.8235339847138554
