Times	Accuary	p_micro	p_macro	p_weigh	r_micro	r_macro	r_weigh	F1_micro	F1_macro	F1_weigh	roc_micro	roc_macro	pr_micro	pr_macro
0	0.8286445012787724	0.8286445012787724	0.7495141872218729	0.8472109104407338	0.8286445012787724	0.8065818223008869	0.8286445012787724	0.8286445012787724	0.7701962650324821	0.834159043670308	0.954449743869526	0.9495810539325851	0.8917504521717005	0.8347036677268926
1	0.8231640482279868	0.8231640482279868	0.7379436062085678	0.8381863855577931	0.8231640482279868	0.7949744448472363	0.8231640482279868	0.8231640482279867	0.7605874882144482	0.8280016409138414	0.9573905843889876	0.9501879902288357	0.8967428022848943	0.8370890152679494
2	0.8344903178662769	0.8344903178662769	0.764629872142459	0.8487945356857569	0.8344903178662769	0.8061680849925116	0.8344903178662769	0.834490317866277	0.7810436032598125	0.8381460042190044	0.9570758137570606	0.9512072270103421	0.8965855270831462	0.8410267872958234
3	0.824990865911582	0.824990865911582	0.7500823088528705	0.8461913423292476	0.824990865911582	0.8064656684202258	0.824990865911582	0.824990865911582	0.7693718190482605	0.831013940030167	0.9551238264682053	0.9508830861566908	0.8914074485710793	0.8417928432814691
4	0.8337595907928389	0.8337595907928389	0.7544393299634076	0.8520789584845114	0.8337595907928389	0.8200043482470442	0.8337595907928389	0.8337595907928389	0.7786021744775586	0.8387465760717554	0.9587189929902796	0.9533941692289204	0.9000219553254836	0.8398172772341537
