Times	Accuary	Precision	Recall	MCC	AUROC	AUPR
0	0.8870463078848561	0.8472768107804605	0.9443053817271589	0.7792189755921429	0.9477080236403138	0.9254422181690751
1	0.8914267834793492	0.8519977490151941	0.9474342928660826	0.7878116486977269	0.9478051412826733	0.9269888556944514
2	0.8857947434292867	0.8473239436619718	0.9411764705882353	0.7763666278218765	0.9509739959680514	0.931969040869939
3	0.8951814768460575	0.8541783510936624	0.9530663329161452	0.795713264966908	0.9502597113726324	0.9272686119371268
4	0.8792240300375469	0.8773349937733499	0.8817271589486858	0.7584575646005178	0.9482699745144509	0.9320617503879836
