Times	Accuary	p_micro	p_macro	p_weigh	r_micro	r_macro	r_weigh	F1_micro	F1_macro	F1_weigh	roc_micro	roc_macro	pr_micro	pr_macro
0	0.8155588020452885	0.8155588020452885	0.7186445843862105	0.8400023771969305	0.8155588020452885	0.7845017936765084	0.8155588020452885	0.8155588020452885	0.741870280707609	0.8231159134871536	0.9520494326083335	0.9471878209313662	0.889338878436711	0.830942457822688
1	0.8323593864134404	0.8323593864134404	0.744726452288984	0.8522990094207726	0.8323593864134404	0.8130455613247536	0.8323593864134404	0.8323593864134405	0.7701466198203333	0.8384317611695158	0.9580743063162662	0.953267977319932	0.904092024404101	0.8506877739125493
2	0.8195763330898466	0.8195763330898466	0.7429075121368363	0.8387650613482404	0.8195763330898466	0.7594141160076191	0.8195763330898466	0.8195763330898466	0.7395052146499483	0.8231884228743359	0.9516537444399565	0.9451781142822918	0.8851213760203631	0.802412289874531
3	0.8137326515704895	0.8137326515704895	0.7200555679469539	0.8351455035671059	0.8137326515704895	0.7824673999564254	0.8137326515704895	0.8137326515704894	0.7431624478532453	0.8205017628579617	0.9546538202071932	0.9466232198430414	0.8952010303385405	0.8169563300283208
4	0.8100803506208911	0.8100803506208911	0.7190761662239293	0.8405448331155839	0.8100803506208911	0.7810145111988834	0.8100803506208911	0.8100803506208911	0.7386291299280163	0.8185866995157617	0.9503446253194541	0.9458578354038535	0.8834049603575561	0.8197713946150956
