Times	Accuary	p_micro	p_macro	p_weigh	r_micro	r_macro	r_weigh	F1_micro	F1_macro	F1_weigh	roc_micro	roc_macro	pr_micro	pr_macro
0	0.5439755973563802	0.5439755973563802	0.4785002177751496	0.572949325709244	0.5439755973563802	0.5016204942428524	0.5439755973563802	0.5439755973563802	0.474739478814867	0.5487354813396	0.7750330030316352	0.751238932166779	0.524023838592025	0.4498173788117139
1	0.556176919166243	0.556176919166243	0.4899037811840816	0.5796231026372152	0.556176919166243	0.511278785737907	0.556176919166243	0.556176919166243	0.4897804599598915	0.5598426734313396	0.7852773611565927	0.763698118804182	0.5383515543692576	0.47602723236263983
2	0.543467208947636	0.543467208947636	0.47591626560459316	0.5730515147186511	0.543467208947636	0.4984767609656375	0.543467208947636	0.543467208947636	0.4771630536430398	0.5513572664536556	0.7769260412464019	0.7494108461851112	0.5139047840807552	0.4442130617439758
3	0.5571936959837316	0.5571936959837316	0.4832068576748122	0.5765715892666821	0.5571936959837316	0.49786121215765267	0.5571936959837316	0.5571936959837316	0.4792942769152636	0.5589984135359505	0.7863234299684845	0.7574296420501735	0.5541421920508602	0.4671046385629465
4	0.5455007625826132	0.5455007625826132	0.4857666346322153	0.5722871521075131	0.5455007625826132	0.5165760755193458	0.5455007625826132	0.5455007625826132	0.4900584161108358	0.5502895546225284	0.7747057080706422	0.7550323399927399	0.5182017102221813	0.4544448683586051
