Times	Accuary	Precision	Recall	MCC	AUROC	AUPR
0	0.6074197002141327	0.02453756134390336	0.6495360456816559	0.06367521326984543	0.6832208259036797	0.0313742639392289
1	0.686627408993576	0.025731790333560246	0.5396145610278372	0.05981037086476638	0.6611078865418261	0.026156970836567112
2	0.7305888650963598	0.028307130379545815	0.5089221984296931	0.06652534229857439	0.6725914626248265	0.028323801695948482
3	0.7504389721627409	0.027722686901784945	0.45895788722341185	0.060161105255258626	0.6642636248435776	0.028134560310721007
4	0.6152141327623126	0.024610471838352695	0.6381156316916489	0.06307693751803867	0.6726126627745752	0.028402100603722422
