Times	Accuary	p_micro	p_macro	p_weigh	r_micro	r_macro	r_weigh	F1_micro	F1_macro	F1_weigh	roc_micro	roc_macro	pr_micro	pr_macro
0	0.5147657841140529	0.5147657841140529	0.4552079811822972	0.5832534402675585	0.5147657841140529	0.4644749551726296	0.5147657841140529	0.5147657841140529	0.44192310244219946	0.5312708836248075	0.7393598175163811	0.7005472092931271	0.5047977683769407	0.42539723763643444
1	0.5157841140529531	0.5157841140529531	0.4310801995471326	0.5570156319499938	0.5157841140529531	0.4372784820459239	0.5157841140529531	0.5157841140529531	0.4234277261177284	0.525285389294528	0.7459094833963136	0.6977683003867493	0.5086594384641152	0.41051992065537235
2	0.5081466395112016	0.5081466395112016	0.442987716433965	0.5689685826343595	0.5081466395112016	0.44592708081080173	0.5081466395112016	0.5081466395112016	0.4261503839283003	0.5180259852116298	0.7407494783910802	0.6982011522475351	0.5046114008070142	0.4175974445325332
3	0.5168024439918534	0.5168024439918534	0.4419498005053656	0.5654081131132533	0.5168024439918534	0.450927883486023	0.5168024439918534	0.5168024439918534	0.43406282314373634	0.5285554682976132	0.7471974322599735	0.7008866365826482	0.5028955344759971	0.412459051905157
4	0.5162932790224033	0.5162932790224033	0.4441008544727201	0.5599141470907325	0.5162932790224033	0.457313210220187	0.5162932790224033	0.5162932790224033	0.44151180213418206	0.5296895173210557	0.7472943913733006	0.7116656993966738	0.526382475914558	0.4358030794788542
