Times	Accuary	p_micro	p_macro	p_weigh	r_micro	r_macro	r_weigh	F1_micro	F1_macro	F1_weigh	roc_micro	roc_macro	pr_micro	pr_macro
0	0.5432790224032586	0.5432790224032586	0.4765930295683163	0.575706732713444	0.5432790224032586	0.4962101938846125	0.5432790224032586	0.5432790224032586	0.4633990382629342	0.5463321555481299	0.7714674563044509	0.744869735153644	0.5021885837278435	0.43851929807697865
1	0.5463340122199593	0.5463340122199593	0.47956884497266217	0.5761264090239478	0.5463340122199593	0.5008872282128096	0.5463340122199593	0.5463340122199593	0.4757740173801454	0.5522311401533854	0.7809174267846353	0.7581188868423353	0.5099069691836144	0.44973426770219627
2	0.530040733197556	0.530040733197556	0.464218849372614	0.5541854300712327	0.530040733197556	0.47208898720526626	0.530040733197556	0.530040733197556	0.44767560249548033	0.5290087201648938	0.7744213390243667	0.7458013649317166	0.5133105998039669	0.447524827797696
3	0.5376782077393075	0.5376782077393075	0.4694832701922238	0.5587521593917244	0.5376782077393075	0.4963285317936481	0.5376782077393075	0.5376782077393075	0.4686003483263105	0.5401090056893875	0.7723374094184112	0.7431118408886677	0.5030702928917311	0.4503787247176546
4	0.5468431771894093	0.5468431771894093	0.48656419986588795	0.5686545295435318	0.5468431771894093	0.508629756304175	0.5468431771894093	0.5468431771894093	0.4849920504861701	0.5502099256660768	0.7888615928533009	0.7657265606115171	0.535612110198402	0.46823995848011446
