Times	Accuary	p_micro	p_macro	p_weigh	r_micro	r_macro	r_weigh	F1_micro	F1_macro	F1_weigh	roc_micro	roc_macro	pr_micro	pr_macro
0	0.655821047280122	0.655821047280122	0.590626682756141	0.6773069170840492	0.655821047280122	0.6195716336469952	0.655821047280122	0.655821047280122	0.5978905310227209	0.6593635412501097	0.8662519781788427	0.8481287859646881	0.7238530204769669	0.6206448715121248
1	0.6349771225216065	0.6349771225216065	0.5578270459177479	0.6543325074367691	0.6349771225216065	0.5879691398851576	0.6349771225216065	0.6349771225216065	0.5647681090571643	0.6379869637284846	0.8599190920653415	0.836614182070299	0.7173831287807029	0.6039488112800616
2	0.6329435688866294	0.6329435688866294	0.5584424389426597	0.6544818610289242	0.6329435688866294	0.5863964465021195	0.6329435688866294	0.6329435688866294	0.5667190595132017	0.6389820395338954	0.8640101067719042	0.8432377861761058	0.7254595257427182	0.6200901959410475
3	0.6568378240976106	0.6568378240976106	0.5933255646455133	0.6716550149709258	0.6568378240976106	0.6104017226347593	0.6568378240976106	0.6568378240976106	0.5975005940088511	0.6595867962955648	0.8687002289169362	0.84748338469765	0.7332609256452468	0.6288445195529957
4	0.6420945602440264	0.6420945602440264	0.5763780919477808	0.6634325403159357	0.6420945602440264	0.6060581577127739	0.6420945602440264	0.6420945602440264	0.5845887332533051	0.646879214086125	0.8657178300456085	0.8470270220372074	0.7247202452033139	0.6285040711022741
