Times	Accuary	p_micro	p_macro	p_weigh	r_micro	r_macro	r_weigh	F1_micro	F1_macro	F1_weigh	roc_micro	roc_macro	pr_micro	pr_macro
0	0.7494908350305499	0.7494908350305499	0.6811276345163388	0.7683107794973877	0.7494908350305499	0.7243717592554801	0.7494908350305499	0.7494908350305499	0.6968147193700043	0.7556226045205837	0.9214804878858143	0.9150043807891987	0.8289224926669614	0.7690209949604453
1	0.75	0.75	0.6836407210451854	0.7826028095171119	0.75	0.7330465470000354	0.75	0.75	0.6984542902170603	0.7594279650347989	0.9217256509914373	0.9159269642928138	0.822263688001483	0.7545649888689966
2	0.7566191446028513	0.7566191446028513	0.6932425495097325	0.7735014337566086	0.7566191446028513	0.7278461865671169	0.7566191446028513	0.7566191446028512	0.7056488978449745	0.762131271120511	0.9265446571899071	0.9180023380653456	0.8351945182318034	0.7740772662332018
3	0.7403258655804481	0.7403258655804481	0.6717410229867313	0.7751745795347957	0.7403258655804481	0.7261983895704825	0.7403258655804481	0.7403258655804481	0.686942641557515	0.7504295392886332	0.9154322527145095	0.9109465310565121	0.8109006291237301	0.7501083263212573
4	0.7515274949083504	0.7515274949083504	0.6817327910855868	0.7765217148915874	0.7515274949083504	0.7192725721795489	0.7515274949083504	0.7515274949083502	0.6935856961231718	0.7586788187074127	0.9179361224374103	0.9100092624577522	0.8152953102553158	0.7469895609686289
