Times	Accuary	p_micro	p_macro	p_weigh	r_micro	r_macro	r_weigh	F1_micro	F1_macro	F1_weigh	roc_micro	roc_macro	pr_micro	pr_macro
0	0.5114387391967463	0.5114387391967463	0.4423738059542237	0.5534490569448538	0.5114387391967463	0.4583914559721012	0.5114387391967463	0.5114387391967463	0.4391952195950643	0.5216396278291683	0.7423726015779597	0.7006377720121505	0.5043019512464019	0.41897081087295285
1	0.49466192170818507	0.49466192170818507	0.42532938181031216	0.5555722003740605	0.49466192170818507	0.43355098006794335	0.49466192170818507	0.49466192170818507	0.4111426356400046	0.5073000808803301	0.7379068647253483	0.6906923850999434	0.510901762590196	0.41257394656949326
2	0.5033045246568378	0.5033045246568378	0.42310722979050164	0.5444275907199779	0.5033045246568378	0.43134361001713617	0.5033045246568378	0.5033045246568378	0.4184417113372825	0.5151460359555804	0.7389531058430895	0.6879254925780394	0.5000214426249217	0.4092686102718942
3	0.5149974580579563	0.5149974580579563	0.44608966998826527	0.568542722598729	0.5149974580579563	0.44898438204611735	0.5149974580579563	0.5149974580579563	0.4338235852412413	0.5262680880658824	0.739781121602527	0.6937598388414499	0.5130206821182786	0.416840863109174
4	0.514489069649212	0.514489069649212	0.446385866847113	0.5647801248304454	0.514489069649212	0.454013130204732	0.514489069649212	0.514489069649212	0.43747769234350786	0.5268304406611883	0.7429292356245445	0.7003826312271916	0.5169385242478522	0.41929252483736323
