Times	Accuary	Precision	Recall	MCC	AUROC	AUPR
0	0.7338371116708649	0.7867338371116709	0.7114654517843584	0.4703135636546488	0.9363361229371419	0.9473161829754011
1	0.7157850545759865	0.8161209068010076	0.6797202797202797	0.4405311532784867	0.9378609935557826	0.9461910987599389
2	0.7099076406381192	0.8043660789252729	0.6765536723163842	0.42751348133718003	0.939793342314772	0.9463475413904127
3	0.7208228379513014	0.8068849706129303	0.6883954154727794	0.448336995957938	0.9377143578236156	0.9458406070234052
4	0.7120067170445005	0.7825356842989085	0.6857983811626196	0.4282958170647902	0.9305087625424663	0.9389753047955887
