Times	Accuary	p_micro	p_macro	p_weigh	r_micro	r_macro	r_weigh	F1_micro	F1_macro	F1_weigh	roc_micro	roc_macro	pr_micro	pr_macro
0	0.7595322826639552	0.7595322826639552	0.6912397911929968	0.7699798316922373	0.7595322826639552	0.7137601088296306	0.7595322826639552	0.7595322826639551	0.7001369052017569	0.7630726247951938	0.9220801503058385	0.9090329472094023	0.8208910859170193	0.7483684002703953
1	0.7473309608540926	0.7473309608540926	0.6749832535885167	0.7620265724161585	0.7473309608540926	0.7080094248865105	0.7473309608540926	0.7473309608540926	0.6874281877398345	0.7525308047677686	0.920873880130439	0.9101017435884201	0.819688108115441	0.7515670682005438
2	0.755465175394001	0.755465175394001	0.689821429482331	0.7733343799956965	0.755465175394001	0.7329997294290954	0.755465175394001	0.755465175394001	0.7058577785081476	0.7612602805871312	0.9234999074286825	0.9123251133147774	0.8286434952383058	0.7589132998695544
3	0.7417386883579055	0.7417386883579055	0.6714936823008859	0.7478761556965476	0.7417386883579055	0.6868970402549379	0.7417386883579055	0.7417386883579055	0.6780921400599568	0.7441380774357156	0.9174710119100388	0.9026661159226694	0.81469882845551	0.7244023105625754
4	0.7249618708693442	0.7249618708693442	0.6627646124410005	0.7388756145730232	0.7249618708693442	0.6888132083696601	0.7249618708693442	0.724961870869344	0.6729244675190198	0.7298109124266406	0.9143199686885809	0.9012087679707387	0.8038926457185538	0.73938628903113
