Times	Accuary	p_micro	p_macro	p_weigh	r_micro	r_macro	r_weigh	F1_micro	F1_macro	F1_weigh	roc_micro	roc_macro	pr_micro	pr_macro
0	0.6817488561260803	0.6817488561260803	0.6120741602414272	0.7066942639740169	0.6817488561260803	0.6519532588762289	0.6817488561260803	0.6817488561260803	0.6194142695835841	0.6870587550026185	0.8883825968679794	0.8746830721427415	0.7438732592244294	0.6331185761638514
1	0.6802236908998475	0.6802236908998475	0.6145339282438406	0.7082896162014966	0.6802236908998475	0.6563773186423353	0.6802236908998475	0.6802236908998475	0.6244943638562201	0.6862667582721365	0.8879880164727838	0.8766283674021983	0.7355577093062962	0.6389972864080066
2	0.6908998474834773	0.6908998474834773	0.629795408880852	0.7210942725964959	0.6908998474834773	0.6561920151519707	0.6908998474834773	0.6908998474834773	0.6199848938754595	0.6941228101376193	0.8873652169800177	0.8757096281924105	0.7435414065467457	0.637619827744502
3	0.6919166243009659	0.6919166243009659	0.6443767522958771	0.7289629793881617	0.6919166243009659	0.6506645522051528	0.6919166243009659	0.6919166243009659	0.6182017925335739	0.6939346642108072	0.8938862610810968	0.8777838326631319	0.7541561935721757	0.6396828814858525
4	0.7005592272496187	0.7005592272496187	0.6326599528745128	0.7274642149085114	0.7005592272496187	0.6818590851697081	0.7005592272496187	0.7005592272496187	0.6458782912981256	0.7072462479870252	0.8846357630956537	0.8784971842813862	0.7441422845705223	0.6506986349264627
