Times	Accuary	p_micro	p_macro	p_weigh	r_micro	r_macro	r_weigh	F1_micro	F1_macro	F1_weigh	roc_micro	roc_macro	pr_micro	pr_macro
0	0.6990835030549898	0.6990835030549898	0.6324512210533599	0.7253916987035645	0.6990835030549898	0.6730773434261805	0.6990835030549898	0.6990835030549898	0.6453023538037799	0.7071932366945307	0.8925849869960718	0.8816190104522219	0.7439507305458747	0.6492417610659885
1	0.7021384928716904	0.7021384928716904	0.6519397578671715	0.7377757217252228	0.7021384928716904	0.6649625236834539	0.7021384928716904	0.7021384928716904	0.6378695251702822	0.7053741526460402	0.8967178043893961	0.8824280954680572	0.7532001191289697	0.6432304051190371
2	0.6939918533604889	0.6939918533604889	0.6319060804574524	0.7161760554043355	0.6939918533604889	0.6739319204435483	0.6939918533604889	0.6939918533604889	0.6439181872369699	0.7006879207603919	0.90022613423151	0.8887245670515012	0.7596086778816191	0.6585170846220407
3	0.6889002036659878	0.6889002036659878	0.629686089795162	0.7175279025827332	0.6889002036659878	0.6617830908528584	0.6889002036659878	0.6889002036659878	0.6264667458725759	0.6931841938217652	0.8942508776441666	0.8858613624682861	0.742050013179387	0.648577105738539
4	0.714867617107943	0.714867617107943	0.6514341328995448	0.7382099706644947	0.714867617107943	0.6970739767251395	0.714867617107943	0.714867617107943	0.6670213106502291	0.7219645750666137	0.899532513622669	0.8901222466013068	0.7571818600822912	0.6707030374075369
