Times	Accuary	Precision	Recall	MCC	AUROC	AUPR
0	0.7178841309823678	0.7691015952980689	0.6976389946686976	0.438072652314012	0.9263479736422272	0.936585191919661
1	0.7397145256087322	0.8228379513014273	0.7055435565154787	0.4861948576630596	0.9387986162662737	0.9468211831541603
2	0.7178841309823678	0.781696053736356	0.6932241250930752	0.4393610745691917	0.9293053625674224	0.9377234276529934
3	0.7216624685138538	0.8127623845507976	0.6875	0.4508718453669053	0.9348606008822113	0.9410209906240916
4	0.7371956339210747	0.7632241813602015	0.7254588986432562	0.47503536343758607	0.930510877480911	0.9398638572995829
