Times	Accuary	p_micro	p_macro	p_weigh	r_micro	r_macro	r_weigh	F1_micro	F1_macro	F1_weigh	roc_micro	roc_macro	pr_micro	pr_macro
0	0.6365022877478393	0.6365022877478393	0.5608384849526774	0.6608330923660405	0.6365022877478393	0.5863232044614136	0.6365022877478393	0.6365022877478393	0.5661260602887368	0.6414870348306451	0.8539216854406813	0.8305699422973467	0.7070771217506727	0.5978061003638844
1	0.6471784443314692	0.6471784443314692	0.5893415351919096	0.6630305500565822	0.6471784443314692	0.6156063794606621	0.6471784443314692	0.6471784443314692	0.5945001144259031	0.6479523394711737	0.8640070914195391	0.8429689973625433	0.7231665643566167	0.6253158796538112
2	0.6527707168276563	0.6527707168276563	0.5868984767929254	0.6679816371240206	0.6527707168276563	0.6069334921684755	0.6527707168276563	0.6527707168276563	0.5912253923164159	0.6542199176016628	0.8689985764952249	0.8513494882501895	0.7308629295809077	0.636313442900247
3	0.6497203863751907	0.6497203863751907	0.5813339174789458	0.6658555162029521	0.6497203863751907	0.6009492153443766	0.6497203863751907	0.6497203863751907	0.5860974236704489	0.6532297542827714	0.867243555265852	0.8467896124890482	0.7327351891891501	0.6266858810567524
4	0.6278596847991865	0.6278596847991865	0.5570907035260142	0.6629705660504402	0.6278596847991865	0.5787068965517241	0.6278596847991865	0.6278596847991865	0.5579367905508794	0.634513081276613	0.8599386918557141	0.8348022256982739	0.7182215498666153	0.617374498845185
