Times	Accuary	p_micro	p_macro	p_weigh	r_micro	r_macro	r_weigh	F1_micro	F1_macro	F1_weigh	roc_micro	roc_macro	pr_micro	pr_macro
0	0.6680223690899848	0.6680223690899848	0.5860434981730875	0.701609028683857	0.6680223690899848	0.6163371463788594	0.6680223690899848	0.6680223690899848	0.5927565326915378	0.6792295071139354	0.8779227702783092	0.8587643002476	0.7154801799790679	0.5796270467492466
1	0.6629384850025419	0.6629384850025419	0.5937193544805377	0.7034723035097996	0.6629384850025419	0.6089557842046719	0.6629384850025419	0.6629384850025419	0.5698885740322537	0.663691024585435	0.8775764785974166	0.8576650803901535	0.7141051465670833	0.5883881946879396
2	0.6614133197763091	0.6614133197763091	0.5958659612053163	0.7033446194622658	0.6614133197763091	0.6259988575895139	0.6614133197763091	0.6614133197763091	0.5994001072555196	0.6715432064290918	0.8807379893992272	0.8630563313311538	0.7195677827887322	0.5909616162190825
3	0.6736146415861718	0.6736146415861718	0.5980969446223883	0.7074233606890065	0.6736146415861718	0.6346111670625019	0.6736146415861718	0.6736146415861718	0.6047268875414624	0.6844269654829993	0.8782773326399747	0.8618006114381256	0.7165705725494289	0.5873252855388423
4	0.6537874936451449	0.6537874936451449	0.5909706124867239	0.6973052236397155	0.6537874936451449	0.6122645281544058	0.6537874936451449	0.6537874936451449	0.5727734499394104	0.6623500829908943	0.8759413391627848	0.8582736406206152	0.7121432096081174	0.5839109492573991
