Times	Accuary	p_micro	p_macro	p_weigh	r_micro	r_macro	r_weigh	F1_micro	F1_macro	F1_weigh	roc_micro	roc_macro	pr_micro	pr_macro
0	0.838840874428063	0.838840874428063	0.8084724350506814	0.8457174456755776	0.838840874428063	0.8316759236990049	0.838840874428063	0.8388408744280631	0.8168646478179008	0.8382732319124884	0.963706142022924	0.9597632305016239	0.9166266240170273	0.9070788908187177
1	0.836807320793086	0.836807320793086	0.8177994116215704	0.8422803206000363	0.836807320793086	0.8350482142320296	0.836807320793086	0.836807320793086	0.8234879122312071	0.8355000701382531	0.9644547678622367	0.9607997933752259	0.9157637953456462	0.9109526261970763
2	0.8530757498729029	0.8530757498729029	0.8371281603441278	0.8567269813532087	0.8530757498729029	0.8409156570363467	0.8530757498729029	0.8530757498729029	0.8370907862556181	0.8519855999079831	0.9669572518664384	0.9618180021898748	0.9257638428685081	0.9159443343685448
3	0.8408744280630401	0.8408744280630401	0.8175953484542273	0.8446385351568174	0.8408744280630401	0.8346837326759462	0.8408744280630401	0.8408744280630401	0.8238701017760565	0.8396945247708382	0.9640840518271873	0.9581396656293341	0.9170913135154104	0.9036182297259798
4	0.8317234367056431	0.8317234367056431	0.8024902112309149	0.8358649210890307	0.8317234367056431	0.8261310239605568	0.8317234367056431	0.8317234367056431	0.8120137640675873	0.8311308861155268	0.9634098621148286	0.9603898470852501	0.9143430927882581	0.9047753796917171
