Times	Accuary	p_micro	p_macro	p_weigh	r_micro	r_macro	r_weigh	F1_micro	F1_macro	F1_weigh	roc_micro	roc_macro	pr_micro	pr_macro
0	0.6466395112016293	0.6466395112016293	0.5766333320832511	0.6753835684323778	0.6466395112016293	0.6022977145070169	0.6466395112016293	0.6466395112016293	0.5818140249153332	0.6534438283489551	0.8669166172365304	0.8478202772006221	0.7323161955497893	0.630367484583263
1	0.6685336048879837	0.6685336048879837	0.5898071871493752	0.680128117537188	0.6685336048879837	0.6078636776311195	0.6685336048879837	0.6685336048879837	0.5940962119965503	0.6702350883967213	0.8769559902411775	0.8524393840314419	0.7509768933671942	0.6468502714387127
2	0.6425661914460286	0.6425661914460286	0.5802252417786303	0.6635897412283328	0.6425661914460286	0.6056147585217353	0.6425661914460286	0.6425661914460286	0.5860005537573771	0.6459569480002587	0.8647591041323593	0.8424529786836586	0.7221304352076137	0.6105875094275263
3	0.6328920570264766	0.6328920570264766	0.5569735452706229	0.6470792663715884	0.6328920570264766	0.5752105548617177	0.6328920570264766	0.6328920570264766	0.5624757672147301	0.63624227929287	0.8617126263233795	0.8357261028085071	0.71512931199807	0.6030171773478822
4	0.6496945010183299	0.6496945010183299	0.5841068474101971	0.672023113657646	0.6496945010183299	0.6210834210834211	0.6496945010183299	0.6496945010183299	0.5960331985978606	0.6562119600182664	0.8665264043343662	0.8504257134471609	0.7343642141588763	0.647642851069465
