Times	Accuary	Precision	Recall	MCC	AUROC	AUPR
0	0.6511335012594458	0.6742233417296389	0.64446227929374	0.3025898206357418	0.8020692557743108	0.8253553672497258
1	0.6490344248530646	0.6591099916036943	0.6460905349794238	0.2981293862810999	0.7998979189710683	0.8189816343708557
2	0.6628883291351805	0.6809403862300588	0.6572123176661264	0.3259891921597669	0.7960846849552444	0.8129002466874424
3	0.6696053736356004	0.6591099916036943	0.6732418524871355	0.33928550216828224	0.8104951705380614	0.8380636014266569
4	0.6624685138539043	0.6792611251049538	0.6571892770105605	0.32512044203627727	0.7982461520457447	0.8188861243654041
