Times	Accuary	p_micro	p_macro	p_weigh	r_micro	r_macro	r_weigh	F1_micro	F1_macro	F1_weigh	roc_micro	roc_macro	pr_micro	pr_macro
0	0.5500762582613117	0.5500762582613117	0.4878305040404809	0.5821378372333305	0.5500762582613117	0.5096814403391156	0.5500762582613117	0.5500762582613117	0.47857223519256575	0.5536537773421704	0.7800283219124708	0.7547551264250009	0.5300893738149276	0.4699667193471613
1	0.5424504321301474	0.5424504321301474	0.4831610493974624	0.5665868512788341	0.5424504321301474	0.4954426089047891	0.5424504321301474	0.5424504321301474	0.4685880676077526	0.5423919725439517	0.782504098510011	0.76259442044155	0.5382274791313953	0.47188725890349537
2	0.5531265887137773	0.5531265887137773	0.480614661786936	0.5670298502516296	0.5531265887137773	0.4956955175420137	0.5531265887137773	0.5531265887137773	0.4749032431200958	0.5528628644149508	0.7893610097880923	0.7597803730588311	0.5356836868778834	0.4573389037422775
3	0.5632943568886629	0.5632943568886629	0.508142230706938	0.5950928383395047	0.5632943568886629	0.5239011063343656	0.5632943568886629	0.5632943568886629	0.4928857756448528	0.5662678923212684	0.7829825918538791	0.7656888743669659	0.5323481647184998	0.47533262757364536
4	0.556176919166243	0.556176919166243	0.49383202606857957	0.5878651531095634	0.556176919166243	0.5096361948711782	0.556176919166243	0.556176919166243	0.48486496558380565	0.5618126505208453	0.7860719495812408	0.7693188696436055	0.5352868736208398	0.472541920577503
