Times	Accuary	Precision	Recall	MCC	AUROC	AUPR
0	0.8018471872376155	0.7477601654031703	0.9109991603694374	0.6186148536127909	0.8787287246004706	0.85176690367465
1	0.8039462636439967	0.756011315417256	0.8975650713685979	0.6188368727930584	0.8804009359307596	0.8507163926425645
2	0.8068849706129303	0.7491479209270621	0.9227539882451721	0.6309453921408623	0.8822959207772257	0.8548439584119543
3	0.7959697732997482	0.7314510833880499	0.9353484466834593	0.6163715481928049	0.8802973039469685	0.851755793542402
4	0.8022670025188917	0.7390438247011952	0.9345088161209067	0.6268562458279183	0.8787280196209889	0.8465971533318432
