Times	Accuary	Precision	Recall	MCC	AUROC	AUPR
0	0.6603694374475231	0.6616288832913518	0.6599664991624791	0.320739892414354	0.7903539067495441	0.8059154369393837
1	0.6675062972292192	0.6381192275398825	0.6779661016949152	0.33559273157350444	0.7962052364465932	0.8158052967720212
2	0.6876574307304786	0.7220822837951302	0.6755695208169678	0.37620758568859103	0.830046366500503	0.8489249544159987
3	0.6498740554156172	0.6792611251049538	0.6415543219666932	0.3002671808815566	0.8106044423577052	0.8231433685337737
4	0.6570109151973131	0.6759026028547439	0.651294498381877	0.3142462168550599	0.7971823380080523	0.815420028996884
