Times	Accuary	p_micro	p_macro	p_weigh	r_micro	r_macro	r_weigh	F1_micro	F1_macro	F1_weigh	roc_micro	roc_macro	pr_micro	pr_macro
0	0.6786985256736147	0.6786985256736147	0.6024493297721736	0.7078264751803269	0.6786985256736147	0.633615127919911	0.6786985256736147	0.6786985256736147	0.6068601749905369	0.6867869989316772	0.887676401344089	0.8738338053569291	0.738123398204481	0.6214310480349583
1	0.681240467717336	0.681240467717336	0.6133448152610315	0.7115557128074528	0.681240467717336	0.6586073865856958	0.681240467717336	0.681240467717336	0.6270477507357457	0.6907858844776017	0.8808744987084385	0.8698710850879774	0.7292255800753499	0.615982518470958
2	0.6654804270462633	0.6654804270462633	0.6256091848146111	0.7270673674944926	0.6654804270462633	0.6559990454859754	0.6654804270462633	0.6654804270462633	0.6176009807707721	0.6728954967146779	0.8801147160653753	0.866690200094977	0.7214274602064223	0.6168512796983759
3	0.6670055922724962	0.6670055922724962	0.6061346764807924	0.7109754231189789	0.6670055922724962	0.6059113354177315	0.6670055922724962	0.6670055922724962	0.5670458743100908	0.6670029079887093	0.8843676982704025	0.8687081946046165	0.7323756015906865	0.6188024539522966
4	0.6725978647686833	0.6725978647686833	0.6077962425001899	0.7055041612017905	0.6725978647686833	0.6468846015091844	0.6725978647686833	0.6725978647686833	0.6175514619681394	0.6821690651746666	0.8817703598960892	0.866386109400142	0.7235346261570688	0.6007299437924032
