Times	Accuary	Precision	Recall	MCC	AUROC	AUPR
0	0.7298657718120806	0.7760067114093959	0.7104454685099847	0.46170165996672435	0.9296801101301743	0.9381909623087004
1	0.7244127516778524	0.7625838926174496	0.7084957131722526	0.4501391581122889	0.9183785358767623	0.9258319131566632
2	0.7088926174496645	0.802013422818792	0.6760961810466761	0.42522498147280313	0.9308477095626322	0.940124848659551
3	0.7139261744966443	0.8087248322147651	0.6798307475317349	0.4357561221771592	0.9371896254673213	0.9470368223217074
4	0.7361577181208053	0.7885906040268457	0.7137433561123766	0.47493403969839065	0.9392031890455386	0.946799045198714
