Times	Accuary	p_micro	p_macro	p_weigh	r_micro	r_macro	r_weigh	F1_micro	F1_macro	F1_weigh	roc_micro	roc_macro	pr_micro	pr_macro
0	0.6964921199796644	0.6964921199796644	0.6274247061698943	0.7221175059512724	0.6964921199796644	0.6662358701860926	0.6964921199796644	0.6964921199796644	0.6379009238855524	0.7039930449811226	0.8879933148776538	0.8754999840608555	0.7375165105956955	0.6209809690596209
1	0.6537874936451449	0.6537874936451449	0.585585063565488	0.680147840555399	0.6537874936451449	0.6252752307368548	0.6537874936451449	0.6537874936451449	0.5942160348245245	0.6567863744748629	0.8817154804830457	0.8675626444104819	0.7149589031151619	0.6079520964514096
2	0.6614133197763091	0.6614133197763091	0.6004214296910467	0.7193363220045617	0.6614133197763091	0.6196936536091152	0.6614133197763091	0.6614133197763091	0.5925701089845827	0.6719539500373927	0.8796827883773156	0.8643106886354677	0.723697844327893	0.599205505819774
3	0.6705643111337062	0.6705643111337062	0.7431656676656676	0.7617296954866858	0.6705643111337062	0.5978989041878363	0.6705643111337062	0.6705643111337062	0.5150818089946336	0.6526640156973992	0.8803999253226449	0.8581147851993909	0.7234187678551006	0.5680126172643482
4	0.6746314184036604	0.6746314184036604	0.6003954694492932	0.7023804865810284	0.6746314184036604	0.641313584162583	0.6746314184036604	0.6746314184036604	0.6119621129259039	0.6823952106687887	0.8828130687439172	0.8683132752708003	0.7256966094307546	0.6089038051853259
