Times	Accuary	p_micro	p_macro	p_weigh	r_micro	r_macro	r_weigh	F1_micro	F1_macro	F1_weigh	roc_micro	roc_macro	pr_micro	pr_macro
0	0.7473309608540926	0.7473309608540926	0.6763420633628419	0.771220940652295	0.7473309608540926	0.7157583501187506	0.7473309608540926	0.7473309608540926	0.6878110208201758	0.7545961091159298	0.9218432728393342	0.9140486697508232	0.8256051085792406	0.7538162946718945
1	0.7061514997458058	0.7061514997458058	0.6306974737297346	0.743077920485751	0.7061514997458058	0.6774166491296636	0.7061514997458058	0.7061514997458058	0.6416628046420912	0.718184090572033	0.9080277467555454	0.8985110533170759	0.7974387818444939	0.7216729744129902
2	0.7447890188103711	0.7447890188103711	0.6723390202168389	0.754102421561553	0.7447890188103711	0.6931636878814299	0.7447890188103711	0.7447890188103711	0.681267469988419	0.7485055384665166	0.9174399537806789	0.9033306875914475	0.8153470348037462	0.7319315981360226
3	0.7422470767666497	0.7422470767666497	0.6709194428091416	0.7664098798354346	0.7422470767666497	0.7209125003757929	0.7422470767666497	0.7422470767666497	0.6880401365673998	0.7496574702221573	0.9181368878651625	0.9100717571173611	0.8160878915008803	0.7501965911455365
4	0.746314184036604	0.746314184036604	0.6726625275583904	0.7675130208065902	0.746314184036604	0.7079952950726032	0.746314184036604	0.746314184036604	0.6843278478953585	0.7532440262147997	0.9201273650377819	0.9087335101883287	0.8228544425413951	0.7340446206689536
