Times	Accuary	Precision	Recall	MCC	AUROC	AUPR
0	0.8211586901763224	0.8272027373823782	0.8119227539882452	0.6424269909824916	0.8984709700024182	0.8699562225286512
1	0.8282955499580185	0.7722841225626741	0.9311502938706969	0.6709404334285763	0.9048425745568676	0.8689724146914162
2	0.8131821998320738	0.7993579454253612	0.836272040302267	0.6270333505396205	0.897200596976625	0.8653756678064314
3	0.8295549958018472	0.8021555042340262	0.874895046179681	0.6618367106943631	0.9062285642176385	0.8812359097814499
4	0.818639798488665	0.7655703289013296	0.9185558354324097	0.6503980210648369	0.9001029975022578	0.8728263549828301
