Times	Accuary	p_micro	p_macro	p_weigh	r_micro	r_macro	r_weigh	F1_micro	F1_macro	F1_weigh	roc_micro	roc_macro	pr_micro	pr_macro
0	0.6822810590631364	0.6822810590631364	0.6120984556394539	0.7201385579573283	0.6822810590631364	0.6382569522104407	0.6822810590631364	0.6822810590631364	0.611959172535198	0.6920905313341248	0.8818385556445067	0.8647943257998126	0.7249968152149884	0.6041839808944964
1	0.6832993890020367	0.6832993890020367	0.6069720475100775	0.7221147751178126	0.6832993890020367	0.6248039567807009	0.6832993890020367	0.6832993890020367	0.5925263779108817	0.6897171678727455	0.8832523698812155	0.8635146340171866	0.731614574501999	0.5921125555436009
2	0.6787169042769857	0.6787169042769857	0.5974452201067689	0.7079888869672344	0.6787169042769857	0.6363514828631108	0.6787169042769857	0.6787169042769857	0.6086059127059875	0.6888128317813669	0.8838075515421512	0.8677774666154803	0.7313693839011784	0.6070727596185711
3	0.6873727087576375	0.6873727087576375	0.6155020787763086	0.7186745753367523	0.6873727087576375	0.6639857541020331	0.6873727087576375	0.6873727087576375	0.6290675042859298	0.6960053510049283	0.8859568983038896	0.8708573767304336	0.7340042327058984	0.6203514823166115
4	0.6832993890020367	0.6832993890020367	0.6112421285119685	0.7125174245326236	0.6832993890020367	0.6553277454440245	0.6832993890020367	0.6832993890020367	0.6233209244805118	0.6905965079615367	0.8835508518575361	0.8678476518175249	0.7302508343189552	0.6126055343287953
