Times	Accuary	Precision	Recall	MCC	AUROC	AUPR
0	0.8299748110831234	0.8013803680981595	0.8774139378673383	0.6629402228012008	0.9058697296615181	0.8824657324156161
1	0.8203190596137699	0.7629221226740179	0.929471032745592	0.6564716735835319	0.9027382108043744	0.8749947520889588
2	0.8333333333333334	0.7760778859527121	0.9370277078085643	0.6814830559939791	0.9103576290412068	0.8875748536621256
3	0.8400503778337531	0.8194006309148265	0.8723761544920235	0.68152657749837	0.9056406113300072	0.8750642886862989
4	0.8282955499580185	0.7734265734265734	0.9286314021830394	0.6702244394236898	0.9018943503649326	0.8776315769362013
