Times	Accuary	Precision	Recall	MCC	AUROC	AUPR
0	0.6698825503355704	0.6963087248322147	0.6613545816733067	0.34024064213063293	0.8232596504661953	0.8334346198453395
1	0.6577181208053692	0.6728187919463087	0.6530944625407166	0.31558019811954624	0.8074326606909599	0.818641939674382
2	0.6505872483221476	0.700503355704698	0.6369183829138062	0.3026866325320937	0.8214382235034459	0.8444774522895178
3	0.6598154362416108	0.6166107382550335	0.6749311294765841	0.32083087193565685	0.7842052441331472	0.7957179202060337
4	0.6866610738255033	0.700503355704698	0.6816326530612244	0.3734652935335583	0.8115921017071304	0.8313281058415289
