Times	Accuary	p_micro	p_macro	p_weigh	r_micro	r_macro	r_weigh	F1_micro	F1_macro	F1_weigh	roc_micro	roc_macro	pr_micro	pr_macro
0	0.8258655804480651	0.8258655804480651	0.7989228193721283	0.8342914369192679	0.8258655804480651	0.8222689542456985	0.8258655804480651	0.8258655804480651	0.8060637152084219	0.8241961631876983	0.9621770449212781	0.9578370675433481	0.913401514345463	0.9032266882902817
1	0.8574338085539714	0.8574338085539714	0.8332983952855322	0.8616271230583273	0.8574338085539714	0.8489550710480943	0.8574338085539714	0.8574338085539714	0.8390853306846886	0.8567691516611132	0.9690780795666187	0.9661839508714426	0.9282992481688378	0.9143272613220661
2	0.8380855397148677	0.8380855397148677	0.8135426801443049	0.8438679278948438	0.8380855397148677	0.8256864233608419	0.8380855397148677	0.8380855397148677	0.8164376467415417	0.8366568676784464	0.9632402249313162	0.9607850027983116	0.913416694790466	0.9027223138031553
3	0.829938900203666	0.829938900203666	0.8048148691735437	0.8361466077330157	0.829938900203666	0.8228442728442729	0.829938900203666	0.829938900203666	0.8104027175194451	0.8283293269905092	0.9619992865468452	0.9599988332461459	0.9119598843078444	0.9006521369547311
4	0.84979633401222	0.84979633401222	0.8360639410335652	0.8553729301030348	0.84979633401222	0.8514815933420584	0.84979633401222	0.84979633401222	0.8406301550104951	0.848570148305254	0.9677756991771784	0.9644778284666077	0.925178964519919	0.9201095138589205
