Times	Accuary	p_micro	p_macro	p_weigh	r_micro	r_macro	r_weigh	F1_micro	F1_macro	F1_weigh	roc_micro	roc_macro	pr_micro	pr_macro
0	0.49161159125571935	0.49161159125571935	0.4190370764721436	0.5524315344008879	0.49161159125571935	0.4228291946006073	0.49161159125571935	0.49161159125571935	0.4067275988060903	0.5083211804337422	0.7363238908866316	0.6940905023075009	0.4875598096755413	0.40553909580759717
1	0.5185561769191662	0.5185561769191662	0.44310213839240997	0.547749278376644	0.5185561769191662	0.4568098562967862	0.5185561769191662	0.5185561769191662	0.4370161983120282	0.5207665292297811	0.7474637225110787	0.7014318135438152	0.5106236908932567	0.42048112057000936
2	0.514489069649212	0.514489069649212	0.4401160102767394	0.5555645976652981	0.514489069649212	0.44653797011694674	0.514489069649212	0.514489069649212	0.4312615284148167	0.5214279556716728	0.7482865690950333	0.7048113406928289	0.505591353736214	0.4157247043049912
3	0.5165226232841891	0.5165226232841891	0.44306726382621525	0.5635631401155325	0.5165226232841891	0.45303843610017136	0.5165226232841891	0.5165226232841891	0.4381572997285573	0.5316866638631063	0.7526749406212505	0.7152122305822123	0.5163900444158106	0.4262566982954521
4	0.4987290289781393	0.4987290289781393	0.43480166922659425	0.5702280079912366	0.4987290289781393	0.4365379701169467	0.4987290289781393	0.4987290289781393	0.4191423837938396	0.517790773970251	0.7407168285178587	0.6954029865967943	0.4796669853171625	0.4101461187185864
