Times	Accuary	p_micro	p_macro	p_weigh	r_micro	r_macro	r_weigh	F1_micro	F1_macro	F1_weigh	roc_micro	roc_macro	pr_micro	pr_macro
0	0.8337569903406202	0.8337569903406202	0.8134429045480436	0.8358481588323637	0.8337569903406202	0.8228250232991612	0.8337569903406202	0.8337569903406202	0.816610703598288	0.8327170487745795	0.9646258244942587	0.9584500977084995	0.918378787061294	0.899866887417627
1	0.8474834773767158	0.8474834773767158	0.8314886526578129	0.8505371347961613	0.8474834773767158	0.8329784219703574	0.8474834773767158	0.8474834773767157	0.8302894902527873	0.8466801223373123	0.9628028716837478	0.9571124498697924	0.913060603430094	0.9022040865502448
2	0.838840874428063	0.838840874428063	0.8104491961555047	0.8439325450666008	0.838840874428063	0.8298921474310796	0.838840874428063	0.8388408744280631	0.8179593856849583	0.8386175237101432	0.9639265212043455	0.9592781378234062	0.9179577039987626	0.9026915873774163
3	0.8444331469242501	0.8444331469242501	0.8286609411274745	0.849301898473437	0.8444331469242501	0.8363942669031657	0.8444331469242501	0.8444331469242501	0.8299043153377459	0.8432828894723194	0.9673607921658044	0.9620582156417872	0.9248110700167409	0.9126216397200764
4	0.8286731062531775	0.8286731062531775	0.8020988078188891	0.8366087397895899	0.8286731062531775	0.8216567582599285	0.8286731062531775	0.8286731062531775	0.8078044820147838	0.8270634258440582	0.9618904260580894	0.9586266914267183	0.9139926736599249	0.9013333541806794
