Times	Accuary	Precision	Recall	MCC	AUROC	AUPR
0	0.6812209555013206	0.02627645893434361	0.5616641901931649	0.06373146954716163	0.6675381731269572	0.027151282074148186
1	0.5699575407040888	0.02185132879702144	0.6322436849925706	0.049357373071306464	0.6573734916037135	0.026473497532042055
2	0.6655076727625289	0.024481671919057885	0.5482912332838039	0.05548122891305272	0.649266713413897	0.024199613996824566
3	0.6683271483177872	0.025830997196635962	0.575037147102526	0.0630904419105866	0.664561849112468	0.027738516411077455
4	0.6155483489908952	0.024797890029241442	0.6426448736998515	0.06427971842794918	0.6826428767073937	0.030203732342042912
