Times	Accuary	Precision	Recall	MCC	AUROC	AUPR
0	0.603150406504065	0.022954649332182216	0.6124661246612466	0.053458151118793866	0.6553247332388721	0.027874184737026523
1	0.7383739837398374	0.02738178702188985	0.47628726287262874	0.06052314707488286	0.6630945736379489	0.02682415604689277
2	0.5857520325203251	0.023875315105681597	0.6673441734417345	0.062040926796510784	0.660596660597038	0.02621608845260043
3	0.6894410569105691	0.027151822586414333	0.5657181571815718	0.06740578161389077	0.6800627687057688	0.02800803971049189
4	0.5175508130081301	0.023475540268943083	0.7676151761517616	0.06841189678881392	0.6879748048620555	0.029854399017783417
