Times	Accuary	Precision	Recall	MCC	AUROC	AUPR
0	0.8225671140939598	0.8149058149058149	0.834731543624161	0.6453252383257946	0.9056700711679654	0.8764836335765304
1	0.824244966442953	0.7921390778533636	0.8791946308724832	0.6524419542298783	0.9032736419530651	0.8727353505016852
2	0.8284395973154363	0.7928197456993269	0.889261744966443	0.6617938356920716	0.9078595840277465	0.8783785956782424
3	0.8208892617449665	0.7981293842556508	0.8590604026845637	0.6436569270203757	0.8989333250754471	0.8668260107269106
4	0.8183724832214765	0.7555555555555555	0.9412751677852349	0.6568991549808911	0.9010573848024863	0.8654297606175757
