Times	Accuary	Precision	Recall	MCC	AUROC	AUPR
0	0.8018471872376155	0.751927119831815	0.9009235936188077	0.6159071106258872	0.8832279036518642	0.8515522282622755
1	0.8031066330814441	0.7465846994535519	0.9177162048698573	0.6227952887502162	0.8822705415158892	0.8502648643450816
2	0.8043660789252729	0.766348273328435	0.8757346767422334	0.6150296779237279	0.8846858012197555	0.8535318980681863
3	0.8056255247691015	0.7778625954198474	0.855583543240974	0.6143252114482903	0.8855458761872735	0.8547606488364268
4	0.7863140218303947	0.7089460784313726	0.9714525608732157	0.6164440509680146	0.8811527965478565	0.8513296188989952
