Times	Accuary	Precision	Recall	MCC	AUROC	AUPR
0	0.8041107382550335	0.7444369521240728	0.9261744966442953	0.6271985354442245	0.8851554406333048	0.8564791662053506
1	0.802013422818792	0.7545968882602546	0.8951342281879194	0.6147831057438117	0.8845343396693842	0.8517928750222494
2	0.8041107382550335	0.7675276752767528	0.87248322147651	0.6139891145615604	0.8856561922886357	0.854863411726082
3	0.8028523489932886	0.7582260371959942	0.889261744966443	0.6149575734561951	0.8822997837935227	0.8513522362965442
4	0.8053691275167785	0.7524271844660194	0.910234899328859	0.624630659942545	0.8854281620197288	0.8557615295350471
