Times	Accuary	Precision	Recall	MCC	AUROC	AUPR
0	0.741134956427105	0.07068149621725894	0.8055650979045001	0.18715780551381145	0.8469045833976825	0.11871814775541398
1	0.7651515776108697	0.07591536216503052	0.7863277224321539	0.19510528033673064	0.8470630347548309	0.11287129139876156
2	0.7460817373094458	0.07169405621256335	0.8017863277224322	0.18875144716269954	0.8396708652808564	0.09815293055868222
3	0.7199132664418629	0.06769659011830202	0.8354517347990381	0.1852125731130996	0.8386372823452112	0.0958927563640525
4	0.7000436965644606	0.06387303572824643	0.8419787014771556	0.17722893955244523	0.8441727897786963	0.11364712051810782
