Times	Accuary	Precision	Recall	MCC	AUROC	AUPR
0	0.7337473856650948	0.0691108659368016	0.8094764744864148	0.1843110882004529	0.8378676724664224	0.10131593481633809
1	0.7218745278292471	0.06783511846802986	0.831013916500994	0.18483078980992956	0.8441127778202632	0.10456389675703802
2	0.7460735274236773	0.07220430266623265	0.8084824387011266	0.19093045584681986	0.8482598122443985	0.09971921982030199
3	0.7296996397585667	0.0694506227758007	0.8277004638833665	0.18796272225552518	0.8440726444147768	0.10251355582065982
4	0.7632824117885629	0.07510245576134955	0.7833001988071571	0.19293598717501625	0.8441376966815619	0.09792138280577828
