Times	Accuary	Precision	Recall	MCC	AUROC	AUPR
0	0.6911889587850706	0.0630865352996231	0.8567502576434215	0.17758601940807084	0.8485781513155181	0.11583599839303609
