Times	Accuary	Precision	Recall	MCC	AUROC	AUPR
0	0.7660811545797872	0.0760805668141456	0.7848707309288222	0.19520255527837937	0.8451982653153375	0.10667863685764212
1	0.7578002313449415	0.07315830486123599	0.7791254388764762	0.18820839989889304	0.840304647053186	0.10042738652268404
2	0.7583134800560744	0.0744811476146267	0.7938078518991382	0.19337034135431172	0.8470844689084077	0.10621908134548214
3	0.7879133758742464	0.08070630827555586	0.7542291733163102	0.1992295224238298	0.8442685907800757	0.09366913277392576
4	0.7393002964585839	0.071073600044421	0.8171082030003192	0.18986462043033644	0.8456464285787294	0.1131510515009609
