Times	Accuary	Precision	Recall	MCC	AUROC	AUPR
0	0.7715401231359231	0.06843521722414456	0.7832783278327833	0.18608966664666524	0.850919244697823	0.10577721802224264
1	0.7650714442480738	0.06639820191047012	0.7799779977997799	0.18118482428052882	0.8416584375509513	0.09255047659479726
2	0.7635120305876102	0.06674717822472015	0.7904290429042904	0.18355924566752835	0.8403626544264517	0.08425209659435379
3	0.7624262166314355	0.06637679818678015	0.7893289328932893	0.18257963937112776	0.8370391936955427	0.08202511264208882
4	0.7882778297582331	0.07240897083959186	0.768976897689769	0.19208879829804107	0.8527016810916164	0.0998108762200903
