Times	Accuary	Precision	Recall	MCC	AUROC	AUPR
0	0.7290573537074513	0.06155939120823059	0.8355452971725332	0.17860498685235446	0.8395636404127248	0.08059771689800296
1	0.723992099172352	0.061290860573715814	0.8482400461627236	0.17986199386776514	0.8461149802652072	0.08606904277057749
2	0.7503241520545787	0.06528449665975582	0.8176572417772648	0.1845059783943511	0.8368673472368612	0.08850507593208581
3	0.7371278310289253	0.06365862189576775	0.8401615695326025	0.18422342538271516	0.8507767746760978	0.09474259901317744
4	0.7829453606873236	0.06945553249241578	0.7530294287362954	0.18348674296054393	0.8406796145421152	0.08592263492853155
