Times	Accuary	Precision	Recall	MCC	AUROC	AUPR
0	0.7453767929643252	0.06613406447953106	0.8478787878787879	0.19106326367428558	0.8516298224900557	0.08272239105263185
