Times	Accuary	Precision	Recall	MCC	AUROC	AUPR
0	0.7816624454315205	0.07009371707425276	0.7660606060606061	0.18687134295638946	0.8352194242577883	0.08330148497469117
1	0.709460233419455	0.05901216058637348	0.8587878787878788	0.17587336004865423	0.8430719199115346	0.09744725263948734
2	0.74929681434626	0.06456282570932252	0.8109090909090909	0.1818482473329141	0.8493872737594219	0.09256247764070777
3	0.7074111313334437	0.05894754247447398	0.8642424242424243	0.17651739174685704	0.8479842128464741	0.10044807297549899
4	0.6837510022781943	0.055696008580402974	0.8812121212121212	0.1706912499485262	0.8423530911092175	0.08074433948837122
