Times	Accuary	Precision	Recall	MCC	AUROC	AUPR
0	0.6180048661800487	0.4793187347931874	0.6632996632996633	0.24564835370188623	0.7028611007512388	0.7358512806119659
1	0.6155717761557178	0.5693430656934306	0.6273458445040214	0.23213788264891574	0.7407959933933613	0.7645493974070457
2	0.6131386861313869	0.5620437956204379	0.6260162601626016	0.22746818611819689	0.7159441395682006	0.7489472318713578
3	0.5961070559610706	0.5425790754257908	0.6076294277929155	0.1933251522340823	0.7071471279473837	0.7359698575718203
4	0.6228710462287105	0.6545012165450121	0.6155606407322655	0.24623528726786892	0.7797609533450548	0.800728362760925
