Times	Accuary	p_micro	p_macro	p_weigh	r_micro	r_macro	r_weigh	F1_micro	F1_macro	F1_weigh	roc_micro	roc_macro	pr_micro	pr_macro
0	0.44837340876944837	0.44837340876944837	0.39104208953349173	0.4600016752970362	0.44837340876944837	0.38079416732909377	0.44837340876944837	0.44837340876944837	0.3710720373840859	0.4487052032294607	0.7801436033682172	0.7044444125443163	0.48704395883667817	0.38647030613254707
1	0.49929278642149927	0.49929278642149927	0.38965910547225424	0.49708325652140106	0.49929278642149927	0.4178714560148383	0.49929278642149927	0.49929278642149927	0.37536065009789205	0.4888220098999477	0.7892503536067893	0.7049325308692462	0.4941083955101682	0.39975533493986265
2	0.4526166902404526	0.4526166902404526	0.3717412536721376	0.4607216789603625	0.4526166902404526	0.42559494236883944	0.4526166902404526	0.4526166902404526	0.3723838526158552	0.44727928081276636	0.7775448185351975	0.7186328560362945	0.4901538030490592	0.4110934973643079
3	0.5205091937765205	0.5205091937765205	0.4568621500987937	0.5082698452643313	0.5205091937765205	0.44109366719660836	0.5205091937765205	0.5205091937765205	0.43734312705486134	0.4998289346134992	0.8071010778588467	0.7305251264002878	0.5433216969414988	0.4302203900322772
4	0.4823196605374823	0.4823196605374823	0.39772541214905976	0.4667380637360818	0.4823196605374823	0.41400867779544254	0.4823196605374823	0.4823196605374823	0.3823951208343029	0.43862871693178257	0.793857078170941	0.7180401759471103	0.5372196081926356	0.4184576096627608
