Times	Accuary	p_micro	p_macro	p_weigh	r_micro	r_macro	r_weigh	F1_micro	F1_macro	F1_weigh	roc_micro	roc_macro	pr_micro	pr_macro
0	0.7309859154929578	0.7309859154929578	0.6695179668087188	0.7432497810827577	0.7309859154929578	0.732147193084693	0.7309859154929578	0.7309859154929578	0.6930319020772138	0.7330547889824766	0.9074125504198901	0.8939815430845233	0.7760625624438203	0.747309222310951
1	0.680281690140845	0.680281690140845	0.62978676188747	0.691920558027095	0.680281690140845	0.6951738943926443	0.680281690140845	0.680281690140845	0.6539502580419363	0.6813353524166088	0.9039754017060107	0.8853029395423768	0.7722021231711603	0.754504193637016
2	0.6788732394366197	0.6788732394366197	0.610213599852136	0.6859286009085818	0.6788732394366197	0.6478233861046361	0.6788732394366197	0.6788732394366197	0.6261275829894364	0.6811296239760188	0.9032814256430601	0.8785423322786037	0.7650529605717683	0.6907879587053052
3	0.6830985915492958	0.6830985915492958	0.6261091448553251	0.6996249269009378	0.6830985915492958	0.7013646076146076	0.6830985915492958	0.6830985915492958	0.652735397024646	0.6850667099768734	0.8822376512596706	0.8656014701114121	0.7067400727237523	0.6747227340706201
4	0.7	0.7	0.6438321374846536	0.7047266828297282	0.7	0.6683815316627816	0.7	0.7	0.654034695838565	0.700459743528653	0.9034520267142763	0.8818379027492662	0.7600121786401832	0.7085987453414732
