Times	Accuary	Precision	Recall	MCC	AUROC	AUPR
0	0.5961070559610706	0.6472019464720195	0.58719646799117	0.19322566347674788	0.7630608390904624	0.7777035092024204
1	0.5535279805352799	0.5206812652068127	0.5572916666666666	0.10728771826311968	0.7062650588144754	0.7390758073665635
2	0.6228710462287105	0.5985401459854015	0.629156010230179	0.24603356526191691	0.7576796253870152	0.7739919836650915
3	0.6070559610705596	0.5425790754257908	0.6229050279329609	0.21591467881155166	0.7296428508000783	0.7547056615631909
4	0.5535279805352799	0.5352798053527981	0.5555555555555556	0.10712733076760457	0.7029321398760366	0.7375680487316278
