Times	Accuary	p_micro	p_macro	p_weigh	r_micro	r_macro	r_weigh	F1_micro	F1_macro	F1_weigh	roc_micro	roc_macro	pr_micro	pr_macro
0	0.4971830985915493	0.4971830985915493	0.4184489659301036	0.5212770890522405	0.4971830985915493	0.462804122960373	0.4971830985915493	0.4971830985915493	0.4316923081318637	0.5049921560385708	0.7824730542881703	0.7334711688257839	0.4944403314779733	0.4206172954629166
1	0.4859154929577465	0.4859154929577465	0.40749491532917714	0.5223295202972711	0.4859154929577465	0.4391258336570837	0.4859154929577465	0.4859154929577465	0.4024978915631905	0.4872032636774206	0.7884440917807313	0.743847247460705	0.4898506117689341	0.4316231165797271
2	0.5154929577464789	0.5154929577464789	0.44556623141590135	0.5324358537834927	0.5154929577464789	0.49357659123284126	0.5154929577464789	0.5154929577464789	0.4614875935786726	0.519559551101509	0.8007267076638233	0.7574685478779093	0.5182504565920201	0.4532804088098019
3	0.4943661971830986	0.4943661971830986	0.43447206943552885	0.5551932109954236	0.4943661971830986	0.4827532132219632	0.4943661971830986	0.4943661971830986	0.43461423070469485	0.5057556902050764	0.7744220723401443	0.7548120789489319	0.4974223457652856	0.454752559473404
4	0.4352112676056338	0.4352112676056338	0.384055085991823	0.5170138897072352	0.4352112676056338	0.46074021464646464	0.4352112676056338	0.4352112676056338	0.3787678089350537	0.4546160970069565	0.7306576076175362	0.7310362701220177	0.46084173039207565	0.4205775054959684
