Times	Accuary	p_micro	p_macro	p_weigh	r_micro	r_macro	r_weigh	F1_micro	F1_macro	F1_weigh	roc_micro	roc_macro	pr_micro	pr_macro
0	0.8328611898016998	0.8328611898016998	0.8009823569180425	0.840353514418127	0.8328611898016998	0.8232139702727939	0.8328611898016998	0.8328611898016998	0.8089822125670796	0.8323454612768328	0.9661360736383409	0.9637727824765017	0.9191012534375712	0.9077834765244983
1	0.8696883852691218	0.8696883852691218	0.8476542236735853	0.8738608925175821	0.8696883852691218	0.8492307959219724	0.8696883852691218	0.8696883852691218	0.8467428743791864	0.8690473221229501	0.9733757192498135	0.9692136901443066	0.9381259060712529	0.9209243508000535
2	0.8342776203966006	0.8342776203966006	0.7892105456932031	0.8413651243406619	0.8342776203966006	0.8321732972468265	0.8342776203966006	0.8342776203966006	0.8069341263075279	0.8347759270395354	0.9655448910859836	0.9607185102450062	0.9202977327561356	0.9049852762782093
3	0.8328611898016998	0.8328611898016998	0.8136086992632033	0.8367049832812685	0.8328611898016998	0.8179003583415347	0.8328611898016998	0.8328611898016998	0.8139041323609455	0.8317860368892476	0.967341510912802	0.9622528462196899	0.9249007517277856	0.910967181248751
4	0.8413597733711048	0.8413597733711048	0.8041061616954474	0.8517435215533151	0.8413597733711048	0.8282815378403614	0.8413597733711048	0.8413597733711048	0.8121278035110029	0.8415335183450738	0.9690455076813607	0.968244214045868	0.926511793740591	0.9172883024392766
