Times	Accuary	p_micro	p_macro	p_weigh	r_micro	r_macro	r_weigh	F1_micro	F1_macro	F1_weigh	roc_micro	roc_macro	pr_micro	pr_macro
0	0.49295774647887325	0.49295774647887325	0.40093659172940266	0.5253139414426605	0.49295774647887325	0.47163744819994824	0.49295774647887325	0.49295774647887325	0.40550081510281066	0.49279969066713897	0.7785022812933943	0.740799188274372	0.48685514999724666	0.4430089717467254
1	0.5394366197183098	0.5394366197183098	0.4703624684384218	0.5224020352686342	0.5394366197183098	0.461558695933696	0.5394366197183098	0.5394366197183098	0.4309273879329067	0.5135047937055772	0.812562983535013	0.7410263931819742	0.5401188290998734	0.44100625376267444
2	0.543661971830986	0.543661971830986	0.474490415231893	0.5407732383949313	0.543661971830986	0.4831912878787879	0.543661971830986	0.543661971830986	0.47780081346739156	0.5416268342953161	0.8100581895126628	0.7418503758051481	0.5333529573624597	0.44463706441206297
3	0.5112676056338028	0.5112676056338028	0.4393424373605218	0.536037384305672	0.5112676056338028	0.5087179891867392	0.5112676056338028	0.5112676056338028	0.4576956187235427	0.516242068630675	0.7939185346822719	0.7484396803171609	0.5108080150300105	0.4539391904772237
4	0.48450704225352115	0.48450704225352115	0.4076549290177729	0.510886547790903	0.48450704225352115	0.47812459531209534	0.48450704225352115	0.48450704225352115	0.37706755278363285	0.47466451867959353	0.7769840640084639	0.7380176767747059	0.49199783928702745	0.4244856522747236
