Times	Accuary	p_micro	p_macro	p_weigh	r_micro	r_macro	r_weigh	F1_micro	F1_macro	F1_weigh	roc_micro	roc_macro	pr_micro	pr_macro
0	0.5901408450704225	0.5901408450704225	0.5093105300196303	0.6475359024773479	0.5901408450704225	0.575864818052318	0.5901408450704225	0.5901408450704225	0.5201644878756357	0.6078855290042013	0.8114527540831846	0.7970754069776845	0.5563867450321702	0.518726972983328
1	0.5605633802816902	0.5605633802816902	0.48182333244429726	0.6098471616865968	0.5605633802816902	0.5376379985754985	0.5605633802816902	0.5605633802816902	0.48815623238158445	0.5743741695878177	0.8150717450241354	0.7904279521654747	0.5513718627594512	0.4827250029024206
2	0.576056338028169	0.576056338028169	0.49629700990151115	0.6253709704466489	0.576056338028169	0.5625799258611759	0.576056338028169	0.576056338028169	0.5101329710661355	0.5913463257359789	0.8188196786351913	0.8043629820663293	0.5666955108987406	0.5096644256385656
3	0.5985915492957746	0.5985915492957746	0.5159395076392554	0.6298678909750912	0.5985915492957746	0.5747863247863247	0.5985915492957746	0.5985915492957746	0.5324083898221829	0.6080401738459048	0.8355551147259141	0.8106377519739848	0.5805949890845438	0.510114687239545
4	0.5830985915492958	0.5830985915492958	0.49272870124182255	0.6140979631416557	0.5830985915492958	0.5410110722610723	0.5830985915492958	0.5830985915492958	0.5045373349073141	0.5927421429061542	0.8337571910335251	0.8042833343573171	0.5935069779609575	0.5013841743699025
