Times	Accuary	p_micro	p_macro	p_weigh	r_micro	r_macro	r_weigh	F1_micro	F1_macro	F1_weigh	roc_micro	roc_macro	pr_micro	pr_macro
0	0.7736916548797736	0.7736916548797736	0.7167261805540533	0.7889979345282644	0.7736916548797736	0.7835684949655538	0.7736916548797736	0.7736916548797736	0.7413536981795957	0.7764162101809506	0.9427513775826968	0.9346785636133647	0.856946615877873	0.8256131664429537
1	0.7920792079207921	0.7920792079207921	0.7357658607658607	0.7991295855510848	0.7920792079207921	0.7813058922893482	0.7920792079207921	0.7920792079207921	0.7554145541687324	0.7941599596602423	0.9493687093502238	0.9432238731025326	0.8704545225059106	0.8519531163012976
2	0.743988684582744	0.743988684582744	0.6751782820920491	0.7735017821717329	0.743988684582744	0.7434792329093799	0.743988684582744	0.7439886845827439	0.6954860296410983	0.7480009266330951	0.938840863274042	0.9350831213378502	0.8413147634312366	0.8292455548497728
3	0.7538896746817539	0.7538896746817539	0.6893869560910557	0.7892279434396181	0.7538896746817539	0.7757270137784844	0.7538896746817539	0.7538896746817539	0.7141258171354283	0.7594371615322967	0.9412489238416669	0.9382527019156349	0.8532483724253127	0.8456869214215088
4	0.7821782178217822	0.7821782178217822	0.7229611712754946	0.8011199772158912	0.7821782178217822	0.7926934287228404	0.7821782178217822	0.7821782178217822	0.7467457346982342	0.782761974043105	0.9496321222342481	0.9443636261726014	0.8737818835137153	0.8507251351315956
