Times	Accuary	p_micro	p_macro	p_weigh	r_micro	r_macro	r_weigh	F1_micro	F1_macro	F1_weigh	roc_micro	roc_macro	pr_micro	pr_macro
0	0.5197183098591549	0.5197183098591549	0.4301941520628133	0.5605786125667993	0.5197183098591549	0.4728474650349651	0.5197183098591549	0.5197183098591549	0.43708136291029426	0.5321040835974177	0.7677068042055147	0.7290151607055079	0.48854142520348565	0.423814217216178
1	0.4830985915492958	0.4830985915492958	0.4039135000327745	0.5293501972968233	0.4830985915492958	0.45096194314944316	0.4830985915492958	0.4830985915492958	0.4093799358389252	0.49799165256889294	0.7384612841367453	0.7018336109312258	0.46085990414768596	0.4001742782872375
2	0.5112676056338028	0.5112676056338028	0.42298855616075487	0.5596596730786295	0.5112676056338028	0.4611266915954416	0.5112676056338028	0.5112676056338028	0.4272771518351134	0.5269196764297291	0.7492891622032665	0.691857653126948	0.47344392476913466	0.39907304497778273
3	0.4802816901408451	0.4802816901408451	0.4057138531403237	0.5179567553407652	0.4802816901408451	0.45757049663299665	0.4802816901408451	0.4802816901408451	0.4150185693196446	0.4905044359989082	0.742095483700324	0.6981770141068361	0.4536238556620974	0.39014034018839383
4	0.5056338028169014	0.5056338028169014	0.41370721761427665	0.5511924480463991	0.5056338028169014	0.44532059375809374	0.5056338028169014	0.5056338028169014	0.41750357500684604	0.5210557038923721	0.7446749983468888	0.6946922662424402	0.468444317177875	0.39022931372068737
