Times	Accuary	p_micro	p_macro	p_weigh	r_micro	r_macro	r_weigh	F1_micro	F1_macro	F1_weigh	roc_micro	roc_macro	pr_micro	pr_macro
0	0.45750708215297453	0.45750708215297453	0.3458241172828349	0.4888096985869987	0.45750708215297453	0.43822236101647866	0.45750708215297453	0.45750708215297453	0.34793393153636043	0.4575097741817037	0.753739697774639	0.7257647706445554	0.4734996775061458	0.4038105383984023
1	0.5014164305949008	0.5014164305949008	0.4185472607681162	0.5358067835711967	0.5014164305949008	0.46695119489237136	0.5014164305949008	0.5014164305949008	0.430083681420016	0.5125753112045183	0.7735617010007303	0.7372193539268234	0.5002943770205462	0.4094332229609038
2	0.5127478753541076	0.5127478753541076	0.4326292870222741	0.5241292125051615	0.5127478753541076	0.4808889772125066	0.5127478753541076	0.5127478753541076	0.4447947834730742	0.5092086192125649	0.7913346280498733	0.7377664447120736	0.52688544366327	0.4211522355151376
3	0.47875354107648727	0.47875354107648727	0.3265668539311004	0.46848316541921603	0.47875354107648727	0.42342342342342343	0.47875354107648727	0.47875354107648727	0.3468749201443182	0.46373924284826173	0.7817971280833113	0.723560691715208	0.4926717777351691	0.3923646885282631
4	0.45750708215297453	0.45750708215297453	0.38441348770630235	0.4983527887766223	0.45750708215297453	0.45947680874151464	0.45750708215297453	0.45750708215297453	0.3930099131318027	0.4658624618582817	0.7513635986699729	0.7305127076661806	0.4757203651507651	0.4045575000592535
