Times	Accuary	p_micro	p_macro	p_weigh	r_micro	r_macro	r_weigh	F1_micro	F1_macro	F1_weigh	roc_micro	roc_macro	pr_micro	pr_macro
0	0.695898161244696	0.695898161244696	0.6371472810052372	0.7037427487981038	0.695898161244696	0.6789443395601484	0.695898161244696	0.695898161244696	0.6542639978985271	0.697291250868439	0.9066104630265007	0.887623707108479	0.7573837960405667	0.7256362246698818
1	0.6732673267326733	0.6732673267326733	0.6014650673920336	0.6992365250318622	0.6732673267326733	0.6998811771330153	0.6732673267326733	0.6732673267326733	0.6319004344455541	0.6787032884615469	0.879917735156017	0.8684350552798821	0.7304813276260583	0.6977899551999491
2	0.693069306930693	0.693069306930693	0.6226714998076103	0.713686547532594	0.693069306930693	0.6955505597509274	0.693069306930693	0.693069306930693	0.646449745441405	0.6969939090511008	0.8937565811541752	0.8783721156478619	0.7557109865363691	0.6887245548743063
3	0.6888260254596889	0.6888260254596889	0.6167290005545039	0.7061082498839161	0.6888260254596889	0.685897754372019	0.6888260254596889	0.6888260254596889	0.6407079488065404	0.6925834088114702	0.9008497232830981	0.8813293313517241	0.7599406900168193	0.715483959005471
4	0.6831683168316832	0.6831683168316832	0.6267740848734129	0.6913100251575917	0.6831683168316832	0.6774662990196079	0.6831683168316832	0.6831683168316832	0.6478405466905541	0.6854187176358877	0.8981555763173812	0.8736343024464298	0.7544765329419666	0.721794388038748
