Times	Accuary	p_micro	p_macro	p_weigh	r_micro	r_macro	r_weigh	F1_micro	F1_macro	F1_weigh	roc_micro	roc_macro	pr_micro	pr_macro
0	0.6082036775106082	0.6082036775106082	0.5288742119265948	0.6593449225513759	0.6082036775106082	0.5788122681505035	0.6082036775106082	0.6082036775106082	0.5347512034907465	0.625124450835043	0.8311676793058171	0.8090705471039084	0.5617213025334887	0.5024846805889838
1	0.5997171145685997	0.5997171145685997	0.536935094145641	0.6404382116069162	0.5997171145685997	0.5879082207207207	0.5997171145685997	0.5997171145685997	0.5411988329185617	0.6118231302111712	0.8243282804740364	0.8013794524264166	0.5654388230443615	0.5138236615613408
2	0.5884016973125884	0.5884016973125884	0.5151923472421567	0.638994047759961	0.5884016973125884	0.5811514639639639	0.5884016973125884	0.5884016973125884	0.5234797903734529	0.6021391930191032	0.8260548018835021	0.798556663397681	0.5806832234040684	0.5186434301353096
3	0.5685997171145686	0.5685997171145686	0.5077451026192034	0.6194919484607395	0.5685997171145686	0.5622081180445151	0.5685997171145686	0.5685997171145686	0.5104548505263741	0.5834656223165907	0.8203677510608203	0.7947591617588609	0.5587770350544073	0.5224256270407894
4	0.594059405940594	0.594059405940594	0.5174101347856216	0.6450597874641629	0.594059405940594	0.5967019409114998	0.594059405940594	0.594059405940594	0.5308681208389687	0.6086257407644049	0.8417995567994867	0.8179153058520288	0.627292495523256	0.5314786476741
