Times	Accuary	Precision	Recall	MCC	AUROC	AUPR
0	0.5	0.5	1.0	nan	0.6712013307996045	0.6514732277563149
1	0.5997566909975669	0.5864978902953587	0.6763990267639902	0.20189941452977983	0.6574256605158625	0.6566904755409781
2	0.6399026763990268	0.7272727272727273	0.44768856447688565	0.30309686652435797	0.7096157375341136	0.7156408475796499
3	0.6253041362530414	0.6594427244582043	0.5182481751824818	0.25655807640750666	0.654880091877268	0.6411048068078198
4	0.6119221411192214	0.6393939393939394	0.51338199513382	0.22832228705322022	0.6687712007388069	0.6576523461305079
