Times	Accuary	Precision	Recall	MCC	AUROC	AUPR
0	0.7779126213592233	0.7961165048543689	0.7681498829039812	0.5561939896121348	0.8721545385993025	0.8684971063299972
1	0.7390776699029126	0.7888349514563107	0.717439293598234	0.4805406929926374	0.8555412857008201	0.8499052299173505
2	0.7378640776699029	0.7645631067961165	0.7258064516129032	0.4764078435710797	0.8480123008766142	0.859917085257766
3	0.7378640776699029	0.7475728155339806	0.7333333333333333	0.47581786459109165	0.8491846545385994	0.8516372184000605
4	0.7560679611650486	0.7451456310679612	0.7617866004962779	0.5122581589394839	0.8418500801206523	0.8233713984361966
