Times	Accuary	Precision	Recall	MCC	AUROC	AUPR
0	0.7566909975669099	0.8126520681265207	0.7308533916849015	0.5166279795853965	0.8686249785402644	0.8651565356370738
1	0.7481751824817519	0.7493917274939172	0.7475728155339806	0.49635183414900674	0.8567614446990013	0.8679859100226945
2	0.7530413625304136	0.7664233576642335	0.7464454976303317	0.5062640788516849	0.8484617069517703	0.843559959635939
3	0.7384428223844283	0.7566909975669099	0.7300469483568075	0.47720356432842037	0.8635812006796076	0.8625441730175573
4	0.7664233576642335	0.8150851581508516	0.7427937915742794	0.5353883159098274	0.8708627109714007	0.8541538776296556
