Times	Accuary	Precision	Recall	MCC	AUROC	AUPR
0	0.6092233009708737	0.5	0.639751552795031	0.22385289484856535	0.7223642661890849	0.7440150918761976
1	0.6031553398058253	0.6262135922330098	0.5986078886310905	0.20653041392503002	0.7770642850410029	0.7946570105528268
2	0.5691747572815534	0.5776699029126213	0.568019093078759	0.13836948756440437	0.7026757941370534	0.7150775216030293
3	0.5631067961165048	0.5533980582524272	0.5643564356435643	0.12623739264661615	0.7504300593835422	0.768000081414868
4	0.6432038834951457	0.6310679611650486	0.6467661691542289	0.2864921689061414	0.7698357526628334	0.7955677825869618
