Times	Accuary	Precision	Recall	MCC	AUROC	AUPR
0	0.5	0.5	1.0	nan	0.6142249505137147	0.6070986376620596
1	0.5	0.5	1.0	nan	0.6097387831086813	0.6164721783805189
2	0.5230582524271845	0.5152	0.7815533980582524	0.05387497158063353	0.593334668677538	0.5931119379406622
3	0.5	nan	0.0	nan	0.6388001932321614	0.6118860664773332
4	0.5109223300970874	0.5056890012642224	0.970873786407767	0.055705400085331216	0.5978532378169479	0.5879122607450763
