Times	Accuary	Precision	Recall	MCC	AUROC	AUPR
0	0.559610705596107	0.5953307392996109	0.3722627737226277	0.12858943687856583	0.5812213993523601	0.574090011476112
1	0.5	nan	0.0	nan	0.6382302970027409	0.6122410194448522
2	0.5	0.5	1.0	nan	0.6252626967635759	0.6208018333108941
3	0.5170316301703163	0.5088383838383839	0.9805352798053528	0.09082487681884435	0.6128811693039942	0.6160907924083144
4	0.5	0.5	1.0	nan	0.6079824296564666	0.597560230224168
