Times	Accuary	Precision	Recall	MCC	AUROC	AUPR
0	0.5194174757281553	0.5185185185185185	0.5436893203883495	0.038880789567986955	0.5267461589216703	0.5290646151777001
1	0.5	0.5	1.0	nan	0.6033939343953247	0.5996865275308824
2	0.5133495145631068	0.5070785070785071	0.9563106796116505	0.05756165163436204	0.5913581628805731	0.5722914624097786
3	0.5157766990291263	0.5092460881934566	0.8689320388349514	0.04457311692391493	0.5988135073993779	0.6082228845394868
4	0.5631067961165048	0.5607476635514018	0.5825242718446602	0.12630887475463595	0.6150997973418795	0.6098585584594673
