Times	Accuary	p_micro	p_macro	p_weigh	r_micro	r_macro	r_weigh	F1_micro	F1_macro	F1_weigh	roc_micro	roc_macro	pr_micro	pr_macro
0	0.5091937765205092	0.5091937765205092	0.43540024219925	0.5192363090992849	0.5091937765205092	0.4739148615527292	0.5091937765205092	0.5091937765205092	0.4494429667369373	0.5111528218639712	0.7953541969674841	0.7473782120925613	0.513441165966839	0.4228174688118014
1	0.4695898161244696	0.4695898161244696	0.4269047414201742	0.5060097004952968	0.4695898161244696	0.4807337208532061	0.4695898161244696	0.4695898161244696	0.438304931450658	0.4768850817830691	0.7832475407573087	0.7556020843633989	0.5012589892489382	0.44008813884488684
2	0.504950495049505	0.504950495049505	0.40928737131822396	0.5077220034236212	0.504950495049505	0.44268142223105456	0.504950495049505	0.504950495049505	0.41628714222564694	0.5033323041187955	0.7958200043079677	0.7341113703166063	0.5076960046978297	0.4217170219210618
3	0.4582743988684583	0.4582743988684583	0.4052273553995165	0.5175006211323047	0.4582743988684583	0.4860745396131425	0.4582743988684583	0.4582743988684583	0.4137492510503894	0.47309109614915024	0.7448852886905178	0.7541627091946427	0.46554034279480405	0.46387791323107097
4	0.49222065063649223	0.49222065063649223	0.42599473747661915	0.5168661598991657	0.49222065063649223	0.4829963235294118	0.49222065063649223	0.49222065063649223	0.4421809825505715	0.4995615276125546	0.7901813014196954	0.7462462571541666	0.5053224353013321	0.42769977110445284
