Times	Accuary	p_micro	p_macro	p_weigh	r_micro	r_macro	r_weigh	F1_micro	F1_macro	F1_weigh	roc_micro	roc_macro	pr_micro	pr_macro
0	0.6784702549575071	0.6784702549575071	0.6131571300226206	0.6851786162376035	0.6784702549575071	0.6586978259772377	0.6784702549575071	0.6784702549575071	0.6305832630811326	0.6798148628406235	0.8877184499781986	0.8673104793555775	0.7385518105740095	0.7015170748825187
1	0.7039660056657224	0.7039660056657224	0.6523176062747509	0.7164805626681531	0.7039660056657224	0.7063933681580741	0.7039660056657224	0.7039660056657224	0.6720121243006101	0.7045667140770046	0.9017396415989214	0.8799212341199572	0.7537698776755305	0.7104627254850147
2	0.7138810198300283	0.7138810198300283	0.6488195414234731	0.731591024038694	0.7138810198300283	0.7138504050268757	0.7138810198300283	0.7138810198300283	0.6712250135062128	0.715564800743186	0.9063122781393532	0.8876817355618645	0.7749990497992201	0.7458385926818389
3	0.6898016997167139	0.6898016997167139	0.6316220299644111	0.7034741984142859	0.6898016997167139	0.6895101509072097	0.6898016997167139	0.6898016997167139	0.6535901485737656	0.693120854065577	0.887291113268972	0.8621736378208695	0.7294230605387904	0.7010882679500563
4	0.6898016997167139	0.6898016997167139	0.6365234758245075	0.6983109707878428	0.6898016997167139	0.6804617117117117	0.6898016997167139	0.6898016997167139	0.6542603373637856	0.6911453077405229	0.903880337696314	0.8782770637240556	0.7548363533276498	0.7244516394887535
