Times	Accuary	p_micro	p_macro	p_weigh	r_micro	r_macro	r_weigh	F1_micro	F1_macro	F1_weigh	roc_micro	roc_macro	pr_micro	pr_macro
0	0.8366197183098592	0.8366197183098592	0.7983656200028333	0.8470587509095137	0.8366197183098592	0.8430488782051282	0.8366197183098592	0.8366197183098593	0.81542955707679	0.8364547452232721	0.9635363353831912	0.964941163047382	0.9147985532035688	0.9194261766572354
1	0.8352112676056338	0.8352112676056338	0.7958782653515766	0.8393423127332725	0.8352112676056338	0.811922308016058	0.8352112676056338	0.8352112676056338	0.8018474546528876	0.8348593892363919	0.958526086094029	0.954080613180654	0.9069643713053853	0.8730116275251011
2	0.8507042253521127	0.8507042253521127	0.8371867560450588	0.8534682838959792	0.8507042253521127	0.831276507057757	0.8507042253521127	0.8507042253521127	0.8331477169882044	0.8503974982536605	0.9707551411756927	0.9651327050417463	0.933962053319825	0.9174754516207502
3	0.8676056338028169	0.8676056338028169	0.8274785866129233	0.873478254783314	0.8676056338028169	0.8637304535742036	0.8676056338028169	0.8676056338028169	0.842752078417316	0.8681243734346586	0.975034715334259	0.969470796558913	0.9424437414730703	0.9263358443349805
4	0.8661971830985915	0.8661971830985915	0.8614579498108478	0.8700935922613456	0.8661971830985915	0.8756879694379693	0.8661971830985915	0.8661971830985915	0.866405281026832	0.8654162289233948	0.9758715202010184	0.9725473019280391	0.9412569520748486	0.9406539436169035
