Times	Accuary	p_micro	p_macro	p_weigh	r_micro	r_macro	r_weigh	F1_micro	F1_macro	F1_weigh	roc_micro	roc_macro	pr_micro	pr_macro
0	0.471004243281471	0.471004243281471	0.39115996199540826	0.5174610091430012	0.471004243281471	0.4266920873078961	0.471004243281471	0.471004243281471	0.39473663513745333	0.48710178286734007	0.7424975675987481	0.6966363520124492	0.45833950956732583	0.3869289720714438
1	0.46534653465346537	0.46534653465346537	0.3936891233766234	0.5387240764892817	0.46534653465346537	0.42430941971383146	0.46534653465346537	0.46534653465346537	0.3890162373858026	0.4898166241441562	0.723631870158121	0.6844748488673033	0.44822510967936147	0.38173224586544074
2	0.4809052333804809	0.4809052333804809	0.4012904055977599	0.5423263726310961	0.4809052333804809	0.43160853868574456	0.4809052333804809	0.4809052333804809	0.4003741549471614	0.5016375170117915	0.7254230777694863	0.6851696963793272	0.4429100759478206	0.37451286565691777
3	0.49787835926449786	0.49787835926449786	0.4285829442706051	0.5523948465692032	0.49787835926449786	0.4905065911499735	0.49787835926449786	0.49787835926449786	0.43645387609231423	0.5124666039983083	0.7595833941850438	0.7230657441989918	0.47618405511297257	0.42844298830109184
4	0.48514851485148514	0.48514851485148514	0.3799098363785631	0.5101264499552652	0.48514851485148514	0.39349413751987283	0.48514851485148514	0.48514851485148514	0.3815700576194053	0.49376476596056185	0.7385290357688021	0.6814253890190027	0.45766569989034295	0.36752923314889197
