Times	Accuary	Precision	Recall	MCC	AUROC	AUPR
0	0.6940670180358783	0.04466501240694789	0.6329670329670329	0.10399546662489977	0.7281127109812959	0.054862534890404574
1	0.6845897200328804	0.04662283323371189	0.6857142857142857	0.11609623557250447	0.7230963736155074	0.05805928027893416
2	0.7783956288380639	0.05071832825424467	0.512087912087912	0.10462001844671315	0.708378129336302	0.05346156877043745
3	0.7451283787050916	0.05241635687732342	0.6197802197802198	0.12295234968023641	0.7599835594050961	0.07828554908866614
4	0.7278178037812485	0.05071205279610976	0.6417582417582418	0.12158210950448951	0.7548643732417093	0.06196307431731963
