Times	Accuary	Precision	Recall	MCC	AUROC	AUPR
0	0.6924490170861657	0.04347187545895139	0.6179540709812108	0.09874146950432176	0.7075087748264669	0.06930186314912279
1	0.7784769428623921	0.05031055900621118	0.5073068893528184	0.10304823076129858	0.6978487936531623	0.054034434249637366
2	0.7541796803233511	0.04381202022093241	0.48851774530271397	0.08477595527708702	0.6728837150064607	0.04739506622779436
3	0.7443505419805254	0.04717820900836746	0.5532359081419624	0.10120990818336098	0.7014590738014894	0.05597272783855736
4	0.6684732684181518	0.03747426218256692	0.569937369519833	0.07480437783981023	0.667201439464703	0.04774457487208823
