Times	Accuary	p_micro	p_macro	p_weigh	r_micro	r_macro	r_weigh	F1_micro	F1_macro	F1_weigh	roc_micro	roc_macro	pr_micro	pr_macro
0	0.5708215297450425	0.5708215297450425	0.495340585643545	0.6128896343922404	0.5708215297450425	0.5701644396497337	0.5708215297450425	0.5708215297450425	0.512970700927737	0.5832194965414254	0.8152360583906461	0.7983296526358405	0.5512691658195888	0.49456894585469413
1	0.6147308781869688	0.6147308781869688	0.5319751477430308	0.6633161641842066	0.6147308781869688	0.5879096007772479	0.6147308781869688	0.6147308781869688	0.5390839088815812	0.627665322461011	0.8442100222830345	0.8193113560589932	0.6384370287721641	0.550454611648769
2	0.5708215297450425	0.5708215297450425	0.49067232305788827	0.6289377256311701	0.5708215297450425	0.5558023885229767	0.5708215297450425	0.5708215297450425	0.5001130059083545	0.5893028698935029	0.8305900857883459	0.8090847229065085	0.5798633282395962	0.507303697149398
3	0.5679886685552408	0.5679886685552408	0.4880328358972282	0.6031858557167347	0.5679886685552408	0.5316364158275924	0.5679886685552408	0.5679886685552408	0.4968666498109545	0.5804114479214241	0.8115705928143231	0.7905050051410574	0.5317138333202885	0.4742344319913999
4	0.6203966005665722	0.6203966005665722	0.5419069231833282	0.660928137009427	0.6203966005665722	0.6053274913569031	0.6203966005665722	0.6203966005665722	0.5495301536395776	0.6316183147833305	0.832219181600045	0.8066302659348057	0.5875795525779544	0.5265611869603608
