Times	Accuary	Precision	Recall	MCC	AUROC	AUPR
0	0.6894882140581865	0.03568010936431989	0.5038610038610039	0.06260933998439681	0.6291547458221363	0.035787542409681114
1	0.24285410915268635	0.024138120635618848	0.8474903474903475	0.026849749667276667	0.6040458548492595	0.03338832792528169
2	0.10142280739010405	0.02297415984837979	0.9594594594594594	0.022329058116554796	0.6262084395471289	0.03438122782070013
3	0.02200042471862391	0.02200042471862391	1.0	nan	0.6162271652565656	0.031327689624122766
4	0.47853047356126566	0.030426449448969814	0.7355212355212355	0.061224438367811336	0.6650438724525665	0.04170032611127296
