Times	Accuary	p_micro	p_macro	p_weigh	r_micro	r_macro	r_weigh	F1_micro	F1_macro	F1_weigh	roc_micro	roc_macro	pr_micro	pr_macro
0	0.8002832861189801	0.8002832861189801	0.7205100612639456	0.815439590499541	0.8002832861189801	0.7772541449012037	0.8002832861189801	0.8002832861189803	0.7425039500159561	0.8051620554734323	0.9483256961107679	0.9370106020887101	0.8769331463791119	0.8299641805165134
1	0.8002832861189801	0.8002832861189801	0.7239340199980551	0.8102638779165113	0.8002832861189801	0.7647934173669467	0.8002832861189801	0.8002832861189803	0.7362737847764842	0.8019429110796622	0.949304089859748	0.9395719959060039	0.8703627485623494	0.8290558043824473
2	0.7875354107648725	0.7875354107648725	0.7101405726758917	0.7980046848157215	0.7875354107648725	0.7690416256592727	0.7875354107648725	0.7875354107648724	0.7340850693078311	0.7904331040871838	0.9485677867034752	0.937431523894372	0.8657563222107849	0.8273119163135179
3	0.7379603399433428	0.7379603399433428	0.6731670784218364	0.7624675939390057	0.7379603399433428	0.691081049536932	0.7379603399433428	0.7379603399433428	0.675189013792606	0.7405173701893875	0.9390252710478376	0.92795087467722	0.842710799695432	0.7975382869003472
4	0.7691218130311614	0.7691218130311614	0.6904416505480335	0.7877824413747504	0.7691218130311614	0.7674328740505211	0.7691218130311614	0.7691218130311614	0.7185539697044337	0.7738614892568939	0.9473486398788744	0.9389354713876161	0.8704852607726045	0.8358401869135965
