Times	Accuary	Precision	Recall	MCC	AUROC	AUPR
0	0.6265206812652068	0.5860927152317881	0.8613138686131386	0.28660688775928583	0.7368355621858738	0.7329185598879012
1	0.5182481751824818	0.5094339622641509	0.9854014598540146	0.1023825194723252	0.6512274968772385	0.6447004376818827
2	0.6995133819951338	0.7146596858638743	0.6642335766423357	0.4000237974834372	0.7753742873887794	0.7719418997256768
3	0.5888077858880778	0.5928753180661578	0.5669099756690997	0.17778615554677005	0.6487322476187092	0.6465262161696997
4	0.5583941605839416	0.6481481481481481	0.25547445255474455	0.14679516868351475	0.5895744164431894	0.6082356652465444
