Times	Accuary	p_micro	p_macro	p_weigh	r_micro	r_macro	r_weigh	F1_micro	F1_macro	F1_weigh	roc_micro	roc_macro	pr_micro	pr_macro
0	0.7690140845070422	0.7690140845070422	0.7053997354169768	0.7852488962119533	0.7690140845070422	0.7644281355218856	0.7690140845070422	0.7690140845070422	0.7271609724679451	0.7733185458612428	0.9409581432255505	0.931425679527303	0.8594152309273304	0.8289421366085188
1	0.7549295774647887	0.7549295774647887	0.6956740763961549	0.7811699345725741	0.7549295774647887	0.787557060994561	0.7549295774647887	0.7549295774647887	0.7253216798685544	0.758488030396968	0.9336189909409509	0.9279449568445512	0.8320496837470107	0.8394733285471436
2	0.7591549295774648	0.7591549295774648	0.7070098430916112	0.7706996530953731	0.7591549295774648	0.7536684958559958	0.7591549295774648	0.7591549295774647	0.7255747349818744	0.7616750201011988	0.9406605832176155	0.930864249392737	0.8515471661947914	0.8268674773662815
3	0.776056338028169	0.776056338028169	0.724809665176055	0.7866482521700671	0.776056338028169	0.7814361564361564	0.776056338028169	0.776056338028169	0.7465485971081139	0.7786109442614031	0.941285459234279	0.9326593525684427	0.857228394543743	0.8482677101999678
4	0.7591549295774648	0.7591549295774648	0.7011522085964862	0.7690000993243155	0.7591549295774648	0.769892433954934	0.7591549295774648	0.7591549295774647	0.728892752570827	0.7613635151810983	0.9380896647490576	0.930204238715143	0.8507903853165676	0.8370406131198234
