Times	Accuary	p_micro	p_macro	p_weigh	r_micro	r_macro	r_weigh	F1_micro	F1_macro	F1_weigh	roc_micro	roc_macro	pr_micro	pr_macro
0	0.45892351274787535	0.45892351274787535	0.3901689802973912	0.4620438099362158	0.45892351274787535	0.45752028288792995	0.45892351274787535	0.45892351274787535	0.4049479784590961	0.44599825238915575	0.7850282349857021	0.7433678001440034	0.4923382153619826	0.42985636235478925
1	0.4985835694050991	0.4985835694050991	0.4274272206204901	0.5052713860486281	0.4985835694050991	0.47398790597320006	0.4985835694050991	0.4985835694050991	0.44196072580488255	0.49909805804528434	0.7904177600868851	0.7434978468148857	0.4955125747460277	0.42721024239230077
2	0.4546742209631728	0.4546742209631728	0.3979172096336919	0.4745894727099305	0.4546742209631728	0.4656137229666641	0.4546742209631728	0.4546742209631728	0.41724970824527036	0.45748447999752617	0.7742565411273128	0.7385407738967077	0.47890774090283356	0.416808112748116
3	0.4603399433427762	0.4603399433427762	0.357168499030761	0.4558136839863726	0.4603399433427762	0.45114994195876545	0.4603399433427762	0.46033994334277617	0.36319467218646734	0.4421282567812221	0.7905000173877221	0.7517040205927359	0.4925119372294864	0.4504515615018003
4	0.4745042492917847	0.4745042492917847	0.40703027079431575	0.48023951911576446	0.4745042492917847	0.4699005728417493	0.4745042492917847	0.4745042492917847	0.37871592976148716	0.45041635703003174	0.7988681930411661	0.7535921153479127	0.5094796138177102	0.4448195129483962
