Times	Accuary	p_micro	p_macro	p_weigh	r_micro	r_macro	r_weigh	F1_micro	F1_macro	F1_weigh	roc_micro	roc_macro	pr_micro	pr_macro
0	0.8642149929278642	0.8642149929278642	0.826684609045298	0.868478963557208	0.8642149929278642	0.8568391461314255	0.8642149929278642	0.8642149929278642	0.8396456970050336	0.8641987094266318	0.9729031500846589	0.9674651347476001	0.9365906670827387	0.919479141321454
1	0.8514851485148515	0.8514851485148515	0.8113061021593635	0.85678292544815	0.8514851485148515	0.8278062069422364	0.8514851485148515	0.8514851485148515	0.8165714704734669	0.8506701494254022	0.9638834261280239	0.9603079257431013	0.9183648076641114	0.9019238706068686
2	0.8486562942008486	0.8486562942008486	0.8312157198184982	0.8522905359092846	0.8486562942008486	0.8129492083995761	0.8486562942008486	0.8486562942008486	0.8204397152361291	0.8482094588493722	0.9664365304988773	0.9575146683972925	0.9234539087684066	0.9004115017677066
3	0.8472418670438473	0.8472418670438473	0.8143811103009777	0.8570329795807223	0.8472418670438473	0.8273383677795442	0.8472418670438473	0.8472418670438473	0.8162432537017745	0.8468092067285637	0.9656109478395809	0.9644660623805275	0.920178776135476	0.9064876435474782
4	0.8656294200848657	0.8656294200848657	0.8347285770391548	0.8701603147132846	0.8656294200848657	0.8363266759406465	0.8656294200848657	0.8656294200848657	0.8335201065823279	0.8648196446013561	0.9726627441487329	0.9695433520717158	0.9337976055462325	0.9143702397012162
