Times	Accuary	Precision	Recall	MCC	AUROC	AUPR
0	0.7274939172749392	0.7980535279805353	0.6993603411513859	0.4595871025053761	0.8668194007849823	0.8722319697436466
1	0.745742092457421	0.7104622871046229	0.7643979057591623	0.49271223836374584	0.8429976142693921	0.8318469824992505
2	0.7493917274939172	0.7201946472019465	0.7648578811369509	0.4996360313570566	0.8553643419113076	0.8546193009043183
3	0.7384428223844283	0.7712895377128953	0.723744292237443	0.4779180177175331	0.8439803221624311	0.7958421554804836
4	0.7347931873479319	0.7445255474452555	0.7303102625298329	0.4696753573285235	0.8657064544964808	0.8666640822180974
