Times	Accuary	p_micro	p_macro	p_weigh	r_micro	r_macro	r_weigh	F1_micro	F1_macro	F1_weigh	roc_micro	roc_macro	pr_micro	pr_macro
0	0.5184135977337111	0.5184135977337111	0.4405431869012668	0.5505942783832171	0.5184135977337111	0.498629406717642	0.5184135977337111	0.5184135977337111	0.45390360052016854	0.5273845393157666	0.7606847552477483	0.7179324951572603	0.48059157680410264	0.4211405046536288
1	0.4603399433427762	0.4603399433427762	0.3739239229507576	0.5130296133475613	0.4603399433427762	0.3965706778206778	0.4603399433427762	0.46033994334277617	0.3725390152587722	0.4785127042022491	0.7347870806549555	0.686465488899451	0.45756457128428973	0.38689108713813775
2	0.5042492917847026	0.5042492917847026	0.4237280925828082	0.5446365533463227	0.5042492917847026	0.4686403840815605	0.5042492917847026	0.5042492917847026	0.43195449051727974	0.5155344861170909	0.7561920353532516	0.724316384689832	0.4643803403190248	0.40803343473860026
3	0.4688385269121813	0.4688385269121813	0.39237630793709555	0.5150233538055389	0.4688385269121813	0.43474225275695866	0.4688385269121813	0.4688385269121813	0.3981406994083204	0.483160384954125	0.7310560767413804	0.684376147535656	0.43079815745861394	0.3723573086820519
4	0.49291784702549574	0.49291784702549574	0.4084180946142957	0.534863785458873	0.49291784702549574	0.44877782193958665	0.49291784702549574	0.49291784702549574	0.41578756451869037	0.5078902800598094	0.763856677019049	0.7152226442943735	0.4879574722239276	0.42724314387383266
