Times	Accuary	Precision	Recall	MCC	AUROC	AUPR
0	0.5	nan	0.0	nan	0.6414211376915836	0.6358330790374744
1	0.5	nan	0.0	nan	0.6288028131493419	0.6255602653993706
2	0.5583941605839416	0.66	0.24087591240875914	0.15118578920369088	0.6347789795229722	0.6204478377121192
3	0.5	0.5	1.0	nan	0.6167350418242847	0.5963772724368979
4	0.5085158150851582	0.5043050430504306	0.9975669099756691	0.08183357278038766	0.5899799314472445	0.6109001183277327
