Times	Accuary	Precision	Recall	MCC	AUROC	AUPR
0	0.7961848862802641	0.8401650618982118	0.7907819782496116	0.5900415514060444	0.8723584736743066	0.8901922105853777
1	0.7992663242846662	0.8106626806178375	0.8425686172967375	0.5893853428765644	0.8755581356318907	0.8945016443450021
2	0.7985326485693324	0.8312483364386478	0.80864836872087	0.5917652617348906	0.8796195198976964	0.8996009320410991
3	0.7954512105649303	0.812246963562753	0.8311755567063698	0.5822051799231248	0.8754303788877464	0.8947842017252308
4	0.7776962582538518	0.86252703120173	0.7229414810978767	0.5678453467093126	0.8783968869793869	0.9009183436062107
