Times	Accuary	Precision	Recall	MCC	AUROC	AUPR
0	0.8025909023995289	0.8499721137757947	0.7914827317579849	0.6040812595755164	0.8844683706687291	0.9088548745203164
1	0.8015604298542618	0.8182049326214086	0.8356271098415996	0.5947318579305253	0.8846208468016906	0.9095757743752444
2	0.8008243780362138	0.8220732336255802	0.8278369254739029	0.5939654171825921	0.8803686383029579	0.9051416957236758
3	0.8050934785808921	0.8289507940640458	0.8267982342248766	0.6032414764079731	0.8874935765843264	0.9127846608303274
4	0.8028853231267481	0.8336875664187035	0.814853284861075	0.6001816354295896	0.884364881079208	0.9100017005106811
