Times	Accuary	Precision	Recall	MCC	AUROC	AUPR
0	0.8048384717509958	0.8273175798493898	0.8288241415192508	0.602419543769913	0.8881768441093623	0.9114337075489317
1	0.8023307272459065	0.8171225937183384	0.8392299687825182	0.5960227164859664	0.8883714437154653	0.9131801903078249
2	0.8043959286030388	0.81318407960199	0.8504162330905307	0.5996352206206744	0.8947743513198738	0.9196513238465879
3	0.7989378964449034	0.7961327285748389	0.867585848074922	0.5879988436765247	0.8837153678291529	0.905699454765285
4	0.8051335005163004	0.8162446728503384	0.8470343392299687	0.6013769469815402	0.8871208830948739	0.9092529569753046
