Times	Accuary	p_micro	p_macro	p_weigh	r_micro	r_macro	r_weigh	F1_micro	F1_macro	F1_weigh	roc_micro	roc_macro	pr_micro	pr_macro
0	0.49808819780780017	0.49808819780780017	0.2517294384148163	0.49443263645143115	0.49808819780780017	0.2535905866066793	0.49808819780780017	0.49808819780780017	0.22279559460641868	0.4376024271324644	0.8231665054513294	0.5503797641472301	0.5026586032566679	0.26220046122041285
1	0.5019118021921999	0.5019118021921999	0.25549881093632565	0.5018362234347951	0.5019118021921999	0.25553729018861393	0.5019118021921999	0.5019118021921999	0.2235895231901485	0.4391618164723827	0.8262152885584872	0.54976073390739	0.5145408581856632	0.2706238221486893
2	0.4883167643810009	0.4883167643810009	0.24289101971838456	0.4770727174619915	0.4883167643810009	0.24861567745284652	0.4883167643810009	0.4883167643810009	0.21674568021710275	0.42571952960307136	0.8214206306725123	0.5468923575870688	0.5064417845588836	0.2635661149413726
3	0.487212167558841	0.487212167558841	0.2422767470111043	0.4758661979699793	0.487212167558841	0.2480532964180654	0.487212167558841	0.487212167558841	0.21630177192025768	0.42484763019021804	0.8204246402282274	0.5461287214813404	0.49714486973106575	0.25842764784705863
4	0.48908148525788087	0.48908148525788087	0.24396928593290304	0.47919058659401703	0.48908148525788087	0.24900501816923343	0.48908148525788087	0.4890814852578809	0.21750755507900293	0.42721596084682056	0.8244998834410909	0.5852669378268169	0.5176880645393168	0.2713385739088737
