Times	Accuary	p_micro	p_macro	p_weigh	r_micro	r_macro	r_weigh	F1_micro	F1_macro	F1_weigh	roc_micro	roc_macro	pr_micro	pr_macro
0	0.6529016908828278	0.6529016908828278	0.4679339615172532	0.7548695471192844	0.6529016908828278	0.403408949734006	0.6529016908828278	0.6529016908828278	0.3377189219970089	0.6210200250621916	0.9069557869088718	0.8423467213261739	0.769690347889352	0.47495365700265835
1	0.726144957090662	0.726144957090662	0.3968222110931041	0.7773139881084881	0.726144957090662	0.38528238016957955	0.726144957090662	0.726144957090662	0.3647097484110534	0.7124089886688253	0.9263925237515174	0.8487914398291285	0.809795447373434	0.4697833836818298
2	0.7668451015379386	0.7668451015379386	0.4552511919020803	0.7846861387877564	0.7668451015379386	0.4015713391989565	0.7668451015379386	0.7668451015379386	0.40557876701745754	0.7601172841224476	0.9330953799818146	0.82126359507906	0.8164641072866612	0.4634374720326506
3	0.5784688588665137	0.5784688588665137	0.4357688072709628	0.6661255628239932	0.5784688588665137	0.3044249515265262	0.5784688588665137	0.5784688588665137	0.27861429654827263	0.5119291860513023	0.8821081390063352	0.7614038679437	0.6952686304846777	0.41831295083160475
4	0.6413459087433087	0.6413459087433087	0.41016981281142295	0.7265583097788735	0.6413459087433087	0.3470639855400411	0.6413459087433087	0.6413459087433087	0.31824274007937553	0.6020937314511318	0.9069352142921229	0.7977425172687218	0.7603479067083146	0.45530501789048283
