Times	Accuary	p_micro	p_macro	p_weigh	r_micro	r_macro	r_weigh	F1_micro	F1_macro	F1_weigh	roc_micro	roc_macro	pr_micro	pr_macro
0	0.48627750870932107	0.48627750870932107	0.25476871524930167	0.48283054109068735	0.48627750870932107	0.26439796666533555	0.48627750870932107	0.48627750870932107	0.21141946828759056	0.39671264043670496	0.7818924575550289	0.48787927929235175	0.4601192787705152	0.26228112012284177
1	0.4835585011470813	0.4835585011470813	0.24869492502334845	0.48425107080949653	0.4835585011470813	0.2617748529157294	0.4835585011470813	0.4835585011470813	0.2003629629486581	0.3861221913249213	0.776046456768603	0.46666389539734	0.45414874689374585	0.2454034588869795
2	0.48228396635228143	0.48228396635228143	0.2509894701981306	0.4742742547549578	0.48228396635228143	0.2623647429242039	0.48228396635228143	0.48228396635228143	0.21407379321805028	0.4036314534759346	0.789122864169929	0.4834364196432013	0.46484202871694147	0.24893019775101516
3	0.48738210553148104	0.48738210553148104	0.2542228280592914	0.4897285150325924	0.48738210553148104	0.2793032964180654	0.48738210553148104	0.48738210553148104	0.21531476346715556	0.40630980882856466	0.7718147319539892	0.4767164764159595	0.4494229998753927	0.2601723450817648
4	0.4898462061347608	0.4898462061347608	0.2556449092438995	0.49559416450692334	0.4898462061347608	0.2649760988060218	0.4898462061347608	0.4898462061347608	0.20501881826335597	0.391924178971569	0.7856905871269355	0.48545025996498203	0.4613659941597541	0.24706660717254383
