Times	Accuary	p_micro	p_macro	p_weigh	r_micro	r_macro	r_weigh	F1_micro	F1_macro	F1_weigh	roc_micro	roc_macro	pr_micro	pr_macro
0	0.4357209618489251	0.4357209618489251	0.21681430480331998	0.4258543181097413	0.4357209618489251	0.22183768818134625	0.4357209618489251	0.4357209618489251	0.21425457237575066	0.4208266373555827	0.7823025285152628	0.47214569052051136	0.4570256994512045	0.2409016609229785
1	0.43206729543716543	0.43206729543716543	0.2159410141217103	0.42413905025384097	0.43206729543716543	0.21997750475860875	0.43206729543716543	0.4320672954371655	0.21356506808431014	0.41947235226756	0.7790895062079355	0.468009564024557	0.45098364519438594	0.23995189944832374
2	0.4401393491375648	0.4401393491375648	0.21952601400989843	0.43118050300389266	0.4401393491375648	0.22408721232047066	0.4401393491375648	0.4401393491375648	0.21662807409984963	0.4254885343607889	0.7812587506871347	0.4699685896986454	0.4572602886731951	0.24245794427778838
3	0.43657065171212506	0.43657065171212506	0.21829842082013734	0.42876933432562614	0.43657065171212506	0.22227028897733173	0.43657065171212506	0.43657065171212506	0.2159224648735666	0.4241026168763162	0.7819318652405016	0.46806254456344465	0.4564043951298974	0.24236906220057833
4	0.437335372589005	0.437335372589005	0.2189127813095744	0.42997602623435477	0.437335372589005	0.2226596296937186	0.437335372589005	0.437335372589005	0.21623051832710247	0.42470767793774333	0.7809626238908142	0.4707072418726124	0.4590993706316866	0.24430263774753108
