Times	Accuary	p_micro	p_macro	p_weigh	r_micro	r_macro	r_weigh	F1_micro	F1_macro	F1_weigh	roc_micro	roc_macro	pr_micro	pr_macro
0	0.47302234684340216	0.47302234684340216	0.24022399707160494	0.4576715395114801	0.47302234684340216	0.25764939424796235	0.47302234684340216	0.47302234684340216	0.20791254811306736	0.39443244610796646	0.7765718207787174	0.474864564980925	0.4539730114395614	0.2498542064723867
1	0.4863624776956411	0.4863624776956411	0.2555990512487595	0.48709188359310424	0.4863624776956411	0.26444122674493414	0.4863624776956411	0.4863624776956411	0.20340466491640224	0.3848685620888289	0.7816536626238088	0.47357191426383904	0.456180396859261	0.24512535761749704
2	0.4889965162715609	0.4889965162715609	0.2528946060692645	0.491724495832113	0.4889965162715609	0.26454349801003635	0.4889965162715609	0.4889965162715609	0.21072141274388284	0.4052961945645085	0.7893956784624832	0.47763931930036285	0.4683063198090089	0.2541266466358395
3	0.4812643385164415	0.4812643385164415	0.24595092507773003	0.4771830953485469	0.4812643385164415	0.2606068307665686	0.4812643385164415	0.4812643385164415	0.20778902967101376	0.39823493648151176	0.7847934155150712	0.49922010578571596	0.46243586724833285	0.25039723249427914
4	0.48185912142068144	0.48185912142068144	0.2448366398877892	0.4749944797949168	0.48185912142068144	0.26090965132375843	0.48185912142068144	0.48185912142068144	0.19621524001875326	0.3755023575366861	0.7824107233686057	0.4774323294217008	0.4589273349831201	0.24899242260484775
