Times	Accuary	p_micro	p_macro	p_weigh	r_micro	r_macro	r_weigh	F1_micro	F1_macro	F1_weigh	roc_micro	roc_macro	pr_micro	pr_macro
0	0.62418217350667	0.62418217350667	0.3542562059015979	0.6788646345647689	0.62418217350667	0.319027335933375	0.62418217350667	0.62418217350667	0.30056003056877945	0.5860875987032982	0.8926210794758727	0.7924000873620799	0.7326167102438768	0.4114847596556388
1	0.6078681281332313	0.6078681281332313	0.3458921757346275	0.6645546379710807	0.6078681281332313	0.3107214006504541	0.6078681281332313	0.6078681281332313	0.2905953737410738	0.5665905702704733	0.887161685531613	0.7600160809533945	0.7231856452225431	0.4052821051751401
2	0.6269861500552298	0.6269861500552298	0.3462161273412966	0.6800180133929317	0.6269861500552298	0.31921612735767435	0.6269861500552298	0.6269861500552298	0.300398478520451	0.5900255951634586	0.8909272432977773	0.7996592760987369	0.7317647309340336	0.4101453838516267
3	0.6440649163055485	0.6440649163055485	0.37910055001667964	0.6955249504436888	0.6440649163055485	0.3316277769643404	0.6440649163055485	0.6440649163055485	0.31938607794162055	0.6146110246518033	0.8961454369378928	0.7737822940035785	0.7442784793369137	0.41268687206700627
4	0.6033647718582718	0.6033647718582718	0.3624206704763613	0.6643993728211035	0.6033647718582718	0.3109061988366366	0.6033647718582718	0.6033647718582718	0.29074290234273964	0.5584082134325858	0.8874473328918181	0.7522547940148873	0.7250958238243708	0.4082623383595906
