Times	Accuary	p_micro	p_macro	p_weigh	r_micro	r_macro	r_weigh	F1_micro	F1_macro	F1_weigh	roc_micro	roc_macro	pr_micro	pr_macro
0	0.43079276064236555	0.43079276064236555	0.21510473653338424	0.42249648140927093	0.43079276064236555	0.21932860356463058	0.43079276064236555	0.43079276064236555	0.21254758793037945	0.4174738756562708	0.7772518085137462	0.46663218862403383	0.4526263169648841	0.24097091886468294
1	0.4293482878749256	0.4293482878749256	0.21407845234205905	0.42048071240878887	0.4293482878749256	0.21859318221145527	0.4293482878749256	0.4293482878749256	0.21181908070968475	0.4160429832343506	0.781141126868193	0.46741888393593	0.4560457144054653	0.24203350667499235
2	0.437845186506925	0.437845186506925	0.21846431137795674	0.429095167118094	0.437845186506925	0.2229191901713099	0.437845186506925	0.437845186506925	0.21572336640091536	0.42371155898747215	0.7820197004590903	0.4734381206685342	0.4590098120278464	0.24280117609435825
3	0.4426884187271646	0.4426884187271646	0.22076289545479805	0.4336099151442869	0.4426884187271646	0.22538501470842706	0.4426884187271646	0.4426884187271646	0.2176273928644174	0.4274513394046965	0.7808113898284944	0.4676321492008825	0.454614640648754	0.23956750006903674
4	0.44345313960404453	0.44345313960404453	0.22195391011998963	0.4359492383663591	0.44345313960404453	0.225774355424814	0.44345313960404453	0.44345313960404453	0.2191851867509047	0.43051106949901546	0.7828988034967543	0.47376629252200586	0.4593229541415125	0.24335081048727736
