Times	Accuary	p_micro	p_macro	p_weigh	r_micro	r_macro	r_weigh	F1_micro	F1_macro	F1_weigh	roc_micro	roc_macro	pr_micro	pr_macro
0	0.5280822499787577	0.5280822499787577	0.2729047868754707	0.5360240507616095	0.5280822499787577	0.2688613947049663	0.5280822499787577	0.5280822499787577	0.24891455175638172	0.48890379627840264	0.858724135860632	0.6137462524863362	0.6279064318190786	0.33371884208800096
1	0.6338686379471493	0.6338686379471493	0.33654862502887084	0.6351308602336184	0.6338686379471493	0.34201830733291627	0.6338686379471493	0.6338686379471493	0.33148119385158537	0.6309169993471899	0.879556059993182	0.6201026882177202	0.6681638137246217	0.3468493528824176
2	0.5487297136545161	0.5487297136545161	0.2927042885923103	0.5667326427930053	0.5487297136545161	0.28061238524986576	0.5487297136545161	0.5487297136545161	0.2618355174875003	0.5105316959598044	0.8687196889169102	0.6534999657518519	0.6474436128251233	0.34135433817864347
3	0.550259155408276	0.550259155408276	0.3012051250882074	0.5599788431364038	0.550259155408276	0.28139106668263963	0.550259155408276	0.550259155408276	0.2660494641382272	0.5180404843774583	0.857738139927356	0.5977967271181834	0.6055604706971858	0.32154095334415633
4	0.5831421531141133	0.5831421531141133	0.32135394316593635	0.5837384442368752	0.5831421531141133	0.29937150868972984	0.5831421531141133	0.5831421531141133	0.29624860276277437	0.573047355711723	0.8657493180791827	0.615287846970108	0.6296925145100268	0.32785572320843753
