Times	Accuary	Precision	Recall	MCC	AUROC	AUPR
0	0.8454841396017867	0.8799365811473047	0.8348147135238616	0.6904111336639805	0.9256831712303566	0.9425724399493556
1	0.8461654932243168	0.8578398156931833	0.8655818405579105	0.6884464503321284	0.925151170820685	0.9413308524787596
2	0.833901128018775	0.8754584127915506	0.8160809517297962	0.6685527984786288	0.9215173518618265	0.9378990324552161
3	0.8457112574759633	0.8682116431662711	0.8504033912211131	0.688778537720916	0.9272678081504266	0.943498196244783
4	0.8446513740631387	0.8474441949544314	0.8773417202242582	0.6848870238812471	0.9265792469906846	0.9429870620880292
