Times	Accuary	Precision	Recall	MCC	AUROC	AUPR
0	0.8362427265170407	0.8979938271604938	0.7944027303754266	0.6787407182434257	0.9246846758372405	0.9417297470133474
1	0.837980805561853	0.897987402058688	0.7979522184300342	0.6817104603810444	0.9258947432878657	0.9423867771678851
2	0.8395677472984207	0.8820505287896592	0.8197952218430035	0.6802307148658876	0.9233437162775757	0.9401430634574043
3	0.8400967278772765	0.8758839659402511	0.8285324232081911	0.679798889225765	0.9236535986375853	0.9404720842262653
4	0.8353359026675735	0.9082830847350047	0.7814334470989761	0.6804386333395539	0.9254570190012501	0.9421071264173633
