Times	Accuary	Precision	Recall	MCC	AUROC	AUPR
0	0.8441578034246059	0.8622680412371134	0.8549816001090363	0.6850626554974484	0.9252636580972413	0.9416013571541615
1	0.8309572301425662	0.9002513352183474	0.7811094452773614	0.6705115782063403	0.9227939124725106	0.939373048549891
2	0.8415176887681979	0.8725099601593626	0.8357639362137114	0.6817310232804139	0.9245854153697108	0.941035874758926
3	0.8406125066002866	0.8857058476077968	0.8175003407387216	0.6829828593394992	0.925783583945128	0.9417877364735894
4	0.8321641396997812	0.8306597671410091	0.8751533324246967	0.6594607101768488	0.9191661847209073	0.9361484438096535
