Times	Accuary	p_micro	p_macro	p_weigh	r_micro	r_macro	r_weigh	F1_micro	F1_macro	F1_weigh	roc_micro	roc_macro	pr_micro	pr_macro
0	0.8035385182454847	0.8035385182454847	0.585334807230583	0.8000314407517795	0.8035385182454847	0.5005593501419456	0.8035385182454847	0.8035385182454847	0.5145348951869905	0.7876150483422838	0.9595249006311142	0.9432522312982182	0.8996204633344855	0.646617940856113
1	0.6922226317729451	0.6922226317729451	0.5343078091569101	0.7283685876037785	0.6922226317729451	0.4328344154931557	0.6922226317729451	0.6922226317729451	0.4452970696623727	0.6770426028895044	0.9146519239275458	0.88251485575781	0.7825542354629806	0.5643246600889636
2	0.8182823442683377	0.8182823442683377	0.616088521392008	0.8175103102246558	0.8182823442683377	0.5555829609017062	0.8182823442683377	0.8182823442683377	0.5757039174543479	0.8129978128348054	0.955910815522066	0.9297529095900903	0.8912555827746811	0.6571492160231533
3	0.784371544415776	0.784371544415776	0.608773287498269	0.8047900537466739	0.784371544415776	0.46865460831436045	0.784371544415776	0.7843715444157758	0.4743200930801195	0.7601692403949161	0.9503877228619019	0.937284217073229	0.8841112378962779	0.6458580471839637
4	0.83007740508662	0.83007740508662	0.6034836011699366	0.8246409179547072	0.83007740508662	0.5596558169603958	0.83007740508662	0.83007740508662	0.5750995352708217	0.8242591172246052	0.9595367659782637	0.940878303404149	0.9002390143963579	0.6692427986016297
