Times	Accuary	Precision	Recall	MCC	AUROC	AUPR
0	0.8683522231909329	0.7625	0.15979043876882776	0.3096211228471413	0.843759315793063	0.5015237082796169
1	0.8680616099970939	0.7777777777777778	0.1512770137524558	0.30535090451516395	0.8438708447281955	0.5126445857973024
2	0.8676741257386419	0.7728813559322034	0.14931237721021612	0.3019251824917207	0.8430331120325277	0.4999801838764103
3	0.8683522231909329	0.7745098039215687	0.15520628683693516	0.30847326629574623	0.8427784121079029	0.5071172608698125
4	0.8699990312893539	0.7390180878552972	0.18729535036018335	0.3285878415520488	0.8433997876036408	0.5081161521890821
