Times	Accuary	Precision	Recall	MCC	AUROC	AUPR
0	0.8659743788819876	0.5937940761636107	0.27807133421400265	0.34310054402996654	0.8480109046698016	0.5121347048406371
1	0.8693711180124224	0.7978723404255319	0.14861294583883752	0.30841549988693756	0.8471089700527349	0.5124338655007593
2	0.8698563664596274	0.7678018575851393	0.16380449141347425	0.3154731657725718	0.8463556295958989	0.509935140984228
3	0.8691770186335404	0.8029197080291971	0.1453104359313078	0.30624441500589394	0.8408676771820988	0.49339878560552086
4	0.8698563664596274	0.8013937282229965	0.15191545574636725	0.31289889189472864	0.8442625371391473	0.5044132053776802
