Times	Accuary	p_micro	p_macro	p_weigh	r_micro	r_macro	r_weigh	F1_micro	F1_macro	F1_weigh	roc_micro	roc_macro	pr_micro	pr_macro
0	0.7932940309506263	0.7932940309506263	0.6199509213515986	0.8153869999155647	0.7932940309506263	0.491121370548388	0.7932940309506263	0.7932940309506263	0.5069230883700556	0.7763797314035532	0.9538759513115306	0.9350985143948158	0.8887321277442672	0.6587879558273005
1	0.7498157700810612	0.7498157700810612	0.5795465587150197	0.7554786156512964	0.7498157700810612	0.4333719818984175	0.7498157700810612	0.7498157700810612	0.4237569240735574	0.7150869522776823	0.9373284752025896	0.9288751281761103	0.8412406241861792	0.6684650003302968
2	0.8002947678703022	0.8002947678703022	0.5855363251793058	0.8023618965403189	0.8002947678703022	0.5302688534727492	0.8002947678703022	0.8002947678703023	0.5470918906568628	0.7942614712491968	0.9539224952741022	0.9260387863395236	0.8836908167969068	0.6436615744859826
3	0.7641857037582903	0.7641857037582903	0.39331610138507456	0.6990998058517316	0.7641857037582903	0.4299336650082919	0.7641857037582903	0.7641857037582903	0.4064231397549327	0.7223969145828281	0.9470932492111737	0.93465527530734	0.8746895241585059	0.6806125814868192
4	0.7829771554900515	0.7829771554900515	0.625579209526744	0.7956344138042392	0.7829771554900515	0.47187368243528127	0.7829771554900515	0.7829771554900515	0.4797735782415482	0.7579743695075787	0.9447435597365625	0.9336803272947091	0.8765642616990492	0.659585026599023
