Times	Accuary	p_micro	p_macro	p_weigh	r_micro	r_macro	r_weigh	F1_micro	F1_macro	F1_weigh	roc_micro	roc_macro	pr_micro	pr_macro
0	0.8222304011777696	0.8222304011777696	0.6221609589971113	0.8326394855101497	0.8222304011777696	0.5519632101032267	0.8222304011777696	0.8222304011777696	0.5722695820960362	0.8162954756411216	0.9610708206489157	0.9503818939943849	0.903309910246723	0.6783417495939317
1	0.6716967243283033	0.6716967243283033	0.3444786324112808	0.6121247100779034	0.6716967243283033	0.378003314001657	0.6716967243283033	0.6716967243283033	0.35704612580233275	0.634456641653906	0.9078985862493213	0.891438600969459	0.7727158804663594	0.5698636957226331
2	0.7677585572322414	0.7677585572322414	0.39519968468453154	0.7022539851516078	0.7677585572322414	0.432062966031483	0.7677585572322414	0.7677585572322414	0.4081966973549613	0.725349155255706	0.9456948658661073	0.9432243733990571	0.8786489497899161	0.6466654812574334
3	0.7581891792418108	0.7581891792418108	0.5670931279461091	0.7622933947878939	0.7581891792418108	0.536322465796368	0.7581891792418108	0.7581891792418108	0.5479075788888426	0.7563933626769315	0.931586664244588	0.9098338147205921	0.8251329608688087	0.6194402608073042
4	0.7622377622377622	0.7622377622377622	0.38938011275239637	0.6919128392964924	0.7622377622377622	0.42895608947804476	0.7622377622377622	0.7622377622377621	0.40529525797838695	0.7201934138828311	0.9492350561835093	0.9474405544588222	0.8818814860194574	0.7212178525969202
