Times	Accuary	Precision	Recall	MCC	AUROC	AUPR
0	0.8708548089079062	0.7727272727272727	0.16909814323607428	0.32225795042482974	0.8501644033341645	0.5241819459101885
1	0.8702713215987552	0.7457627118644068	0.17506631299734748	0.3197813635856097	0.8459946571750285	0.5002507633659528
2	0.8712438004473403	0.7967741935483871	0.16379310344827586	0.32401117911581606	0.8475453233278167	0.5129645469522
3	0.8700768258290382	0.7925170068027211	0.15450928381962864	0.31322144473665237	0.851119915058907	0.5266581223369565
4	0.8704658173684723	0.7233502538071066	0.1889920424403183	0.3254001960717162	0.8494166723344441	0.5253180237662011
