Times	Accuary	Precision	Recall	MCC	AUROC	AUPR
0	0.7480383609415867	0.6700302724520686	0.5994583207944628	0.4434973075988861	0.8101881337014041	0.6827806633230403
1	0.7372493461203139	0.6475728155339806	0.6021667168221486	0.4231706925407641	0.8039819390906275	0.6673061735631386
2	0.7361595466434177	0.6228882833787466	0.6879325910321998	0.44292964556242653	0.8050510914948591	0.6720472536621567
3	0.7397558849171753	0.6482714874722486	0.6151068311766477	0.4307443829135817	0.8063581932283261	0.6786228272374365
4	0.7387750653879687	0.6474522292993631	0.6117965693650316	0.4281628774953972	0.8025752976204706	0.6613923823617802
