Times	Accuary	Precision	Recall	MCC	AUROC	AUPR
0	0.7852686877530918	0.735273492286115	0.6346852300242131	0.5238950487112414	0.8481476354165932	0.7716912108579236
1	0.7874575900186057	0.7251984126984127	0.6637409200968523	0.5322495995568596	0.8507695683613605	0.772688689615314
2	0.7840647915070592	0.6967188885604493	0.7133777239709443	0.5348031675644837	0.851517276255288	0.7715336196793775
3	0.7858159133194703	0.71648987463838	0.674636803874092	0.5307115320981829	0.8462923754757622	0.7677841573988861
4	0.7810003283353398	0.7012666048810627	0.687046004842615	0.5236333555198701	0.8480464276270646	0.7605931212924165
