Times	Accuary	p_micro	p_macro	p_weigh	r_micro	r_macro	r_weigh	F1_micro	F1_macro	F1_weigh	roc_micro	roc_macro	pr_micro	pr_macro
0	0.8616841393304024	0.8616841393304024	0.6562172814872846	0.861943400675874	0.8616841393304024	0.5955126488095238	0.8616841393304024	0.8616841393304024	0.6161042792072362	0.8560733224098768	0.9730314990572229	0.9533187623804426	0.9348377732188422	0.7136875966867302
1	0.8476496449103822	0.8476496449103822	0.648671290995942	0.8479630001195042	0.8476496449103822	0.5814047619047619	0.8476496449103822	0.8476496449103822	0.6036258817635044	0.8420722680273067	0.9682710430688667	0.9553141360122487	0.9250535810020662	0.7109499413339202
2	0.8336151504903618	0.8336151504903618	0.6328610139482662	0.833983385734019	0.8336151504903618	0.5959494047619047	0.8336151504903618	0.8336151504903618	0.6101219887595183	0.8303248977604369	0.9631080946159981	0.9470193971828722	0.9074953322313106	0.6943114452646194
3	0.8750422725735543	0.8750422725735543	0.6444222215722597	0.8725214820493029	0.8750422725735543	0.6532522321428571	0.8750422725735543	0.8750422725735543	0.6485173198241556	0.8733694479813784	0.9726563972761499	0.945426661437129	0.9324435970181174	0.6931569013576004
4	0.8738586405140345	0.8738586405140345	0.6619246224034413	0.8732625878428378	0.8738586405140345	0.6298407738095239	0.8738586405140345	0.8738586405140345	0.6426875385736062	0.8709198251385105	0.9754715667360373	0.9549367337040509	0.9376339690738761	0.7172239425814022
