Times	Accuary	Precision	Recall	MCC	AUROC	AUPR
0	0.7373307121013543	0.6379939209726444	0.6335647449441594	0.43038434498175954	0.8040360248517152	0.6715101372048027
1	0.7318698121450415	0.6307926829268292	0.6245095079987927	0.4181674974065724	0.7978238709146503	0.6528839516736697
2	0.7321974661424203	0.6458827516096238	0.5753093872623001	0.4076389943412705	0.7996020117720664	0.6479195165101417
3	0.7333988641328091	0.6344019728729963	0.6211892544521581	0.4201620488961581	0.8011800788506621	0.6539528662764279
4	0.7333988641328091	0.650448585231194	0.5689707214005433	0.4087134567892532	0.8020205643609658	0.657313885982859
