Times	Accuary	p_micro	p_macro	p_weigh	r_micro	r_macro	r_weigh	F1_micro	F1_macro	F1_weigh	roc_micro	roc_macro	pr_micro	pr_macro
0	0.8728440987487318	0.8728440987487318	0.6689886225462613	0.8794147296819274	0.8728440987487318	0.6283831845238095	0.8728440987487318	0.8728440987487318	0.643246790011717	0.8703672277026577	0.9763742489148658	0.9591812006348925	0.9396932064259117	0.7363204079323249
1	0.8539059857964153	0.8539059857964153	0.6589694398558603	0.8630481071819277	0.8539059857964153	0.6008794642857143	0.8539059857964153	0.8539059857964153	0.6202311849498219	0.8497647316173383	0.9700143256895979	0.9546898254235304	0.9246581195754139	0.711249685172708
2	0.8698004734528239	0.8698004734528239	0.664706446332329	0.8687882027680598	0.8698004734528239	0.6186934523809524	0.8698004734528239	0.8698004734528239	0.636680833597702	0.8667164973602443	0.9720859343522515	0.9572525369155891	0.9321992573608511	0.7142363281632276
3	0.8726750084545147	0.8726750084545147	0.6504914820258205	0.8692360803845269	0.8726750084545147	0.6468973214285714	0.8726750084545147	0.8726750084545147	0.6485734154315471	0.8708266075050427	0.9727530318741779	0.9529290778059514	0.9333913692627592	0.7223882483520333
4	0.8713222861007778	0.8713222861007778	0.6445638568055289	0.8685530086888494	0.8713222861007778	0.6487938988095239	0.8713222861007778	0.8713222861007779	0.6464213107512635	0.8695005481208913	0.9727247882101653	0.956120772242542	0.931099215882529	0.7066783295530444
