Times	Accuary	p_micro	p_macro	p_weigh	r_micro	r_macro	r_weigh	F1_micro	F1_macro	F1_weigh	roc_micro	roc_macro	pr_micro	pr_macro
0	0.8621914102130538	0.8621914102130538	0.6613240072340609	0.8620408975592545	0.8621914102130538	0.5913675595238095	0.8621914102130538	0.8621914102130538	0.6144248322371076	0.856419617270614	0.9713710937444902	0.9496682166189014	0.9335140291018261	0.7000365510308675
1	0.8687859316875212	0.8687859316875212	0.6607362481683918	0.8736272350079608	0.8687859316875212	0.6116235119047619	0.8687859316875212	0.8687859316875212	0.6291760557699572	0.8653362505215675	0.9734191763451846	0.9587669238023847	0.9349040996570274	0.7170620012082864
2	0.8550896178559351	0.8550896178559351	0.6560231863125656	0.8545309061583235	0.8550896178559351	0.5932752976190476	0.8550896178559351	0.8550896178559351	0.6152041166153832	0.8503687494152987	0.9702322264866804	0.9546764595308309	0.9298442388058998	0.7185839936255964
3	0.8885694961109233	0.8885694961109233	0.6694081936702017	0.8851509295081166	0.8885694961109233	0.6558497023809524	0.8885694961109233	0.8885694961109233	0.6620935456695558	0.8865620379401634	0.9791095431771523	0.9551880525896882	0.9478835379434617	0.725675739449031
4	0.8708150152181264	0.8708150152181264	0.6670394933793017	0.8739427063252821	0.8708150152181264	0.6245818452380952	0.8708150152181264	0.8708150152181263	0.6405308179113937	0.8677641730268771	0.9744253074361189	0.9536856257793906	0.9375156389197774	0.7184068779147881
