Times	Accuary	Precision	Recall	MCC	AUROC	AUPR
0	0.949725218807246	nan	0.0	nan	0.7167063484488531	0.10253930921729164
1	0.949725218807246	nan	0.0	nan	0.7287453731099816	0.10458332612598085
2	0.949725218807246	nan	0.0	nan	0.7245111071390764	0.09658305143753403
3	0.949725218807246	nan	0.0	nan	0.7420663912079979	0.1061933765706352
4	0.949725218807246	nan	0.0	nan	0.7238100237570086	0.0960074006299682
