Times	Accuary	Precision	Recall	MCC	AUROC	AUPR
0	0.948447331033083	nan	0.0	nan	0.726950011036765	0.10473447119153581
1	0.948447331033083	nan	0.0	nan	0.7227480365510699	0.10631617478585467
2	0.948447331033083	nan	0.0	nan	0.7217340864170281	0.10150771335795325
3	0.948447331033083	nan	0.0	nan	0.7229236980408479	0.10025816091886004
4	0.948447331033083	nan	0.0	nan	0.6860710127369324	0.09977809471964595
