Times	Accuary	Precision	Recall	MCC	AUROC	AUPR
0	0.9475070936359952	nan	0.0	nan	0.6895711601593955	0.09564846037942397
1	0.9475070936359952	nan	0.0	nan	0.6983759007288418	0.09718134498872741
2	0.9475070936359952	nan	0.0	nan	0.7026205273264097	0.109972291590264
3	0.9475070936359952	nan	0.0	nan	0.71709867239279	0.10259848428397833
4	0.9475070936359952	nan	0.0	nan	0.7285503685503685	0.10488370033142645
