Times	Accuary	Precision	Recall	MCC	AUROC	AUPR
0	0.726560726447219	0.2970059880239521	0.5344827586206896	0.24021527058968783	0.718233723189632	0.31644860009967885
1	0.6952326901248581	0.2908443869297962	0.6458333333333334	0.2677553257198908	0.7352057785814561	0.3128112195870386
2	0.7771850170261067	0.3485411140583554	0.47198275862068967	0.2725474923296169	0.7281230727990009	0.3178772325154918
3	0.7513053348467651	0.32268086995117623	0.5222701149425287	0.2646537462996267	0.7170954640467578	0.2986217125742079
4	0.7575482406356413	0.3358340688437776	0.5466954022988506	0.2869000374470771	0.7447142880938878	0.3321268569435958
