Times	Accuary	p_micro	p_macro	p_weigh	r_micro	r_macro	r_weigh	F1_micro	F1_macro	F1_weigh	roc_micro	roc_macro	pr_micro	pr_macro
0	0.8	0.8	0.6336593931020243	0.8248827851594644	0.8	0.6976130214077789	0.8	0.8000000000000002	0.6257196250022105	0.8096492228349542	0.9509171576946791	0.9313797981797639	0.8841078983238861	0.6849475029345073
1	0.8135371179039301	0.8135371179039301	0.6406916625038247	0.8421663910126737	0.8135371179039301	0.7438398509737865	0.8135371179039301	0.8135371179039302	0.6449122243831691	0.826434907101926	0.9537519625229622	0.9341313092262905	0.8869917270707862	0.6855756646691096
2	0.8104803493449781	0.8104803493449781	0.6436361801048747	0.8362553721498243	0.8104803493449781	0.7492796855269144	0.8104803493449781	0.810480349344978	0.652295430167785	0.8177507191514963	0.9558375444149932	0.9442008817728964	0.8900214396799256	0.7225152325268818
3	0.8192139737991266	0.8192139737991266	0.6450282262498997	0.8375881049027022	0.8192139737991266	0.7474073592064979	0.8192139737991266	0.8192139737991265	0.656602171758184	0.8269992515361154	0.9574777368852617	0.9455750835012033	0.8966219937005693	0.743784830933207
4	0.8126637554585153	0.8126637554585153	0.6417504123952695	0.8417364181245433	0.8126637554585153	0.7411100256201582	0.8126637554585153	0.8126637554585153	0.6434412760695494	0.8259503176713668	0.9533325705713724	0.9324283185160351	0.8885887537746084	0.6909286591296977
