Times	Accuary	Precision	Recall	MCC	AUROC	AUPR
0	0.7649649875762368	0.3223958333333333	0.4424588992137241	0.2371570549746958	0.7155722037730313	0.290366903329402
1	0.6584594533544161	0.2615203991781626	0.6368834882058614	0.22444396498857122	0.7094868951617737	0.28688225897851555
2	0.7275807544612605	0.3134438305709024	0.6082916368834882	0.28339681734504335	0.7437967811635119	0.3106889434708152
3	0.7071380167156087	0.29285218598195695	0.6032880629020729	0.2568190181513209	0.7279808946603135	0.3016960945418805
4	0.6534899480460808	0.27168262653898767	0.7097927090779128	0.26130960683859966	0.7411663691944375	0.3184917065143831
