Times	Accuary	p_micro	p_macro	p_weigh	r_micro	r_macro	r_weigh	F1_micro	F1_macro	F1_weigh	roc_micro	roc_macro	pr_micro	pr_macro
0	0.8240174672489083	0.8240174672489083	0.6741590863862783	0.8406210726122556	0.8240174672489083	0.7882435397699841	0.8240174672489083	0.8240174672489082	0.6813858088428679	0.8286391761601417	0.9574501503276698	0.9502410680643878	0.8985062582876968	0.7817208172851197
1	0.7895196506550218	0.7895196506550218	0.633263087639808	0.8246840249632804	0.7895196506550218	0.793924116030297	0.7895196506550218	0.7895196506550217	0.6392055203975784	0.8005934844408633	0.9437217698620036	0.9408440097093134	0.8653846027017318	0.7630482330146292
2	0.8117903930131004	0.8117903930131004	0.6564201174117221	0.8408964203428634	0.8117903930131004	0.7981053245514835	0.8117903930131004	0.8117903930131004	0.6541750321380627	0.8217018984277786	0.9523782282310914	0.9467701151234883	0.8861022432435073	0.7186080580681704
3	0.7873362445414848	0.7873362445414848	0.6272252091277708	0.811399593236547	0.7873362445414848	0.7881900416128318	0.7873362445414848	0.7873362445414849	0.6393019697309128	0.7973472443844097	0.9413645811483381	0.9318610236029048	0.8606700696122103	0.7504789568773529
4	0.8174672489082969	0.8174672489082969	0.652983008627295	0.8385389155409706	0.8174672489082969	0.7797652282504334	0.8174672489082969	0.8174672489082969	0.6561088036896329	0.8259525045248922	0.9529286881129905	0.9467660412580585	0.8892673826477713	0.7719545278969044
