Times	Accuary	Precision	Recall	MCC	AUROC	AUPR
0	0.7311088177961242	0.3110590074247753	0.5776487663280117	0.2704029480494534	0.7476911948960802	0.3245159065126314
1	0.7588579291365669	0.3247945867568874	0.4876632801161103	0.25501545864598957	0.7095133898243778	0.2996563303047941
2	0.7712418300653595	0.3504604944255938	0.5246734397677794	0.2936993676736573	0.7312113844390766	0.31161872480570313
3	0.7415434009861255	0.3098958333333333	0.5181422351233672	0.24951640690148755	0.7173060270664458	0.3060029560132435
4	0.6839811948171082	0.2755700325732899	0.613933236574746	0.23756001957256231	0.7206933352993392	0.3061582890883022
