Times	Accuary	p_micro	p_macro	p_weigh	r_micro	r_macro	r_weigh	F1_micro	F1_macro	F1_weigh	roc_micro	roc_macro	pr_micro	pr_macro
0	0.8212412587412588	0.8212412587412588	0.6426833221059846	0.8447985333437942	0.8212412587412588	0.6953401631191566	0.8212412587412588	0.8212412587412588	0.6386266398912003	0.8318219209643329	0.95525733735961	0.9332777404667411	0.8954048038220915	0.7214376827804584
1	0.8116258741258742	0.8116258741258742	0.6376717505548588	0.8381665961624502	0.8116258741258742	0.7418262809400664	0.8116258741258742	0.8116258741258741	0.6442611424575604	0.8227006656194805	0.9538538202764602	0.9387334903178141	0.8928144490525074	0.7469604915056175
2	0.8299825174825175	0.8299825174825175	0.6537306962063721	0.8501612275362584	0.8299825174825175	0.7344523638287315	0.8299825174825175	0.8299825174825175	0.6599387442868254	0.8379977040283453	0.9566241778326569	0.9291414981553885	0.8956516103767014	0.750572932914064
3	0.8251748251748252	0.8251748251748252	0.652212884306245	0.8435998807576227	0.8251748251748252	0.7235330861698477	0.8251748251748252	0.8251748251748252	0.6535399068568511	0.8329156445139858	0.9592270710059172	0.944465145378658	0.9040020844075577	0.7676693901852361
4	0.8146853146853147	0.8146853146853147	0.6458005982182189	0.8381738373953164	0.8146853146853147	0.7320395687463521	0.8146853146853147	0.8146853146853147	0.6425545782402111	0.824145500102225	0.955032502098717	0.9440653047048063	0.89327582087678	0.7726570364710447
