Times	Accuary	Precision	Recall	MCC	AUROC	AUPR
0	0.7671184022824536	0.11279520620373634	0.7710843373493976	0.23364322585188826	0.8300141776252311	0.2031538207412085
1	0.7600748930099858	0.11266167460857726	0.7975903614457831	0.23879048027145328	0.8324356401627249	0.16639842609901248
2	0.728691155492154	0.10205935796486977	0.8120481927710843	0.2226268249461611	0.8341249081131488	0.15495123711243344
3	0.6856276747503567	0.08903566710700132	0.8120481927710843	0.19673718550117567	0.8317069035330285	0.196946946103664
4	0.7073823109843081	0.09425417492216247	0.8024096385542169	0.2056790801889212	0.8324179041878095	0.19879788460298786
