Times	Accuary	Precision	Recall	MCC	AUROC	AUPR
0	0.7866440798858774	0.13505535055350554	0.8819277108433735	0.2932054665050875	0.8983402920077682	0.3093682019206341
