Times	Accuary	Precision	Recall	MCC	AUROC	AUPR
0	0.7294848128880684	0.0956117407730311	0.746031746031746	0.19781290522011608	0.8119843156687031	0.13926135132792622
1	0.7506293002181574	0.10539444964140941	0.7664399092970522	0.21983058338333414	0.8242629397610166	0.16278233006728982
2	0.6697432455109917	0.08560588095802703	0.81859410430839	0.19052916424933314	0.8151589583584008	0.14972136711502468
3	0.6894613190132572	0.08879919273461151	0.7981859410430839	0.1937059662017072	0.8087556360873182	0.18272188211544402
4	0.7723611344185266	0.11015785861358957	0.7278911564625851	0.22046567129485256	0.8138948704863141	0.13694591777773474
