Times	Accuary	Precision	Recall	MCC	AUROC	AUPR
0	0.6639228598306679	0.08287776076973541	0.8029661016949152	0.18167675549445053	0.8068949239468179	0.1897399608314591
1	0.7084509250548762	0.09095490047871001	0.7648305084745762	0.1920910235536114	0.8020919281799668	0.21026814337429375
2	0.7529005957980558	0.10284528749259039	0.7351694915254238	0.2091744580018516	0.8234270395829769	0.23537068811945586
3	0.6641580432737535	0.08474945533769063	0.8241525423728814	0.18963728083069792	0.8174759850211657	0.1677427454466897
4	0.7816713703355284	0.11462845718093968	0.7288135593220338	0.2280875827960851	0.8245069720016116	0.27417761299682203
