Times	Accuary	Precision	Recall	MCC	AUROC	AUPR
0	0.7390726613306653	0.08693444657565158	0.7528089887640449	0.19324742946846446	0.8070160580218958	0.09591781517456861
1	0.6743059029514757	0.0755884877784304	0.8172936003908158	0.18013710952357928	0.8068699620386337	0.09423799516495773
2	0.7030077538769385	0.07738718524058838	0.7581827063996092	0.17427267992228118	0.7995377945330484	0.09667406094626065
3	0.7254408454227114	0.08402144772117963	0.7655105031753786	0.18961304946726948	0.8128573254066809	0.10119629552971246
4	0.7054777388694348	0.08161841646320195	0.8001954079140206	0.19061630172911334	0.8101411811212528	0.10292564674384413
