Times	Accuary	Precision	Recall	MCC	AUROC	AUPR
0	0.7442072228816728	0.08462606386189413	0.7123983739837398	0.18156183918323687	0.7982482319794305	0.08664283514966022
1	0.6646124327224833	0.07413494019903223	0.8252032520325203	0.1780710310778601	0.8025429729308212	0.08802477915304138
2	0.7299630888307127	0.0833855085662246	0.744410569105691	0.18463460397736026	0.8049940640341378	0.09749525336087453
3	0.7151823606887917	0.08253678444850177	0.7809959349593496	0.18922914069355112	0.8052412664891544	0.09081818617788592
4	0.7005154555358624	0.0798426644871271	0.7942073170731707	0.18575065546961186	0.8194166071567823	0.11300964649697266
