Times	Accuary	Precision	Recall	MCC	AUROC	AUPR
0	0.7536542845648384	0.09932944789120762	0.8302776322682033	0.23116948933825304	0.8653651801685506	0.18591748794332486
