Times	Accuary	Precision	Recall	MCC	AUROC	AUPR
0	0.686720531044656	0.07613418207537638	0.7894185437401781	0.1767044373744613	0.8025964090773918	0.10310902879617642
1	0.6952527826203567	0.07844966060417638	0.7930853850183343	0.18250539588177264	0.8101037960033446	0.09517917976736731
2	0.7568056859326807	0.08732394366197183	0.6982713462545835	0.18433146300458603	0.807824276526834	0.09701330614174433
3	0.6859326807026954	0.07676442476985763	0.7993713986380304	0.1798040267160636	0.8054264640933909	0.09553058882701093
4	0.7106912967681374	0.08124181580096028	0.7799895233106339	0.18631793941054373	0.808440242617172	0.10005004656288222
