Times	Accuary	p_micro	p_macro	p_weigh	r_micro	r_macro	r_weigh	F1_micro	F1_macro	F1_weigh	roc_micro	roc_macro	pr_micro	pr_macro
0	0.5879237972231192	0.5879237972231192	0.41381644822189934	0.5482474585646437	0.5879237972231192	0.3576539842228561	0.5879237972231192	0.5879237972231192	0.33243630415424646	0.5394103328538544	0.7910494095983881	0.6791831619684277	0.5367127407838689	0.3798393911882286
1	0.58269292864062	0.58269292864062	0.46187453646696963	0.5708776289853593	0.58269292864062	0.3560031847747181	0.58269292864062	0.58269292864062	0.33276832206867035	0.536153394256873	0.7890212418217177	0.6755545352773067	0.5372159512797967	0.38274068480915624
2	0.5879883758475944	0.5879883758475944	0.49051667894126383	0.5857410507433816	0.5879883758475944	0.3574739492126802	0.5879883758475944	0.5879883758475944	0.3323005448116343	0.5396302087569447	0.7907822038103751	0.6743233150257022	0.5303490572665216	0.3816785607623236
3	0.575783015821763	0.575783015821763	0.35476814080930374	0.5167015534105526	0.575783015821763	0.3490144104083714	0.575783015821763	0.575783015821763	0.3235702360092879	0.5287569821480562	0.7863357302352554	0.6720117702779926	0.5256818148156235	0.3716062836563247
4	0.5834032935098482	0.5834032935098482	0.4138919866913903	0.5484244987859226	0.5834032935098482	0.35597782574505626	0.5834032935098482	0.5834032935098482	0.3325102982986223	0.5363194191688854	0.7874810232087207	0.6706184021622043	0.5304749437347822	0.37378708968546737
