Times	Accuary	p_micro	p_macro	p_weigh	r_micro	r_macro	r_weigh	F1_micro	F1_macro	F1_weigh	roc_micro	roc_macro	pr_micro	pr_macro
0	0.4312560542460446	0.4312560542460446	0.313219442339094	0.40905314380503144	0.4312560542460446	0.2721946109007079	0.4312560542460446	0.4312560542460446	0.21533740772573307	0.32312679578981274	0.7186093179844588	0.5933392625379074	0.42714149555921327	0.2961903415231306
1	0.43099773974814337	0.43099773974814337	0.3369506362721846	0.4159360030475443	0.43099773974814337	0.2747852324032294	0.43099773974814337	0.43099773974814337	0.21891932546358195	0.3208746466962321	0.7228759771722104	0.601990946022133	0.43382292403507805	0.30253811535520375
2	0.434807878592186	0.434807878592186	0.30722500094251637	0.4115559627778766	0.434807878592186	0.2728306903344027	0.434807878592186	0.434807878592186	0.21584248402030956	0.32694393006208416	0.7216634566760038	0.59941954324485	0.43566019664590233	0.30137190822332455
3	0.43022279625443977	0.43022279625443977	0.32532293310797644	0.41190848418537074	0.43022279625443977	0.2684032177887512	0.43022279625443977	0.43022279625443977	0.20746448665580453	0.31612067711040504	0.721446078812126	0.5942346690657725	0.433391165264002	0.2979515676963769
4	0.4244752986761382	0.4244752986761382	0.3005138805341577	0.3926232539107513	0.4244752986761382	0.26585203714053773	0.4244752986761382	0.4244752986761382	0.20398394008008736	0.3093492596336123	0.719488584697688	0.588521784165406	0.4312007299703937	0.2950569560616847
