Times	Accuary	p_micro	p_macro	p_weigh	r_micro	r_macro	r_weigh	F1_micro	F1_macro	F1_weigh	roc_micro	roc_macro	pr_micro	pr_macro
0	0.685824991927672	0.685824991927672	0.690772414168192	0.7361667986515652	0.685824991927672	0.4854525293002485	0.685824991927672	0.685824991927672	0.45906221946942605	0.6516190619034425	0.8974203866536536	0.8866474082834015	0.7718221835245104	0.6027685606789099
1	0.6486922828543752	0.6486922828543752	0.4215626804416559	0.5937556707089932	0.6486922828543752	0.5050639067641844	0.6486922828543752	0.6486922828543752	0.4541954064442219	0.6177436732026683	0.8857659599335197	0.8781111688877546	0.739969031367784	0.5981171736281035
2	0.6877623506619309	0.6877623506619309	0.44818995072613	0.6406267518197684	0.6877623506619309	0.5511807842648105	0.6877623506619309	0.6877623506619309	0.4834209540855634	0.6600042155209492	0.8978705777222095	0.8896765401816598	0.7657910077821678	0.6087397972179177
3	0.6725863739102357	0.6725863739102357	0.5794908746606959	0.67718436187137	0.6725863739102357	0.5196116303618462	0.6725863739102357	0.6725863739102357	0.48503043606218776	0.6481356437832596	0.8941142252057719	0.884679183587188	0.7552002689649797	0.6077286529243653
4	0.6909912818856958	0.6909912818856958	0.4469819143396029	0.6451689257860691	0.6909912818856958	0.5261077545451045	0.6909912818856958	0.6909912818856958	0.4751466300851963	0.6619967296496498	0.8948068672704916	0.8819253970890504	0.768223833366692	0.6024510990297203
