Times	Accuary	p_micro	p_macro	p_weigh	r_micro	r_macro	r_weigh	F1_micro	F1_macro	F1_weigh	roc_micro	roc_macro	pr_micro	pr_macro
0	0.495124313852115	0.495124313852115	0.3412157025364573	0.45224630467689786	0.495124313852115	0.2978360744116396	0.495124313852115	0.495124313852115	0.2703585005863195	0.44761211937369955	0.7624873022653224	0.6102084030167662	0.46559506659330985	0.3126364474601853
1	0.49693251533742333	0.49693251533742333	0.40596317237399104	0.46604646804351474	0.49693251533742333	0.29903211348446135	0.49693251533742333	0.49693251533742333	0.27177943960851064	0.4496107885435373	0.763388054177789	0.6138152555969947	0.4670174143950411	0.3157446276305787
2	0.4897642880206652	0.4897642880206652	0.31194137111227105	0.4372017758199668	0.4897642880206652	0.29450815437188926	0.4897642880206652	0.4897642880206652	0.2662876545401226	0.4412097073384524	0.758878678478487	0.6066527635539177	0.4585332311331768	0.30925843995836444
3	0.4892476590248628	0.4892476590248628	0.34252901734415053	0.4493516032311331	0.4892476590248628	0.2943133119464801	0.4892476590248628	0.4892476590248628	0.266370472743782	0.4409572526553838	0.7596569235378592	0.6064219609607339	0.4613746190688014	0.31178454511275416
4	0.4886018727801098	0.4886018727801098	0.3303920415414926	0.4436015483190524	0.4886018727801098	0.29404104617018834	0.4886018727801098	0.4886018727801098	0.26691272520798925	0.44149766796407586	0.7602736629553941	0.6056373957988329	0.46160326921533457	0.3110398006600666
