Times	Accuary	p_micro	p_macro	p_weigh	r_micro	r_macro	r_weigh	F1_micro	F1_macro	F1_weigh	roc_micro	roc_macro	pr_micro	pr_macro
0	0.5124959638359703	0.5124959638359703	0.39756321086344015	0.4883460784614024	0.5124959638359703	0.3272625605745785	0.5124959638359703	0.5124959638359703	0.3154456410490507	0.4756774340810407	0.8111416643790292	0.7093698835128571	0.6235596845911178	0.41430853454503624
1	0.5177268324184695	0.5177268324184695	0.406585480933904	0.4929666632797618	0.5177268324184695	0.3346038713933126	0.5177268324184695	0.5177268324184695	0.3254116590931373	0.4825224286957729	0.8127730791864538	0.7081262602590084	0.6286598170985442	0.4165751027016484
2	0.5035195350339038	0.5035195350339038	0.3876618420247274	0.4786883981943753	0.5035195350339038	0.3244930831908068	0.5035195350339038	0.5035195350339038	0.31222050123727685	0.4659114564691619	0.8063692602411179	0.7035454013126934	0.6169535590540367	0.40901249559645214
3	0.5002906038101388	0.5002906038101388	0.3838403400083906	0.47540388266883515	0.5002906038101388	0.3193717990255636	0.5002906038101388	0.5002906038101388	0.30610019696314644	0.4621998061567438	0.8057818074487283	0.7031073431846314	0.6168093108742595	0.4078198934036677
4	0.507910881498224	0.507910881498224	0.4107699860641145	0.48711323332730705	0.507910881498224	0.32576917592461085	0.507910881498224	0.507910881498224	0.3143391298988504	0.46854163081575245	0.8106541336453627	0.7104488460668277	0.6203531462787812	0.41636373498788354
