Times	Accuary	p_micro	p_macro	p_weigh	r_micro	r_macro	r_weigh	F1_micro	F1_macro	F1_weigh	roc_micro	roc_macro	pr_micro	pr_macro
0	0.49583467872134324	0.49583467872134324	0.4174784991327104	0.4701186534205273	0.49583467872134324	0.2986037169582017	0.49583467872134324	0.49583467872134324	0.2719322959108333	0.44911645976735853	0.7626562590195732	0.6116927042340448	0.46469379702242203	0.31186495003622466
1	0.47981917985146916	0.47981917985146916	0.31377442388549925	0.43101774663862485	0.47981917985146916	0.28854655635392706	0.47981917985146916	0.47981917985146916	0.2600628879955232	0.43082012648705303	0.7568573835189387	0.6028690063447935	0.45515323572874306	0.3072015535690025
2	0.4822731675815305	0.4822731675815305	0.3635372500186435	0.44252142347314166	0.4822731675815305	0.29024182434162693	0.4822731675815305	0.4822731675815305	0.2628710099926892	0.43475404957908176	0.7572218013015606	0.6062950891638285	0.4550911330044465	0.3080830929935079
3	0.4942847917339361	0.4942847917339361	0.33380994967462463	0.44888960562297886	0.4942847917339361	0.29733282263090255	0.4942847917339361	0.4942847917339361	0.27004526492758546	0.4470936907421789	0.7616076609112732	0.6095210757553737	0.4637289658146815	0.3121065969017813
4	0.4911204391346464	0.4911204391346464	0.3290436764411861	0.44493743944647846	0.4911204391346464	0.2953210995561569	0.4911204391346464	0.4911204391346464	0.2670915394133795	0.44253981176037904	0.7606381669262566	0.6090321659813853	0.46357625176288564	0.31523369593258793
