Times	Accuary	p_micro	p_macro	p_weigh	r_micro	r_macro	r_weigh	F1_micro	F1_macro	F1_weigh	roc_micro	roc_macro	pr_micro	pr_macro
0	0.5090087181143041	0.5090087181143041	0.35624135655898886	0.46748738180479066	0.5090087181143041	0.30592390503996647	0.5090087181143041	0.5090087181143041	0.2798582063699566	0.46422377449403246	0.7709852222963279	0.6322621281307588	0.49006329894219564	0.32806847995774985
1	0.5101711333548595	0.5101711333548595	0.26544019857548734	0.4428060193478844	0.5101711333548595	0.3058222359863735	0.5101711333548595	0.5101711333548595	0.2767159794529035	0.46161622093815974	0.7705888988781524	0.6315234660327442	0.48951433306492637	0.3315591475869144
2	0.516112366806587	0.516112366806587	0.2603511373083337	0.43431647264765105	0.516112366806587	0.3093837101269743	0.516112366806587	0.516112366806587	0.2820006755478282	0.47043212468527595	0.7741118432130254	0.6356922293341333	0.49996327960211817	0.33069381855836044
3	0.5115272844688408	0.5115272844688408	0.268863980670378	0.44851755561363926	0.5115272844688408	0.3066351811706411	0.5115272844688408	0.5115272844688408	0.27665660555440974	0.4615171736959324	0.7728982328526148	0.6359115650429567	0.49362221711395804	0.33670692814096104
4	0.4836938973199871	0.4836938973199871	0.3099573676716198	0.45991207670581463	0.4836938973199871	0.3035682373706141	0.4836938973199871	0.4836938973199871	0.2782626585225929	0.43168411517421573	0.7536614005304122	0.6280170115795886	0.4645286612800954	0.3245821955198002
