Times	Accuary	p_micro	p_macro	p_weigh	r_micro	r_macro	r_weigh	F1_micro	F1_macro	F1_weigh	roc_micro	roc_macro	pr_micro	pr_macro
0	0.4365515014530191	0.4365515014530191	0.3436837370383985	0.4251134174829258	0.4365515014530191	0.2778737792643141	0.4365515014530191	0.4365515014530191	0.22425918163963587	0.3303515995278014	0.7235920179541226	0.6020569086001493	0.43935196136800103	0.3056476196421085
1	0.43190184049079755	0.43190184049079755	0.32470491476949337	0.41341743264528685	0.43190184049079755	0.2705390594078442	0.43190184049079755	0.43190184049079755	0.21125761024491696	0.3199150255222814	0.7200205704917806	0.594946527044105	0.43351856978123715	0.3009672372927568
2	0.43616402970616724	0.43616402970616724	0.337012141638049	0.422935199919861	0.43616402970616724	0.2794626919556696	0.43616402970616724	0.43616402970616724	0.22684969405248057	0.3309500903484367	0.7215970993764662	0.5971439911242934	0.4314769716098951	0.2994325133837323
3	0.4331288343558282	0.4331288343558282	0.30441232023750375	0.4079979736256111	0.4331288343558282	0.27184335849652314	0.4331288343558282	0.4331288343558282	0.21514870965744357	0.326434926846015	0.7233201878889743	0.598857215480974	0.43694332348288956	0.3003854820542029
4	0.4237003551824346	0.4237003551824346	0.29168375171395655	0.38442730383460066	0.4237003551824346	0.2649363095757257	0.4237003551824346	0.4237003551824346	0.20561487112439014	0.3128783677121844	0.7178529758592647	0.5890163526526178	0.42525346906982187	0.2911463813633831
