Times	Accuary	p_micro	p_macro	p_weigh	r_micro	r_macro	r_weigh	F1_micro	F1_macro	F1_weigh	roc_micro	roc_macro	pr_micro	pr_macro
0	0.7005347593582888	0.7005347593582888	0.5547820519957691	0.7364788762164414	0.7005347593582888	0.5814616755793226	0.7005347593582888	0.7005347593582888	0.553218047395198	0.7125626541618774	0.9172743477556311	0.8836785847009351	0.8234484414945187	0.6688907074479374
1	0.839572192513369	0.839572192513369	0.7198872284488723	0.8458328801160829	0.839572192513369	0.6777183600713013	0.839572192513369	0.839572192513369	0.6921192525141342	0.8375916404486446	0.9498174573670012	0.8855572650851448	0.895447989162419	0.7182064780069566
2	0.8502673796791443	0.8502673796791443	0.6964226202231658	0.8811447887233208	0.8502673796791443	0.839349376114082	0.8502673796791443	0.8502673796791445	0.7405225508446983	0.8602427090130644	0.9700401307825026	0.9564877531688551	0.9356476704842006	0.8824621339706887
3	0.8449197860962567	0.8449197860962567	0.6420586527293844	0.8526352891489191	0.8449197860962567	0.68150623885918	0.8449197860962567	0.8449197860962568	0.6588470396485135	0.8479900926558742	0.9698542518611724	0.9246231662987796	0.9336930848133254	0.7569526140926794
4	0.839572192513369	0.839572192513369	0.7209647328158504	0.8611646181469483	0.839572192513369	0.8145276292335115	0.839572192513369	0.839572192513369	0.7527400832625096	0.8448283976499213	0.9470292735470465	0.9176573308458368	0.8972484254001102	0.7450603257604407
