Times	Accuary	p_micro	p_macro	p_weigh	r_micro	r_macro	r_weigh	F1_micro	F1_macro	F1_weigh	roc_micro	roc_macro	pr_micro	pr_macro
0	0.8858695652173914	0.8858695652173914	0.8559936945906225	0.887937761136499	0.8858695652173914	0.8782467532467532	0.8858695652173914	0.8858695652173914	0.8643959619703441	0.8858685531782943	0.9751299621928167	0.9683935296399169	0.9376310059200933	0.9228473946337228
1	0.8804347826086957	0.8804347826086957	0.8568645254038513	0.8828909515279814	0.8804347826086957	0.7614718614718614	0.8804347826086957	0.8804347826086957	0.7964069889647925	0.8798271893349174	0.9807518115942029	0.9761086799458494	0.949314844666681	0.9114847324470517
2	0.875	0.875	0.7794733044733045	0.8786655373611896	0.875	0.8327922077922078	0.875	0.875	0.7991629185407296	0.8748430520764464	0.9750905797101449	0.9707733090608813	0.94508108396715	0.93051316363088
3	0.8804347826086957	0.8804347826086957	0.8394217226314042	0.8934708694599045	0.8804347826086957	0.895021645021645	0.8804347826086957	0.8804347826086957	0.8592650369725053	0.8846982662727739	0.9784479363579079	0.9724678921752622	0.9453572533548859	0.934226506824565
4	0.8315217391304348	0.8315217391304348	0.7307105661262863	0.8448522616983594	0.8315217391304348	0.8014610389610389	0.8315217391304348	0.8315217391304348	0.758100965919446	0.8336336479108724	0.967814666036547	0.9615556384243414	0.9250331998606992	0.8981918281636303
