Times	Accuary	p_micro	p_macro	p_weigh	r_micro	r_macro	r_weigh	F1_micro	F1_macro	F1_weigh	roc_micro	roc_macro	pr_micro	pr_macro
0	0.6086956521739131	0.6086956521739131	0.5066013546202226	0.7305189730969058	0.6086956521739131	0.6991883116883117	0.6086956521739131	0.6086956521739131	0.5107894523677474	0.6416010849179713	0.8375472589792061	0.8174395542482942	0.5606561870284649	0.4827375695101822
1	0.5652173913043478	0.5652173913043478	0.4200621118012422	0.6194869025114772	0.5652173913043478	0.5023268398268399	0.5652173913043478	0.5652173913043478	0.43409519487269355	0.5856185776878396	0.8193131695022055	0.7717880103166659	0.5291414434812542	0.4493812206530702
2	0.532608695652174	0.532608695652174	0.40506725514922237	0.6259923789681452	0.532608695652174	0.4647186147186147	0.532608695652174	0.532608695652174	0.3980836045537566	0.5673046093440735	0.8125492281033396	0.759947179405615	0.5497150300963005	0.4236118643235084
3	0.5869565217391305	0.5869565217391305	0.45319004031818677	0.6440735581865819	0.5869565217391305	0.5885281385281386	0.5869565217391305	0.5869565217391305	0.47741119174942703	0.6067048360846314	0.8328115154379332	0.7874760056508975	0.6079009773615738	0.4819568285976997
4	0.5706521739130435	0.5706521739130435	0.4363116848191475	0.6458372795248202	0.5706521739130435	0.5523268398268398	0.5706521739130435	0.5706521739130435	0.44866552423902617	0.5970931669258756	0.8237732356647763	0.7423260528733493	0.6025307304107617	0.4791731110137572
