Times	Accuary	Precision	Recall	MCC	AUROC	AUPR
0	0.935	0.9306930693069307	0.94	0.8700435032627718	0.9773000000000001	0.9528869794272825
1	0.96	0.9423076923076923	0.98	0.9207368843792509	0.9834999999999999	0.9794882181418358
2	0.965	0.9603960396039604	0.97	0.9300465034877906	0.9829	0.9751576357733809
3	0.98	0.9705882352941176	0.99	0.9601920576192068	0.9819	0.959099169418353
4	0.96	0.9693877551020408	0.95	0.9201840552184065	0.9758	0.9475702596280127
