Times	Accuary	Precision	Recall	MCC	AUROC	AUPR
0	0.815	0.81	0.8181818181818182	0.6300315023626969	0.9598	0.9666732025416892
1	0.79	0.8	0.7843137254901961	0.5801160348116041	0.9691	0.9675542471200536
2	0.78	0.84	0.75	0.5640760748177662	0.9541999999999999	0.9628605365740902
3	0.79	0.83	0.7685185185185185	0.5818649565812177	0.9671	0.9706097081087269
4	0.8	0.78	0.8125	0.6004805767690767	0.9702999999999999	0.9733319511544261
