Times	Accuary	p_micro	p_macro	p_weigh	r_micro	r_macro	r_weigh	F1_micro	F1_macro	F1_weigh	roc_micro	roc_macro	pr_micro	pr_macro
0	0.9562841530054644	0.9562841530054644	0.9763305322128852	0.9565413050466088	0.9562841530054644	0.9291666666666667	0.9562841530054644	0.9562841530054644	0.9499624307316614	0.9560937404569182	0.9927339325350613	0.9916116083250914	0.9811748509657529	0.9747675046483124
1	0.9344262295081968	0.9344262295081968	0.9656233279828785	0.9368821759685639	0.9344262295081968	0.8041666666666667	0.9344262295081968	0.9344262295081968	0.8655816372791891	0.9324822604110344	0.9832681377964905	0.9771100580771296	0.9623411186286926	0.8990718924916302
2	0.9453551912568307	0.9453551912568307	0.9312065142595	0.9472127554411882	0.9453551912568307	0.8541666666666667	0.9453551912568307	0.9453551912568307	0.879591674970559	0.9446132861286142	0.9900614132003543	0.9827752455118988	0.9747054048080123	0.9096312570457828
3	0.9289617486338798	0.9289617486338798	0.9106182795698925	0.9369821963687643	0.9289617486338798	0.7982142857142858	0.9289617486338798	0.9289617486338798	0.8193658742387556	0.9268777161525148	0.97218489653319	0.9327537434908189	0.9416884206594032	0.8648976616597467
4	0.9398907103825137	0.9398907103825137	0.8574197120708748	0.9398786074348408	0.9398907103825137	0.8321428571428571	0.9398907103825137	0.9398907103825137	0.8375604787369493	0.9384179305105054	0.9864234027093475	0.9811193401649334	0.9674952945446849	0.9205118081820146
