Times	Accuary	p_micro	p_macro	p_weigh	r_micro	r_macro	r_weigh	F1_micro	F1_macro	F1_weigh	roc_micro	roc_macro	pr_micro	pr_macro
0	0.9572192513368984	0.9572192513368984	0.9441585972537364	0.9593504729993892	0.9572192513368984	0.8990196078431373	0.9572192513368984	0.9572192513368984	0.9115863787375416	0.9567167670450843	0.9860638470264139	0.9605067494139904	0.9642515700952087	0.9287321651873731
1	0.9572192513368984	0.9572192513368984	0.9771315267680106	0.9584209577600191	0.9572192513368984	0.8405080213903744	0.9572192513368984	0.9572192513368984	0.8873176856949676	0.9547869304461596	0.9930986492798384	0.9912848224436303	0.983578957957343	0.9609261207191662
2	0.9251336898395722	0.9251336898395722	0.9349122420503782	0.9256277247024106	0.9251336898395722	0.8220142602495544	0.9251336898395722	0.9251336898395722	0.8679851250845165	0.9236093183354845	0.9786477546779528	0.9450630577256351	0.955294396946165	0.8883753690972845
3	0.93048128342246	0.93048128342246	0.8904953145917002	0.9293616533871671	0.93048128342246	0.8249554367201426	0.93048128342246	0.93048128342246	0.8539610389610388	0.9288353357872075	0.9844624286272603	0.9742089334834163	0.9650382162941438	0.9020960663258641
4	0.9251336898395722	0.9251336898395722	0.9400776053215077	0.9270249119603495	0.9251336898395722	0.8615864527629233	0.9251336898395722	0.9251336898395722	0.8922342328330352	0.9245289405909343	0.9755879016652844	0.9483560806251072	0.9439029301229191	0.8885127005206364
