Times	Accuary	Precision	Recall	MCC	AUROC	AUPR
0	0.87	0.87	0.87	0.74	0.947	0.9324095897397212
1	0.865	0.9	0.8411214953271028	0.7317950996917587	0.9344	0.921682721177119
2	0.845	0.83	0.8556701030927835	0.6903107097448145	0.9042999999999999	0.9101969111070921
3	0.775	0.78	0.7722772277227723	0.5500275020626718	0.8785000000000001	0.9036052510404472
4	0.87	0.87	0.87	0.74	0.9349000000000001	0.9466028721840554
