Times	Accuary	p_micro	p_macro	p_weigh	r_micro	r_macro	r_weigh	F1_micro	F1_macro	F1_weigh	roc_micro	roc_macro	pr_micro	pr_macro
0	0.5573770491803278	0.5573770491803278	0.4467902182511983	0.6510493232399752	0.5573770491803278	0.5738095238095239	0.5573770491803278	0.5573770491803278	0.4524366436715532	0.5835452475456434	0.8158400270735664	0.77816973248632	0.5680992890919611	0.5047175595302166
1	0.5409836065573771	0.5409836065573771	0.39097911892029535	0.5745546107166165	0.5409836065573771	0.4547619047619047	0.5409836065573771	0.5409836065573771	0.4063045508058296	0.5545663897934243	0.8294763454666706	0.7628260147346657	0.5921399414981144	0.45938902167398077
2	0.5245901639344263	0.5245901639344263	0.4087529386036849	0.6403201869313933	0.5245901639344263	0.5148809523809523	0.5245901639344263	0.5245901639344263	0.4010970420176901	0.5656374954836034	0.788447948082455	0.7446156792255058	0.5444532120042128	0.44640585714306336
3	0.546448087431694	0.546448087431694	0.3963611220214716	0.6165200564620098	0.546448087431694	0.4547619047619047	0.546448087431694	0.546448087431694	0.39928429981264024	0.5730656247589326	0.8134810435267301	0.7181844821628546	0.5321868833665269	0.41707455586929076
4	0.5300546448087432	0.5300546448087432	0.4319255479969765	0.7032989273426431	0.5300546448087432	0.4928571428571429	0.5300546448087432	0.5300546448087432	0.3974379056615899	0.5858999555073756	0.794648989220341	0.7398082923177097	0.5369584125048755	0.4219029405357788
