Times	Accuary	p_micro	p_macro	p_weigh	r_micro	r_macro	r_weigh	F1_micro	F1_macro	F1_weigh	roc_micro	roc_macro	pr_micro	pr_macro
0	0.8961748633879781	0.8961748633879781	0.7481531817520469	0.9004839343048013	0.8961748633879781	0.7833333333333333	0.8961748633879781	0.8961748633879781	0.7639422967159486	0.8975976462968105	0.976788398180497	0.9633709944963761	0.9467420511758312	0.7338797139610844
