Times	Accuary	p_micro	p_macro	p_weigh	r_micro	r_macro	r_weigh	F1_micro	F1_macro	F1_weigh	roc_micro	roc_macro	pr_micro	pr_macro
0	0.8449197860962567	0.8449197860962567	0.4272474513438369	0.7768135478978853	0.8449197860962567	0.4647058823529412	0.8449197860962567	0.8449197860962568	0.4437830687830688	0.8068783068783069	0.9365437959335412	0.9017579354486929	0.8841596465352354	0.5761474500846027
1	0.8663101604278075	0.8663101604278075	0.435632183908046	0.7920585161964473	0.8663101604278075	0.4764705882352941	0.8663101604278075	0.8663101604278075	0.454588309239472	0.8265241986172217	0.9612513940919101	0.9546812358191289	0.928294849122855	0.6998415342026072
2	0.8556149732620321	0.8556149732620321	0.43025862068965515	0.7822884012539185	0.8556149732620321	0.47058823529411764	0.8556149732620321	0.8556149732620321	0.4489786297925833	0.8163247814410604	0.9524388267703775	0.9071674498320454	0.9064264997592649	0.5978337434793181
3	0.8181818181818182	0.8181818181818182	0.5439820412374458	0.848640799489853	0.8181818181818182	0.6676470588235295	0.8181818181818182	0.8181818181818182	0.5651489982885332	0.8202607200866123	0.9503369651214886	0.950524957365553	0.9042703250089764	0.7373954904053385
4	0.8556149732620321	0.8556149732620321	0.43025862068965515	0.7822884012539185	0.8556149732620321	0.47058823529411764	0.8556149732620321	0.8556149732620321	0.4489786297925833	0.8163247814410604	0.9480206277941414	0.8405380241218123	0.8929521120303588	0.4940900366546155
