Times	Accuary	p_micro	p_macro	p_weigh	r_micro	r_macro	r_weigh	F1_micro	F1_macro	F1_weigh	roc_micro	roc_macro	pr_micro	pr_macro
0	0.5347593582887701	0.5347593582887701	0.4136416861826698	0.7049660400672936	0.5347593582887701	0.393048128342246	0.5347593582887701	0.5347593582887701	0.37056855252771514	0.5990964904196777	0.7421621054839048	0.6512700541342406	0.5324940227000404	0.40506331661971917
1	0.6417112299465241	0.6417112299465241	0.47633928571428574	0.7605233002291825	0.6417112299465241	0.48975044563279857	0.6417112299465241	0.6417112299465241	0.4549758391014759	0.6914388916785802	0.8165994642874166	0.7476566631273572	0.6157085294432312	0.4414792321043271
2	0.6951871657754011	0.6951871657754011	0.5226214526214525	0.8092208049427301	0.6951871657754011	0.5983065953654189	0.6951871657754011	0.6951871657754011	0.5186134677910994	0.7367898763022601	0.8701897871448045	0.8383838869886704	0.7311626069385672	0.5265037158171866
3	0.6684491978609626	0.6684491978609626	0.4931734931734931	0.7618008847955372	0.6684491978609626	0.5638146167557931	0.6684491978609626	0.6684491978609626	0.49407082521117607	0.7029357906550888	0.8599616803454488	0.8050680262146946	0.704414719539993	0.5263871523844391
4	0.6363636363636364	0.6363636363636364	0.46416423606576407	0.7578741264949195	0.6363636363636364	0.4876559714795009	0.6363636363636364	0.6363636363636364	0.44667879890809825	0.6841269733139347	0.8362930976960545	0.7467651998742164	0.6996660432385294	0.49663569668473523
