Times	Accuary	Precision	Recall	MCC	AUROC	AUPR
0	0.956989247311828	nan	0.0	nan	0.5885330097732864	0.05817825540186973
