Times	Accuary	p_micro	p_macro	p_weigh	r_micro	r_macro	r_weigh	F1_micro	F1_macro	F1_weigh	roc_micro	roc_macro	pr_micro	pr_macro
0	0.9251336898395722	0.9251336898395722	0.5774159663865546	0.9090272472625414	0.9251336898395722	0.7411764705882353	0.9251336898395722	0.9251336898395722	0.6176209537069266	0.9117172420339842	0.9855681699028664	0.978902823071337	0.9627068906586143	0.7892559196726423
1	0.9090909090909091	0.9090909090909091	0.5689724037763253	0.9077573116788802	0.9090909090909091	0.7323529411764707	0.9090909090909091	0.9090909090909091	0.6034072943357138	0.9021226824203437	0.9755688371605327	0.9723025736897091	0.9472026315453226	0.7991896750204569
2	0.93048128342246	0.93048128342246	0.8426079734219268	0.9552383321193171	0.93048128342246	0.763903743315508	0.93048128342246	0.93048128342246	0.6799707602339181	0.9168808831347531	0.985835072969392	0.9792250132016429	0.9661831210974273	0.7963532792479681
3	0.9197860962566845	0.9197860962566845	0.5744397759103641	0.903615991851286	0.9197860962566845	0.7382352941176471	0.9197860962566845	0.9197860962566845	0.6146623738252698	0.9063380058855172	0.9767984977170255	0.9741478350701254	0.9442891775048302	0.7832701720529998
4	0.9144385026737968	0.9144385026737968	0.5824555403556771	0.8900261161547073	0.9144385026737968	0.7352941176470589	0.9144385026737968	0.9144385026737968	0.6267236719249103	0.8980919321476597	0.9851010895364466	0.9766476980439976	0.9623584262903292	0.784958699739486
