Times	Accuary	Precision	Recall	MCC	AUROC	AUPR
0	0.865	0.89	0.8476190476190476	0.7309142145097679	0.9586	0.9690465040965889
1	0.86	0.86	0.86	0.72	0.9081	0.9118201784031051
2	0.85	0.88	0.8301886792452831	0.7012634122382534	0.9118999999999999	0.9124941317342261
3	0.875	0.94	0.831858407079646	0.7564189760831626	0.971	0.9729916969350056
4	0.86	0.86	0.86	0.72	0.9234	0.9177630411074178
