Times	Accuary	p_micro	p_macro	p_weigh	r_micro	r_macro	r_weigh	F1_micro	F1_macro	F1_weigh	roc_micro	roc_macro	pr_micro	pr_macro
0	0.9016393442622951	0.9016393442622951	0.7781005885500267	0.9123803676317952	0.9016393442622951	0.8553571428571429	0.9016393442622951	0.9016393442622952	0.809512950422537	0.9044344418422074	0.969218748444763	0.9589073382657359	0.9346636106979364	0.8694107380478029
1	0.8360655737704918	0.8360655737704918	0.6504431260528821	0.8706375307734764	0.8360655737704918	0.7726190476190476	0.8360655737704918	0.8360655737704918	0.6883864572212902	0.8478414889808544	0.9679198144664417	0.953708833683017	0.9264429636045662	0.8058474524650021
2	0.7814207650273224	0.7814207650273224	0.5698498964803312	0.8520749188247406	0.7814207650273224	0.6708333333333334	0.7814207650273224	0.7814207650273223	0.5871719057993567	0.80673227507043	0.9431903012929619	0.9163932161594043	0.8893681101012552	0.6903072828298331
3	0.7978142076502732	0.7978142076502732	0.6005251587689302	0.8383048452442288	0.7978142076502732	0.6857142857142857	0.7978142076502732	0.7978142076502732	0.6241565605047413	0.8115661438775579	0.9423641593757154	0.926579493959503	0.8806511633139036	0.6894247443804387
4	0.8415300546448088	0.8415300546448088	0.6888095238095238	0.8668852459016393	0.8415300546448088	0.7505952380952381	0.8415300546448088	0.8415300546448087	0.6988357292602575	0.8486212782531989	0.9621716583554799	0.9431956703365094	0.9224753168819092	0.8111725699956791
