Times	Accuary	Precision	Recall	MCC	AUROC	AUPR
0	0.7920792079207921	0.8613861386138614	0.7565217391304347	0.5898525552894632	0.8973630036270952	0.9339989394241931
1	0.8415841584158416	0.8118811881188119	0.8631578947368421	0.6843769898528438	0.9126556219978433	0.9295488428829276
2	0.8366336633663366	0.8316831683168316	0.84	0.6733003292241385	0.928340358788354	0.9422484570548201
3	0.8267326732673267	0.8712871287128713	0.8	0.6560752873022239	0.9259876482697775	0.920518944281007
4	0.8217821782178217	0.8613861386138614	0.7981651376146789	0.6455927333163234	0.9125575923929027	0.9287414540514175
