Times	Accuary	Precision	Recall	MCC	AUROC	AUPR
0	0.7574257425742574	0.7623762376237624	0.7549019607843137	0.5148767223478706	0.9780413684932849	0.9781877174543033
1	0.7722772277227723	0.7821782178217822	0.7669902912621359	0.5446612517704478	0.9384374080972454	0.9507656007572697
2	0.7524752475247525	0.7821782178217822	0.7383177570093458	0.5058438620651454	0.9284383883932947	0.9442983243446846
3	0.7376237623762376	0.7425742574257426	0.7352941176470589	0.47527082062880366	0.9144201548867757	0.9306002231827148
4	0.7425742574257426	0.7821782178217822	0.7247706422018348	0.48667759896153606	0.9514753455543574	0.9564612046740963
