Times	Accuary	Precision	Recall	MCC	AUROC	AUPR
0	0.965	0.9603960396039604	0.97	0.9300465034877906	0.9725	0.9568004525563626
1	0.97	0.9795918367346939	0.96	0.9401880564188067	0.9807	0.9679110173437034
2	0.965	0.9696969696969697	0.96	0.9300465034877906	0.9833	0.9712511703767368
3	0.895	0.9759036144578314	0.81	0.8016690446381777	0.9745	0.9464577102470232
4	0.88	0.8275862068965517	0.96	0.7699188535494524	0.9582999999999999	0.9318380357266145
