Times	Accuary	Precision	Recall	MCC	AUROC	AUPR
0	0.4478908188585608	0.045756457564575644	0.5961538461538461	0.015279699736397525	0.5364960773884715	0.04973632740870755
1	0.6273779983457403	0.05073280721533258	0.4326923076923077	0.02897110286147947	0.5402545542184695	0.05803356476345721
2	0.4317617866004963	0.04184704184704185	0.5576923076923077	-0.006647292605367803	0.5100288378432285	0.04581400121221972
3	0.337055417700579	0.04437689969604863	0.7019230769230769	0.00982310053827858	0.5140781862908052	0.043457364859283865
4	0.3577336641852771	0.03882877148313176	0.5865384615384616	-0.028072844081388378	0.4905404394654611	0.053240667615320356
