Times	Accuary	p_micro	p_macro	p_weigh	r_micro	r_macro	r_weigh	F1_micro	F1_macro	F1_weigh	roc_micro	roc_macro	pr_micro	pr_macro
0	0.8967391304347826	0.8967391304347826	0.9221207087486157	0.8974595551061679	0.8967391304347826	0.856926406926407	0.8967391304347826	0.8967391304347826	0.8862278244631185	0.8966244468802013	0.9766658790170132	0.9391765265202715	0.9517372070304796	0.8931950804169915
1	0.8804347826086957	0.8804347826086957	0.9082564205457464	0.8820606375183196	0.8804347826086957	0.7614718614718614	0.8804347826086957	0.8804347826086957	0.8174681646312313	0.8784229871297999	0.9616414618777569	0.9202103709199166	0.9024157983819231	0.8283474621671032
2	0.8695652173913043	0.8695652173913043	0.8816859663633857	0.872112537610434	0.8695652173913043	0.8025432900432902	0.8695652173913043	0.8695652173913043	0.8366970077422055	0.8685215890171674	0.9669974795211089	0.9401396724931456	0.9181407318960888	0.8714856663783186
3	0.8478260869565217	0.8478260869565217	0.8633200626105894	0.8495953317236848	0.8478260869565217	0.7708874458874458	0.8478260869565217	0.8478260869565218	0.8095301509814188	0.8460578551610854	0.9672140831758034	0.9370835673137318	0.9121159034975006	0.8704002713573208
4	0.8804347826086957	0.8804347826086957	0.9002136752136752	0.8839046822742477	0.8804347826086957	0.8677489177489177	0.8804347826086957	0.8804347826086957	0.8802265533899718	0.88073716764806	0.9691832073093889	0.9615644029910628	0.9068589294425616	0.8850806852891643
