Times	Accuary	p_micro	p_macro	p_weigh	r_micro	r_macro	r_weigh	F1_micro	F1_macro	F1_weigh	roc_micro	roc_macro	pr_micro	pr_macro
0	0.9510869565217391	0.9510869565217391	0.8738778643987716	0.9524798683223945	0.9510869565217391	0.8866883116883117	0.9510869565217391	0.9510869565217391	0.8782638365779776	0.9514710601316654	0.986255513547574	0.9710356837843861	0.9693146394501231	0.9296052512856604
1	0.9293478260869565	0.9293478260869565	0.9226985444330951	0.9309752076209087	0.9293478260869565	0.8747835497835499	0.9293478260869565	0.9293478260869565	0.895627820571427	0.9292470258831768	0.9823812618147447	0.9679896474070918	0.9580317823573313	0.9121782549616033
2	0.9239130434782609	0.9239130434782609	0.9367940199335548	0.9242542972699697	0.9239130434782609	0.8718073593073594	0.9239130434782609	0.9239130434782609	0.9010037348272643	0.9236065440669021	0.9904152882797732	0.9881255244026703	0.9761886015573663	0.9479371622975274
3	0.9293478260869565	0.9293478260869565	0.9143575958092087	0.9317737739897628	0.9293478260869565	0.8352813852813853	0.9293478260869565	0.9293478260869565	0.8693398200460347	0.9281302027893774	0.9868856332703214	0.9825783013044049	0.9683781254868499	0.906892036759374
4	0.9402173913043478	0.9402173913043478	0.9317451314048024	0.9414838631450015	0.9402173913043478	0.9004870129870131	0.9402173913043478	0.9402173913043478	0.9128594514460228	0.9403276771417184	0.9877471250787649	0.9871828472587143	0.9662656784241183	0.9798652070128855
