Times	Accuary	p_micro	p_macro	p_weigh	r_micro	r_macro	r_weigh	F1_micro	F1_macro	F1_weigh	roc_micro	roc_macro	pr_micro	pr_macro
0	0.8315217391304348	0.8315217391304348	0.8008030639980233	0.8478432762862455	0.8315217391304348	0.7346861471861472	0.8315217391304348	0.8315217391304348	0.7496698989422903	0.8333227920484632	0.9678540485192186	0.94616595556022	0.9243548051233005	0.815462936550153
1	0.842391304347826	0.842391304347826	0.8491480526918671	0.8500747049155833	0.842391304347826	0.8271645021645021	0.842391304347826	0.8423913043478262	0.8353262299394897	0.8418379602621736	0.971974440768746	0.9676254271671267	0.9318287756572264	0.8990296516826705
2	0.8804347826086957	0.8804347826086957	0.8916666666666667	0.8880434782608696	0.8804347826086957	0.8282467532467532	0.8804347826086957	0.8804347826086957	0.852874324175218	0.8798483082192766	0.9695967233774416	0.9656789695272596	0.916069224716433	0.8986650560424516
3	0.8369565217391305	0.8369565217391305	0.8169668408610178	0.8397993519104577	0.8369565217391305	0.7846861471861472	0.8369565217391305	0.8369565217391305	0.7978581460674159	0.8357627015144115	0.9606322857592943	0.9577427636625331	0.8943492696435977	0.8607614943707464
4	0.8641304347826086	0.8641304347826086	0.7389055365296804	0.8701390956918801	0.8641304347826086	0.7327922077922078	0.8641304347826086	0.8641304347826086	0.7311088592935726	0.8628351501724528	0.9665888862633901	0.9317196413403767	0.9238960760617604	0.8104889219551903
