Times	Accuary	p_micro	p_macro	p_weigh	r_micro	r_macro	r_weigh	F1_micro	F1_macro	F1_weigh	roc_micro	roc_macro	pr_micro	pr_macro
0	0.8449197860962567	0.8449197860962567	0.703078962381288	0.8589552138364475	0.8449197860962567	0.7968360071301248	0.8449197860962567	0.8449197860962568	0.7392287699305244	0.8493313436553891	0.9720037747719409	0.9615330481214959	0.9296152642653795	0.87573207421119
1	0.8128342245989305	0.8128342245989305	0.6687297391170114	0.8315139641699674	0.8128342245989305	0.7791889483065954	0.8128342245989305	0.8128342245989305	0.7086012595405395	0.8191393469166474	0.9693728731161887	0.957131026819229	0.9088841640150952	0.8813068350960446
2	0.8021390374331551	0.8021390374331551	0.6512230253509323	0.8233466771086471	0.8021390374331551	0.7733065953654189	0.8021390374331551	0.8021390374331551	0.6906950491856153	0.8080282031447404	0.9684768413928527	0.9536119256205721	0.923139899029254	0.8770197748052722
3	0.8342245989304813	0.8342245989304813	0.7182158119658121	0.8403092006033182	0.8342245989304813	0.7909536541889483	0.8342245989304813	0.8342245989304813	0.746905404703939	0.8354956827369145	0.9731667095618024	0.9557736696293538	0.9322324705185174	0.8873571713837849
4	0.8823529411764706	0.8823529411764706	0.8015241909120627	0.8932219819485938	0.8823529411764706	0.7984848484848485	0.8823529411764706	0.8823529411764706	0.7950764195274143	0.8850878993838257	0.9814216401193437	0.9677403335258743	0.9510651045180897	0.8729623540511926
