Times	Accuary	p_micro	p_macro	p_weigh	r_micro	r_macro	r_weigh	F1_micro	F1_macro	F1_weigh	roc_micro	roc_macro	pr_micro	pr_macro
0	0.7880434782608695	0.7880434782608695	0.5021388453500523	0.8518964949343509	0.7880434782608695	0.6666666666666666	0.7880434782608695	0.7880434782608695	0.502410305041884	0.8044586348362092	0.959721565847511	0.9590264722172479	0.9168201479855426	0.7683101330971065
1	0.8478260869565217	0.8478260869565217	0.5623410000231273	0.8763963088878096	0.8478260869565217	0.6815476190476191	0.8478260869565217	0.8478260869565218	0.5855222734254992	0.8510080645161291	0.9712458648393195	0.946438200621888	0.9301049335421712	0.6521289281032241
2	0.8641304347826086	0.8641304347826086	0.4347890671420083	0.7939626443462761	0.8641304347826086	0.4732142857142857	0.8641304347826086	0.8641304347826086	0.4525333850680635	0.8263653118634203	0.9558719281663516	0.9403773275545242	0.9114090563652457	0.6530924272451567
3	0.8369565217391305	0.8369565217391305	0.5236506370308822	0.8822061108000218	0.8369565217391305	0.6934523809523809	0.8369565217391305	0.8369565217391305	0.5342042160023843	0.8492245785823592	0.9736925015752994	0.9508300192517465	0.9393189422395558	0.6594323032719602
4	0.8478260869565217	0.8478260869565217	0.5631953944368445	0.8829727492614843	0.8478260869565217	0.6815476190476191	0.8478260869565217	0.8478260869565218	0.5832562485841576	0.8521922163965212	0.972392879647133	0.9563642864062665	0.9393476930971533	0.6842553858802867
