Times	Accuary	p_micro	p_macro	p_weigh	r_micro	r_macro	r_weigh	F1_micro	F1_macro	F1_weigh	roc_micro	roc_macro	pr_micro	pr_macro
0	0.5721925133689839	0.5721925133689839	0.47576728826728826	0.6646109386751098	0.5721925133689839	0.6081105169340464	0.5721925133689839	0.5721925133689839	0.4793477122218275	0.5809887102785456	0.801919795628509	0.73379447233506	0.5537886718402284	0.4530990390715982
1	0.5080213903743316	0.5080213903743316	0.39392601933585536	0.6046536427250024	0.5080213903743316	0.4747326203208556	0.5080213903743316	0.5080213903743316	0.3900267672666038	0.5418116486096264	0.7940747519231319	0.6859775612161512	0.5393743738863526	0.4332373764717452
2	0.5133689839572193	0.5133689839572193	0.4029761904761905	0.6177027629233511	0.5133689839572193	0.47767379679144384	0.5133689839572193	0.5133689839572193	0.39452618475176904	0.5516856609897066	0.7552498879960345	0.661526889022516	0.46062013157130605	0.37946735324585434
3	0.5080213903743316	0.5080213903743316	0.41233630546024436	0.6296117970986097	0.5080213903743316	0.5143048128342246	0.5080213903743316	0.5080213903743316	0.40438775510204084	0.5478118520135327	0.7840277579189187	0.7468886562023075	0.5565611840918996	0.43007397553741455
4	0.46524064171123	0.46524064171123	0.36869292237442924	0.5597447073474471	0.46524064171123	0.4322638146167558	0.46524064171123	0.46524064171123	0.3623010676699023	0.4987258186477639	0.7792139704690821	0.7100403385434729	0.49273844564307995	0.3940693776006969
