Times	Accuary	Precision	Recall	MCC	AUROC	AUPR
0	0.9603960396039604	0.9603960396039604	0.9603960396039604	0.9207920792079208	0.9910793059503971	0.9909945371784467
1	0.9504950495049505	0.9504950495049505	0.9504950495049505	0.900990099009901	0.9839231447897264	0.977252770855683
2	0.9653465346534653	0.9607843137254902	0.9702970297029703	0.9307386903980738	0.9947064013332026	0.9948103236672232
3	0.9653465346534653	0.9433962264150944	0.9900990099009901	0.9318356132188195	0.9898049210861679	0.9876526943361853
4	0.9702970297029703	0.9611650485436893	0.9801980198019802	0.9407785257853188	0.9919615723948634	0.9914835674883576
