Times	Accuary	Precision	Recall	MCC	AUROC	AUPR
0	0.965	0.9603960396039604	0.97	0.9300465034877906	0.9795999999999999	0.9585878853641329
1	0.95	0.95	0.95	0.9	0.9779	0.9482928977745203
2	0.935	0.967741935483871	0.9	0.8721393653860685	0.9863000000000001	0.9825808906108833
3	0.96	0.9509803921568627	0.97	0.9201840552184065	0.9836	0.9600297575944842
4	0.95	0.9166666666666666	0.99	0.9028938981432689	0.9712000000000001	0.936387268221143
