Times	Accuary	Precision	Recall	MCC	AUROC	AUPR
0	0.3588235294117647	0.04578447794528197	0.7008547008547008	0.018954959267856376	0.524248812185808	0.0443237022267925
1	0.33676470588235297	0.04868913857677903	0.7777777777777778	0.04144777377549159	0.5621045407829888	0.05632949069918076
2	0.46838235294117647	0.05010155721056195	0.6324786324786325	0.03807561216074382	0.5191314426811929	0.046897590321392305
3	0.6161764705882353	0.04868549172346641	0.42735042735042733	0.021769019991030043	0.5230306254124925	0.047281330960569815
4	0.5448529411764705	0.04688763136620857	0.49572649572649574	0.017433809837525318	0.5253487921563219	0.044776944063259536
