Times	Accuary	Precision	Recall	MCC	AUROC	AUPR
0	0.9455445544554455	0.9591836734693877	0.9306930693069307	0.8914824582191182	0.9900990099009901	0.9895329774045933
1	0.9455445544554455	0.9591836734693877	0.9306930693069307	0.8914824582191182	0.9846093520243113	0.9827946641231121
2	0.9405940594059405	0.9587628865979382	0.9207920792079208	0.881879992993502	0.9837270855798451	0.9843561721755305
3	0.9603960396039604	0.9603960396039604	0.9603960396039604	0.9207920792079208	0.9860797960984218	0.9841678596770774
4	0.9158415841584159	0.9565217391304348	0.8712871287128713	0.8350049111119213	0.9855896480737183	0.9842086344351528
