Times	Accuary	p_micro	p_macro	p_weigh	r_micro	r_macro	r_weigh	F1_micro	F1_macro	F1_weigh	roc_micro	roc_macro	pr_micro	pr_macro
0	0.6467391304347826	0.6467391304347826	0.4700957802475829	0.753024365426395	0.6467391304347826	0.5196969696969697	0.6467391304347826	0.6467391304347826	0.4621155160628846	0.6875742964129693	0.840244959042218	0.7568821582449798	0.6917481924418729	0.47469645424487905
1	0.6684782608695652	0.6684782608695652	0.466874229889104	0.7584893963861231	0.6684782608695652	0.49209956709956715	0.6684782608695652	0.6684782608695652	0.45958918477300825	0.7057630680552675	0.8425685255198488	0.7575609964531438	0.6435630070986967	0.4601941886216847
2	0.5760869565217391	0.5760869565217391	0.43788648627358306	0.7228305822274966	0.5760869565217391	0.433982683982684	0.5760869565217391	0.5760869565217391	0.40882527507647354	0.6331964650464796	0.812765831758034	0.7304902587442267	0.56865916920721	0.4436607703925509
3	0.5597826086956522	0.5597826086956522	0.45568435205012514	0.7488956606625446	0.5597826086956522	0.49935064935064943	0.5597826086956522	0.5597826086956522	0.4163446945175723	0.6271161216169137	0.7946400441083807	0.7711361867094382	0.6100189628620533	0.46429874667399496
4	0.6630434782608695	0.6630434782608695	0.4610373760488177	0.7583703114117999	0.6630434782608695	0.4420995670995671	0.6630434782608695	0.6630434782608695	0.44414847700086324	0.7052566391609966	0.8555647448015122	0.7726419357598516	0.6685055010069963	0.4556912407139284
