Times	Accuary	p_micro	p_macro	p_weigh	r_micro	r_macro	r_weigh	F1_micro	F1_macro	F1_weigh	roc_micro	roc_macro	pr_micro	pr_macro
0	0.8074866310160428	0.8074866310160428	0.8181508570676964	0.8340371240463506	0.8074866310160428	0.7960338680926917	0.8074866310160428	0.8074866310160429	0.7957721708826273	0.8053118039083559	0.9659555606394234	0.957624188231281	0.9156518867884759	0.8991106054262868
1	0.8021390374331551	0.8021390374331551	0.8509311187805579	0.8345806437721376	0.8021390374331551	0.7156417112299466	0.8021390374331551	0.8021390374331551	0.7617619459952973	0.798306268260518	0.9468004994900245	0.8856500181632856	0.8771868475275675	0.7826290772339428
2	0.786096256684492	0.786096256684492	0.6778717627401838	0.7951373531868888	0.786096256684492	0.7068181818181818	0.786096256684492	0.786096256684492	0.6880077848549186	0.7864312665811354	0.9380784885660632	0.910673181190949	0.8603219422902469	0.7706111858646207
3	0.7807486631016043	0.7807486631016043	0.8217948717948718	0.7977512683395036	0.7807486631016043	0.7623885918003565	0.7807486631016043	0.7807486631016043	0.7767982456140351	0.7776010882822029	0.9543786401288761	0.9427226458654486	0.8843067134875706	0.8574010305595708
4	0.786096256684492	0.786096256684492	0.7250417553744364	0.7930966236480224	0.786096256684492	0.6680926916221034	0.786096256684492	0.786096256684492	0.6793306587350996	0.7835720830240075	0.9513140209900197	0.905406435163015	0.8872332692342769	0.7645462483482877
