Times	Accuary	p_micro	p_macro	p_weigh	r_micro	r_macro	r_weigh	F1_micro	F1_macro	F1_weigh	roc_micro	roc_macro	pr_micro	pr_macro
0	0.8797814207650273	0.8797814207650273	0.7807577109785945	0.8868258816576678	0.8797814207650273	0.8654761904761905	0.8797814207650273	0.8797814207650273	0.8138948875475822	0.8821023288089157	0.9745488568385638	0.95038700631105	0.9432079176421801	0.9137276781781726
1	0.8743169398907104	0.8743169398907104	0.9049288617886179	0.8759896041583367	0.8743169398907104	0.7714285714285714	0.8743169398907104	0.8743169398907104	0.8229498453584452	0.8727081556550932	0.9701394487742243	0.940221471793369	0.9374660355002581	0.8360662605066237
2	0.8415300546448088	0.8415300546448088	0.8720467032967032	0.8459436738125263	0.8415300546448088	0.7285714285714285	0.8415300546448088	0.8415300546448087	0.7677003484320558	0.8393686334989814	0.9610717947186638	0.9317863286570666	0.8972158721502954	0.7920610151139786
3	0.912568306010929	0.912568306010929	0.9320987654320988	0.9157660392633071	0.912568306010929	0.7892857142857144	0.912568306010929	0.912568306010929	0.8282019704433498	0.9100164203612481	0.9716026157842872	0.9192475976451752	0.9335401555584946	0.828029805848933
4	0.8797814207650273	0.8797814207650273	0.8859629122967017	0.8804807812903617	0.8797814207650273	0.7744047619047619	0.8797814207650273	0.8797814207650273	0.8171334292047556	0.8785820569580559	0.9700399136034719	0.9358142623218613	0.9343910793040489	0.8776115643171432
