Times	Accuary	p_micro	p_macro	p_weigh	r_micro	r_macro	r_weigh	F1_micro	F1_macro	F1_weigh	roc_micro	roc_macro	pr_micro	pr_macro
0	0.875	0.875	0.44145890492663725	0.8061423481269027	0.875	0.47916666666666663	0.875	0.875	0.45843987700275124	0.8371510797441546	0.9720384373030877	0.9442293465030572	0.93681551246987	0.6246889825065742
1	0.8804347826086957	0.8804347826086957	0.5726637492941841	0.8904880563670734	0.8804347826086957	0.6599025974025974	0.8804347826086957	0.8804347826086957	0.5970268542199488	0.880184588012899	0.9754056395715185	0.9485409781806551	0.9299889859039325	0.6252346076344367
2	0.8586956521739131	0.8586956521739131	0.49913537549407117	0.8122798161196082	0.8586956521739131	0.4899891774891775	0.8586956521739131	0.8586956521739132	0.484707540521494	0.8322195667493948	0.9556454788909894	0.8708848850340196	0.907223868417203	0.5871856871030854
3	0.7717391304347826	0.7717391304347826	0.473343685300207	0.8336990278152849	0.7717391304347826	0.5166666666666667	0.7717391304347826	0.7717391304347826	0.4644766997708174	0.7961326823219407	0.9167355860113421	0.8845878104145777	0.8386088090479403	0.6362567109669162
4	0.8586956521739131	0.8586956521739131	0.4309159853063159	0.786890060124577	0.8586956521739131	0.47023809523809523	0.8586956521739131	0.8586956521739132	0.44938774191463926	0.8206210939310804	0.9415662413358539	0.8383114172858498	0.8878334594512487	0.5630431004704287
