Times	Accuary	p_micro	p_macro	p_weigh	r_micro	r_macro	r_weigh	F1_micro	F1_macro	F1_weigh	roc_micro	roc_macro	pr_micro	pr_macro
0	0.8206521739130435	0.8206521739130435	0.5754084967320261	0.8407075873827792	0.8206521739130435	0.6271645021645021	0.8206521739130435	0.8206521739130435	0.5919698117973979	0.8259417681269257	0.9611934861373661	0.9091006405086717	0.913176493382343	0.6827009827397628
1	0.8315217391304348	0.8315217391304348	0.6700962436256553	0.8694695827048768	0.8315217391304348	0.7817099567099567	0.8315217391304348	0.8315217391304348	0.7039971617786187	0.8418488544280368	0.9580527331442974	0.9297320409821823	0.9099778172380611	0.744950537961347
2	0.8152173913043478	0.8152173913043478	0.6336094629633956	0.8360602567826554	0.8152173913043478	0.6787337662337662	0.8152173913043478	0.8152173913043479	0.6497520932885315	0.8229656396952223	0.947330852236925	0.8701760118857149	0.887734541026976	0.6956709164669636
3	0.8152173913043478	0.8152173913043478	0.6428995840760546	0.8441738355421219	0.8152173913043478	0.651461038961039	0.8152173913043478	0.8152173913043479	0.6311282214503141	0.8184499820272816	0.9463462901701323	0.8968359614888883	0.8898605385868641	0.7262697785363363
4	0.8315217391304348	0.8315217391304348	0.6633458646616541	0.8558148087610331	0.8315217391304348	0.7544372294372295	0.8315217391304348	0.8315217391304348	0.6934821428571429	0.8407065217391304	0.9611639492753623	0.9187369036505417	0.9166771716921437	0.7475070478488794
