Times	Accuary	p_micro	p_macro	p_weigh	r_micro	r_macro	r_weigh	F1_micro	F1_macro	F1_weigh	roc_micro	roc_macro	pr_micro	pr_macro
0	0.8469945355191257	0.8469945355191257	0.7905219780219781	0.8677265357593226	0.8469945355191257	0.8005952380952381	0.8469945355191257	0.8469945355191257	0.782967366987647	0.8465047466731297	0.9639782217046393	0.9545563400827414	0.921303160843564	0.8778943961979251
1	0.8306010928961749	0.8306010928961749	0.8484742807323453	0.8341749999602986	0.8306010928961749	0.8857142857142857	0.8306010928961749	0.8306010928961749	0.8638439208649463	0.8296905770078699	0.9608677476186211	0.956048424653916	0.9025927153897328	0.9306507779590059
2	0.819672131147541	0.819672131147541	0.8162162162162163	0.8243095554570964	0.819672131147541	0.7666666666666667	0.819672131147541	0.819672131147541	0.7870443705851385	0.8187141327561985	0.9513571620532115	0.9075058940678055	0.8744098285459313	0.8208283182944756
3	0.8360655737704918	0.8360655737704918	0.7795977766106442	0.8547598000949014	0.8360655737704918	0.7696428571428571	0.8360655737704918	0.8360655737704918	0.7544681778552746	0.8324297327470251	0.9623707286969851	0.9361882265674402	0.9096459823504754	0.8518880389084038
4	0.8360655737704918	0.8360655737704918	0.8078067765567766	0.8629676334594366	0.8360655737704918	0.8196428571428571	0.8360655737704918	0.8360655737704918	0.795575540636331	0.8356296134461464	0.967297719649238	0.9390623713795436	0.9198286252547664	0.8923411611686747
