Times	Accuary	p_micro	p_macro	p_weigh	r_micro	r_macro	r_weigh	F1_micro	F1_macro	F1_weigh	roc_micro	roc_macro	pr_micro	pr_macro
0	0.8961748633879781	0.8961748633879781	0.6010911424903722	0.8908156035831282	0.8961748633879781	0.7083333333333334	0.8961748633879781	0.8961748633879781	0.6362692147901953	0.8893550459611196	0.9706968457304389	0.9590698026448498	0.9243902154817666	0.7534363477779387
1	0.8852459016393442	0.8852459016393442	0.5863169364881693	0.8927110766320286	0.8852459016393442	0.7023809523809524	0.8852459016393442	0.8852459016393442	0.6175520293289882	0.881133780625902	0.9688255845202903	0.9574311997024213	0.9288956750321505	0.7191276820735347
2	0.9180327868852459	0.9180327868852459	0.6235795454545454	0.9023099850968703	0.9180327868852459	0.6982142857142857	0.9180327868852459	0.9180327868852459	0.6531281905842314	0.9080386450071135	0.9652323648561218	0.9603412963483107	0.9196486733483545	0.7933927402866761
3	0.8688524590163934	0.8688524590163934	0.5327647159042508	0.8453620340772455	0.8688524590163934	0.6613095238095238	0.8688524590163934	0.8688524590163934	0.5696545284780579	0.8540590735383407	0.9730558292772751	0.9596708564348364	0.9360929563064707	0.7668059068401226
4	0.912568306010929	0.912568306010929	0.7570286195286196	0.9225589225589226	0.912568306010929	0.7261904761904763	0.912568306010929	0.912568306010929	0.7152119198630826	0.9124994292359905	0.9730060616918987	0.9644451271139911	0.9377483469555438	0.8421753447642928
