Times	Accuary	p_micro	p_macro	p_weigh	r_micro	r_macro	r_weigh	F1_micro	F1_macro	F1_weigh	roc_micro	roc_macro	pr_micro	pr_macro
0	0.7704918032786885	0.7704918032786885	0.5332842572001207	0.8367567916687484	0.7704918032786885	0.5767857142857142	0.7704918032786885	0.7704918032786885	0.5381993064188968	0.7979432127343177	0.8869778136104393	0.8576837394033926	0.7782394320112296	0.5401357803140558
1	0.7049180327868853	0.7049180327868853	0.4907142857142857	0.7719177725735102	0.7049180327868853	0.569047619047619	0.7049180327868853	0.7049180327868853	0.49308396006509214	0.732190687959324	0.8582619168483184	0.8144650780748722	0.6935290895868773	0.51074399455496
2	0.6775956284153005	0.6775956284153005	0.4738942217203087	0.8238869707151959	0.6775956284153005	0.4571428571428571	0.6775956284153005	0.6775956284153005	0.4407843137254902	0.7374206221650774	0.8355380373655031	0.7261807004500387	0.6770294951796968	0.4686080481750037
3	0.6338797814207651	0.6338797814207651	0.48023247177658945	0.7949202731266376	0.6338797814207651	0.5273809523809524	0.6338797814207651	0.6338797814207651	0.45191143122797806	0.6922622499144888	0.829336996227617	0.7548445522157934	0.6798557683684537	0.46435530352998045
4	0.6885245901639344	0.6885245901639344	0.4662337662337662	0.7751614505712867	0.6885245901639344	0.44107142857142856	0.6885245901639344	0.6885245901639344	0.44932806324110675	0.7279466079180977	0.8529467387301303	0.7616846281155888	0.7080301175241751	0.4703552431982858
