Times	Accuary	Precision	Recall	MCC	AUROC	AUPR
0	0.5402525651144435	0.04561101549053356	0.48623853211009177	0.011775285297465651	0.49803083325451614	0.042774561614945354
1	0.409629044988161	0.045841519318926	0.6422018348623854	0.017155162565632952	0.525466754941833	0.06043597331624315
2	0.30031570639305444	0.0453551912568306	0.7614678899082569	0.018596396194520286	0.5235921687316749	0.049178716017412596
3	0.7462509865824783	0.050505050505050504	0.27522935779816515	0.020427481346362325	0.5427598600208077	0.05331090775818445
4	0.49171270718232046	0.051028179741051026	0.6146788990825688	0.04095596087348379	0.5431779059869479	0.05036107095590722
