Times	Accuary	p_micro	p_macro	p_weigh	r_micro	r_macro	r_weigh	F1_micro	F1_macro	F1_weigh	roc_micro	roc_macro	pr_micro	pr_macro
0	0.912568306010929	0.912568306010929	0.870108695652174	0.9131503920171061	0.912568306010929	0.7482142857142857	0.912568306010929	0.912568306010929	0.7943074033013058	0.9099791060006974	0.9852389341773916	0.9783309525418378	0.965006298616501	0.8686394032852268
