Times	Accuary	p_micro	p_macro	p_weigh	r_micro	r_macro	r_weigh	F1_micro	F1_macro	F1_weigh	roc_micro	roc_macro	pr_micro	pr_macro
0	0.8907103825136612	0.8907103825136612	0.7386891793754539	0.8950795861756967	0.8907103825136612	0.7583333333333333	0.8907103825136612	0.8907103825136612	0.747292451138605	0.8924952307045623	0.9767883981804971	0.9607261182105308	0.9452821801799125	0.7981027642155306
1	0.8907103825136612	0.8907103825136612	0.7912805153707053	0.9016134052708031	0.8907103825136612	0.824404761904762	0.8907103825136612	0.8907103825136612	0.795812827254545	0.8934189839349248	0.978132122985657	0.9627230184018845	0.9499573263449211	0.8488106520879761
2	0.9180327868852459	0.9180327868852459	0.83426963668628	0.9168375114385614	0.9180327868852459	0.8202380952380952	0.9180327868852459	0.9180327868852459	0.8267746241263603	0.9172646535584364	0.9827704619427275	0.9677271982201514	0.9599788182247823	0.8419191881402898
3	0.9016393442622951	0.9016393442622951	0.7511350438179706	0.9059588285897762	0.9016393442622951	0.7863095238095238	0.9016393442622951	0.9016393442622952	0.7671725864496949	0.9035286700702463	0.9807698050106004	0.9696179417740436	0.9575940967111358	0.8405971259459324
4	0.8961748633879781	0.8961748633879781	0.7915324985092427	0.9057645874268062	0.8961748633879781	0.8303571428571429	0.8961748633879781	0.8961748633879781	0.8064360929557008	0.8994309320570971	0.9832581842794151	0.9780913656774215	0.9581583849218882	0.8792552607025469
