Times	Accuary	p_micro	p_macro	p_weigh	r_micro	r_macro	r_weigh	F1_micro	F1_macro	F1_weigh	roc_micro	roc_macro	pr_micro	pr_macro
0	0.8743169398907104	0.8743169398907104	0.5660232843137255	0.8234088717454195	0.8743169398907104	0.5232142857142856	0.8743169398907104	0.8743169398907104	0.5275594064055602	0.8452925244854628	0.9465197527546358	0.9174588074024652	0.8822819123162655	0.6046515258945704
1	0.8743169398907104	0.8743169398907104	0.5777402781952833	0.8849553028969228	0.8743169398907104	0.6964285714285714	0.8743169398907104	0.8743169398907104	0.6083282565039825	0.8718568816221489	0.9718415001940937	0.9599937874025359	0.922058684613133	0.6889168741517333
2	0.8633879781420765	0.8633879781420765	0.4335890673699353	0.7960979597611926	0.8633879781420765	0.47023809523809523	0.8633879781420765	0.8633879781420765	0.4507637309067273	0.8276317682221879	0.9471667313645277	0.8912620906548295	0.8887958880548636	0.5505966212640867
3	0.8469945355191257	0.8469945355191257	0.5020729074673731	0.8498897827451951	0.8469945355191257	0.6023809523809524	0.8469945355191257	0.8469945355191257	0.5213704046569281	0.8446544279374532	0.9691142365154728	0.9584322017060538	0.9241764211547026	0.6449656907788563
4	0.9016393442622951	0.9016393442622951	0.6021851137964267	0.8745818795075687	0.9016393442622951	0.5791666666666667	0.9016393442622951	0.9016393442622952	0.5861390041328567	0.8858971364856564	0.9782515651905601	0.9665291936083324	0.952950446619227	0.734908561308951
