Times	Accuary	p_micro	p_macro	p_weigh	r_micro	r_macro	r_weigh	F1_micro	F1_macro	F1_weigh	roc_micro	roc_macro	pr_micro	pr_macro
0	0.8235294117647058	0.8235294117647058	0.8482217489949448	0.8371029508082268	0.8235294117647058	0.72825311942959	0.8235294117647058	0.8235294117647058	0.7417357799433272	0.8208030223568514	0.9614134423823005	0.9222967109924302	0.9133263536084479	0.8118599067716602
1	0.8770053475935828	0.8770053475935828	0.8771464646464646	0.8821557824231622	0.8770053475935828	0.8161764705882353	0.8770053475935828	0.8770053475935828	0.8205061240962069	0.8753477588805298	0.9716415491816561	0.9415221004810522	0.903906462205594	0.8508102559892361
2	0.839572192513369	0.839572192513369	0.8413732917409388	0.8400488845676011	0.839572192513369	0.7749554367201426	0.839572192513369	0.839572192513369	0.8045655466600723	0.83902534978545	0.9600693947972966	0.8979127828333825	0.9133467527829183	0.8379801714348896
3	0.8663101604278075	0.8663101604278075	0.8360378634212305	0.8655233880386011	0.8663101604278075	0.7896613190730838	0.8663101604278075	0.8663101604278075	0.8108716636760412	0.8655661380446854	0.9685054381499805	0.9322803509022224	0.916292959525434	0.8498990353365445
4	0.8502673796791443	0.8502673796791443	0.824422376568966	0.8575626422141953	0.8502673796791443	0.820409982174688	0.8502673796791443	0.8502673796791445	0.8202504246808044	0.8499772751448105	0.9517572707254998	0.9028881835987643	0.8684224180536603	0.8421263732373381
