Times	Accuary	Precision	Recall	MCC	AUROC	AUPR
0	0.93	0.9479166666666666	0.91	0.8606888267023433	0.9629	0.929332594573823
1	0.89	0.8362068965517241	0.97	0.7901798760112801	0.9642000000000001	0.9339769033688345
2	0.93	0.9387755102040817	0.92	0.8601720516172061	0.9669999999999999	0.9457028198670083
3	0.92	0.92	0.92	0.84	0.9684	0.9291091060534655
4	0.925	0.9207920792079208	0.93	0.8500425031877656	0.9629	0.9433963275753094
