Times	Accuary	Precision	Recall	MCC	AUROC	AUPR
0	0.755	0.77	0.7475728155339806	0.5102296550287759	0.9621	0.962374990069694
1	0.8	0.82	0.7884615384615384	0.6004805767690767	0.9756	0.9802678705823007
2	0.76	0.76	0.76	0.52	0.9396999999999999	0.9462098955794155
3	0.76	0.8	0.7407407407407407	0.5216720300383332	0.948	0.9572021923886108
4	0.795	0.83	0.7757009345794392	0.5914508339974488	0.9585999999999999	0.9401841985734426
