Times	Accuary	p_micro	p_macro	p_weigh	r_micro	r_macro	r_weigh	F1_micro	F1_macro	F1_weigh	roc_micro	roc_macro	pr_micro	pr_macro
0	0.7573616018845701	0.7573616018845701	0.6670237448942661	0.7731852968138808	0.7573616018845701	0.6968898858389712	0.7573616018845701	0.7573616018845701	0.6788234401004104	0.763395946599724	0.9258750565921338	0.913266938692817	0.8304410655881058	0.7316615972205504
1	0.7550058892815077	0.7550058892815077	0.6671670611348366	0.7752691293705337	0.7550058892815077	0.7119864399927257	0.7550058892815077	0.7550058892815077	0.6812338117188002	0.7619362951502107	0.9253338762478596	0.914891045995675	0.8315754803089	0.7357802343165872
2	0.7779740871613663	0.7779740871613663	0.6948957052291631	0.7815013785992134	0.7779740871613663	0.6996045575025804	0.7779740871613663	0.7779740871613662	0.6958921858797078	0.7790610504697788	0.9338831614643525	0.9196466819861634	0.8479108140591461	0.7468687978183288
3	0.7820965842167256	0.7820965842167256	0.6961856556864199	0.7942816494960638	0.7820965842167256	0.726418471979392	0.7820965842167256	0.7820965842167256	0.7087548315532137	0.7868973456755606	0.9299937384474586	0.9140346795263447	0.8373044206445076	0.7330940682630378
4	0.7750294464075382	0.7750294464075382	0.6892819462746214	0.7877019272262759	0.7750294464075382	0.7174090198732248	0.7750294464075382	0.7750294464075381	0.6975542848861508	0.7791638828031967	0.9316908087900359	0.9184874025858647	0.8443003414200709	0.7525053607037485
