Times	Accuary	Precision	Recall	MCC	AUROC	AUPR
0	0.7971512770137524	0.7395091053048297	0.9174852652259332	0.6122995671408603	0.8859806392595367	0.853685025886284
1	0.806483300589391	0.7666666666666667	0.881139489194499	0.6199158104204456	0.8875790775857744	0.8555606436686916
2	0.8040275049115914	0.7581317764804003	0.8929273084479371	0.6179001895972711	0.8846306753486363	0.8522198109218159
3	0.8055009823182712	0.7528455284552845	0.9096267190569745	0.6246982769456197	0.883628093144615	0.8409822817167867
4	0.8084479371316307	0.7783687943262412	0.862475442043222	0.6205291241463461	0.8855232533454789	0.8477839287380423
