Times	Accuary	p_micro	p_macro	p_weigh	r_micro	r_macro	r_weigh	F1_micro	F1_macro	F1_weigh	roc_micro	roc_macro	pr_micro	pr_macro
0	0.7830188679245284	0.7830188679245284	0.7024030635584033	0.7937779195080562	0.7830188679245284	0.7265195446735395	0.7830188679245284	0.7830188679245284	0.7124215743122472	0.7870121457527537	0.9374746211952651	0.9256367269622836	0.8569551058781782	0.7723516796477872
1	0.7794811320754716	0.7794811320754716	0.7016815344253758	0.8043645342636732	0.7794811320754716	0.7690464684585174	0.7794811320754716	0.7794811320754716	0.7240821966714108	0.7870429066731088	0.9336784619007356	0.9286726496119042	0.8499893398640578	0.7821859920480416
2	0.7824292452830188	0.7824292452830188	0.7001987732848705	0.7983768143196774	0.7824292452830188	0.7357206139543446	0.7824292452830188	0.7824292452830188	0.71235521157086	0.7879420392490954	0.9339546736865135	0.9234709999069364	0.8484142063980785	0.7662516925542627
3	0.7576650943396226	0.7576650943396226	0.6761530107738156	0.7918038794969022	0.7576650943396226	0.7272994523195876	0.7576650943396226	0.7576650943396226	0.6877235593556291	0.768373696159057	0.9287406040480003	0.9223703152003575	0.8337514463675689	0.7645410458965768
4	0.7712264150943396	0.7712264150943396	0.6948989682851632	0.7867550367545859	0.7712264150943396	0.7264967246563574	0.7712264150943396	0.7712264150943396	0.706817327355087	0.7762230290561734	0.9341737541903998	0.9241388749747252	0.8476876737176671	0.7568175472803145
