Times	Accuary	p_micro	p_macro	p_weigh	r_micro	r_macro	r_weigh	F1_micro	F1_macro	F1_weigh	roc_micro	roc_macro	pr_micro	pr_macro
0	0.9050707547169812	0.9050707547169812	0.8960400232593964	0.9063852957832358	0.9050707547169812	0.8713892596342661	0.9050707547169812	0.9050707547169813	0.8800099156680419	0.903996694683414	0.9823816629212649	0.9810522596856934	0.9557598919642668	0.9419352300903951
1	0.9127358490566038	0.9127358490566038	0.8981937290654107	0.9132556341562753	0.9127358490566038	0.8832781050564557	0.9127358490566038	0.9127358490566038	0.8891885794808123	0.9120387714218027	0.9828566753441319	0.980086296740088	0.9583895659792921	0.9450483040770269
2	0.9180424528301887	0.9180424528301887	0.9171240664314722	0.9184757260558558	0.9180424528301887	0.8985086447594501	0.9180424528301887	0.9180424528301887	0.9065068335007107	0.9176977953769356	0.9867495985745224	0.9842833799647507	0.9667668157324332	0.9610985754210303
3	0.9139150943396226	0.9139150943396226	0.9037954500421598	0.9138461403907928	0.9139150943396226	0.8847174920225822	0.9139150943396226	0.9139150943396227	0.893251681601279	0.9133047543216072	0.9844148644238757	0.9802859387057097	0.9636275474149937	0.9513730598722488
4	0.9215801886792453	0.9215801886792453	0.9065124130080024	0.9221786476751221	0.9215801886792453	0.8966659763132058	0.9215801886792453	0.9215801886792453	0.9006510511545441	0.92117065218973	0.9828255602342173	0.9809226149542423	0.9588820038786043	0.9488878864646175
