Times	Accuary	p_micro	p_macro	p_weigh	r_micro	r_macro	r_weigh	F1_micro	F1_macro	F1_weigh	roc_micro	roc_macro	pr_micro	pr_macro
0	0.502944640753828	0.502944640753828	0.45419929968641004	0.5141755516376231	0.502944640753828	0.468117680293605	0.502944640753828	0.502944640753828	0.45718425772005794	0.504652755257047	0.7724767307481538	0.7201432085311925	0.4966723230152923	0.4367901685622991
1	0.5170789163722026	0.5170789163722026	0.4588805665265161	0.5330384941296429	0.5170789163722026	0.47607406374553946	0.5170789163722026	0.5170789163722026	0.46179827979336024	0.5190458452661569	0.7648643661704133	0.7210918118145118	0.4885080584774028	0.433621456184508
2	0.5341578327444052	0.5341578327444052	0.48057124601734635	0.5573776656312934	0.5341578327444052	0.507793830773477	0.5341578327444052	0.5341578327444052	0.48596024991778436	0.5376319158764973	0.7801717579933065	0.7406905472708185	0.5227195985550068	0.47075713783505163
3	0.49528857479387517	0.49528857479387517	0.4565990141451126	0.5361558652887108	0.49528857479387517	0.47833953433182363	0.49528857479387517	0.49528857479387517	0.44966275197384786	0.49737917869525816	0.7592338245923633	0.7222347681666157	0.48893687108222106	0.43733364247865336
4	0.4988221436984688	0.4988221436984688	0.44593031325643684	0.5058229630672225	0.4988221436984688	0.45863501687425856	0.4988221436984688	0.4988221436984688	0.4493573060308176	0.49860006196545265	0.7656722636807293	0.713702292730499	0.501711155166966	0.4259345721249852
