Times	Accuary	Precision	Recall	MCC	AUROC	AUPR
0	0.7829076620825147	0.7099125364431487	0.9567779960707269	0.6034779245302535	0.8720921256286646	0.8393138161122955
1	0.7829076620825147	0.707492795389049	0.9646365422396856	0.6073516944008988	0.8747674472462281	0.8369524320632893
2	0.7922396856581533	0.7711941659070192	0.831041257367387	0.5862473003399336	0.8728578128075775	0.8413203990689867
3	0.7922396856581533	0.7711941659070192	0.831041257367387	0.5862473003399336	0.8744905068299104	0.8452659822291175
4	0.7946954813359528	0.7538071065989848	0.8752455795677799	0.5971914437714224	0.874475067642938	0.8435412376718108
