Times	Accuary	p_micro	p_macro	p_weigh	r_micro	r_macro	r_weigh	F1_micro	F1_macro	F1_weigh	roc_micro	roc_macro	pr_micro	pr_macro
0	0.8050647820965842	0.8050647820965842	0.7379465397193864	0.8189955566362681	0.8050647820965842	0.792344695436854	0.8050647820965842	0.8050647820965842	0.7591270251220603	0.809107348408097	0.9440222289739701	0.9350477846590919	0.8575019257993223	0.8073868163170527
1	0.842756183745583	0.842756183745583	0.7830125601905504	0.8500031807157808	0.842756183745583	0.8219339632212425	0.842756183745583	0.842756183745583	0.7998841486113453	0.8450697577813875	0.948565785378581	0.9392552786424113	0.8636266412255	0.812216450183144
2	0.8321554770318021	0.8321554770318021	0.7679284201877101	0.8401296489687792	0.8321554770318021	0.8068314301805878	0.8321554770318021	0.8321554770318021	0.784614188502735	0.8347211465455568	0.9418838671607468	0.9286002086304095	0.8573879612293861	0.8134894179432455
3	0.8439340400471143	0.8439340400471143	0.7924222978203007	0.8515481327281001	0.8439340400471143	0.831589946726224	0.8439340400471143	0.8439340400471141	0.8087647333759572	0.8457704360620013	0.9539952774760302	0.9399633131060857	0.8913204187034819	0.8486475329692045
4	0.8127208480565371	0.8127208480565371	0.7433703722638725	0.8260894511049207	0.8127208480565371	0.7946177140296773	0.8127208480565371	0.8127208480565371	0.7638913759040425	0.8167940831399816	0.9443165774372309	0.9306642795452005	0.8617972372417289	0.8082714564141311
