Times	Accuary	Precision	Recall	MCC	AUROC	AUPR
0	0.664695734622121	0.026259231761166034	0.5530864197530864	0.05829248595284525	0.6466211657740852	0.026697027447019128
1	0.6374889711207975	0.02693178957966272	0.6164609053497943	0.06622874879232186	0.6715155369317909	0.029678122209846787
2	0.7288146753229651	0.02883680217856448	0.48806584362139915	0.06234463808481248	0.6625581428136975	0.031192916405159105
3	0.5662983789193674	0.024096024006001502	0.6609053497942387	0.05705928282034829	0.6559839362870747	0.030321660743482803
4	0.5380907857829517	0.023902589915919124	0.6995884773662552	0.05910579265083379	0.656351025358963	0.028278687973832022
