Times	Accuary	p_micro	p_macro	p_weigh	r_micro	r_macro	r_weigh	F1_micro	F1_macro	F1_weigh	roc_micro	roc_macro	pr_micro	pr_macro
0	0.7777122641509434	0.7777122641509434	0.71244289735178	0.7791315706336803	0.7777122641509434	0.7239088580019637	0.7777122641509434	0.7777122641509434	0.7167433494125979	0.7777649522948027	0.9386802882475971	0.9257115839234256	0.8611831009364953	0.7883871095902732
1	0.7806603773584906	0.7806603773584906	0.7174787584590255	0.7894241737525582	0.7806603773584906	0.7415521830510554	0.7806603773584906	0.7806603773584905	0.7275836136311076	0.7836607223883169	0.9375402120787348	0.9269511589921713	0.8594035863913919	0.7908491941749308
2	0.7712264150943396	0.7712264150943396	0.6904435032838566	0.7920357919027728	0.7712264150943396	0.7386521232204222	0.7712264150943396	0.7712264150943396	0.708399072864647	0.7784384436359154	0.933876972825442	0.9223869999536927	0.8542797280686885	0.7852592555297017
3	0.7724056603773585	0.7724056603773585	0.6970176428407757	0.784437660882026	0.7724056603773585	0.7304029746563574	0.7724056603773585	0.7724056603773585	0.7091669967087293	0.7766921573840094	0.9411809696511215	0.9301000933616712	0.8666860282444745	0.7958071283498426
Times	Accuary	p_micro	p_macro	p_weigh	r_micro	r_macro	r_weigh	F1_micro	F1_macro	F1_weigh	roc_micro	roc_macro	pr_micro	pr_macro
0	0.7653301886792453	0.7653301886792453	0.6998891522830283	0.8038614018872079	0.7653301886792453	0.765394882179676	0.7653301886792453	0.7653301886792454	0.7167162148765804	0.7745686857705076	0.9453196269246174	0.9421688365956271	0.8665276699489094	0.831427362376365
