Times	Accuary	p_micro	p_macro	p_weigh	r_micro	r_macro	r_weigh	F1_micro	F1_macro	F1_weigh	roc_micro	roc_macro	pr_micro	pr_macro
0	0.6537102473498233	0.6537102473498233	0.5789704672664949	0.6793750103120123	0.6537102473498233	0.6263809808415362	0.6537102473498233	0.6537102473498233	0.5931667139357569	0.6607321827083784	0.8784861101284082	0.8649865681681549	0.7105029479603898	0.6050451382298403
1	0.6484098939929329	0.6484098939929329	0.5858885461722485	0.6978643124691837	0.6484098939929329	0.600345782566226	0.6484098939929329	0.6484098939929329	0.5628353119793998	0.6498289802325979	0.8754860911680201	0.8615065928431316	0.7046675503823779	0.6016631036281501
2	0.6413427561837456	0.6413427561837456	0.6051998886015169	0.7219250949996645	0.6413427561837456	0.616371985998475	0.6413427561837456	0.6413427561837456	0.5804978865074453	0.6491665046840965	0.8734335135495094	0.8565729743401174	0.7011753872587106	0.5835222684597803
3	0.6525323910482921	0.6525323910482921	0.5980135665685342	0.7091186123149048	0.6525323910482921	0.6172065817967729	0.6525323910482921	0.6525323910482921	0.5814749632253542	0.6641022363029236	0.8768345909619992	0.8586414747839288	0.7092467433262964	0.5791274895780492
4	0.6584216725559482	0.6584216725559482	0.5933647074475908	0.6935001178793372	0.6584216725559482	0.6305153134984708	0.6584216725559482	0.6584216725559482	0.6010858397921779	0.666065953356896	0.8772839752812035	0.8616640417105571	0.7062837830711229	0.58950430145413
