Times	Accuary	p_micro	p_macro	p_weigh	r_micro	r_macro	r_weigh	F1_micro	F1_macro	F1_weigh	roc_micro	roc_macro	pr_micro	pr_macro
0	0.7396937573616019	0.7396937573616019	0.6618166793323983	0.7879037702567616	0.7396937573616019	0.7265407280422943	0.7396937573616019	0.739693757361602	0.6775313172729057	0.7538024862867841	0.9185874464658067	0.9155934540534562	0.8226119489143735	0.760198941617461
1	0.7273262661955241	0.7273262661955241	0.6540100762418013	0.7674130524897667	0.7273262661955241	0.712647783339856	0.7273262661955241	0.7273262661955241	0.668758361209014	0.7384787094861097	0.9140612318795341	0.9088195897970468	0.8028702667449189	0.7311658034592494
2	0.7467608951707891	0.7467608951707891	0.67446491008991	0.7768982533956031	0.7467608951707891	0.7059516599689607	0.7467608951707891	0.7467608951707891	0.6776779677715172	0.7522921623384583	0.9245910683623728	0.91957037794279	0.8286034566902336	0.7554319093391489
3	0.7508833922261484	0.7508833922261484	0.6749576204360179	0.7857548527526026	0.7508833922261484	0.7352243037586205	0.7508833922261484	0.7508833922261485	0.6914602746084078	0.760674088896503	0.9202570011232873	0.9145383619961884	0.818351966448133	0.7436883934604978
4	0.7526501766784452	0.7526501766784452	0.6656526134166227	0.7694314697944042	0.7526501766784452	0.6980823085494133	0.7526501766784452	0.7526501766784452	0.6772419447343749	0.7585139202447974	0.9303531765355488	0.9173475034270178	0.842590611356042	0.7422238786284089
