Times	Accuary	p_micro	p_macro	p_weigh	r_micro	r_macro	r_weigh	F1_micro	F1_macro	F1_weigh	roc_micro	roc_macro	pr_micro	pr_macro
0	0.6124852767962309	0.6124852767962309	0.570132166621092	0.6420587659484104	0.6124852767962309	0.6005989924845121	0.6124852767962309	0.6124852767962309	0.5722857336711852	0.6113653479235504	0.8421229183459328	0.8225576107591352	0.6772773444121928	0.5896800949170133
1	0.6124852767962309	0.6124852767962309	0.5623568241839298	0.6476047600821125	0.6124852767962309	0.5723973675366786	0.6124852767962309	0.6124852767962309	0.553068001399191	0.6117345348434551	0.849278499428645	0.8258005527613653	0.6977930541468385	0.6058389309555234
2	0.6101295641931684	0.6101295641931684	0.5560917301407436	0.6601588870583336	0.6101295641931684	0.5839274480200713	0.6101295641931684	0.6101295641931684	0.5506796056806905	0.6138524688311641	0.844132719479209	0.8189443414872369	0.6841765121102907	0.5841757942887467
3	0.6460541813898705	0.6460541813898705	0.5905187028029768	0.6748769171572818	0.6460541813898705	0.5967141904308484	0.6460541813898705	0.6460541813898705	0.5828369785138223	0.6449790417671175	0.8604517173718312	0.8342450278256205	0.7222830914608099	0.6315341510303802
4	0.6065959952885748	0.6065959952885748	0.5473515851197945	0.6339483057152161	0.6065959952885748	0.5684067987032145	0.6065959952885748	0.6065959952885748	0.547747532185201	0.6077403184924047	0.8572817485917288	0.8278376495122028	0.7065785286450698	0.6101521588243921
