Times	Accuary	Precision	Recall	MCC	AUROC	AUPR
0	0.8015717092337917	0.789622641509434	0.8222003929273084	0.6036574011512976	0.8770683685797107	0.8366782233461082
1	0.8025540275049116	0.7471910112359551	0.9145383104125737	0.6208806789733441	0.8756489283274342	0.8358086234723177
2	0.8133595284872298	0.7694256756756757	0.8948919449901768	0.6352212676507117	0.8804312164921395	0.8365846062917638
3	0.8167976424361493	0.7641277641277642	0.9165029469548134	0.6465812080149377	0.8802575256386999	0.8325278843769889
4	0.8113948919449901	0.7805309734513274	0.8664047151277013	0.626593574893202	0.8801002389214183	0.8301010002281856
