Times	Accuary	Precision	Recall	MCC	AUROC	AUPR
0	0.8017664376840039	0.7477840451248993	0.9106967615309126	0.6183865916985138	0.8816259470453918	0.8464516913158948
1	0.8017664376840039	0.780309936189608	0.8400392541707556	0.6053088035234356	0.8835621715376445	0.8610130126181688
2	0.7090284592737979	0.6751644736842105	0.8056918547595682	0.4260954560744387	0.7971379895816579	0.7867887545514081
3	0.7144259077526988	0.6639159789947486	0.8684985279685966	0.4507874365668807	0.8122859005682995	0.7830456882508756
4	0.8002944062806673	0.7781818181818182	0.8400392541707556	0.6024952958389337	0.8797503950938065	0.8588975487218906
