Times	Accuary	Precision	Recall	MCC	AUROC	AUPR
0	0.6723968565815324	0.7239685658153242	0.6562778272484416	0.34664253302893516	0.8236545713502726	0.818993396658207
1	0.6728880157170923	0.743614931237721	0.6514629948364888	0.3492881750796097	0.8098046556868315	0.8084458161878212
2	0.6586444007858546	0.7229862475442044	0.6405570060922542	0.3199489564976248	0.7921962629447934	0.7905151264406902
3	0.6645383104125737	0.7180746561886051	0.6486246672582077	0.33097935661117794	0.7919550256483494	0.7827456997583522
4	0.6640471512770137	0.6768172888015717	0.6599616858237548	0.32820136381795234	0.7860524314789583	0.7780513834186193
