Times	Accuary	p_micro	p_macro	p_weigh	r_micro	r_macro	r_weigh	F1_micro	F1_macro	F1_weigh	roc_micro	roc_macro	pr_micro	pr_macro
0	0.660377358490566	0.660377358490566	0.5923843309251968	0.688527937747485	0.660377358490566	0.6538688558541973	0.660377358490566	0.660377358490566	0.6096669320694	0.6685750814739337	0.8821950649697401	0.8681748291804563	0.7146832570319258	0.6266069620055765
1	0.6692216981132075	0.6692216981132075	0.5999307655304391	0.7052152081393196	0.6692216981132075	0.6407302789027982	0.6692216981132075	0.6692216981132075	0.6098708322792612	0.6789291007612152	0.8797993753337486	0.8663551122575789	0.7165881739922317	0.6252588405223741
2	0.6497641509433962	0.6497641509433962	0.587373885797037	0.7214019292645841	0.6497641509433962	0.605543346526755	0.6497641509433962	0.6497641509433962	0.5695218861791771	0.6597129585556943	0.8788388049572802	0.8626446072855355	0.7124449179883215	0.5946423313866314
3	0.6527122641509434	0.6527122641509434	0.6018438141679069	0.6755289516803383	0.6527122641509434	0.6312559447103584	0.6527122641509434	0.6527122641509434	0.5991158457002868	0.647521630533693	0.8870354635768956	0.8719677960144546	0.7197375355386885	0.6365057110349546
4	0.6768867924528302	0.6768867924528302	0.603758228457065	0.7018297480194354	0.6768867924528302	0.6567902015832106	0.6768867924528302	0.6768867924528302	0.6213813314615129	0.684581917092814	0.8829079892013765	0.8690935494322923	0.7229793096320238	0.6311733697537463
