Times	Accuary	Precision	Recall	MCC	AUROC	AUPR
0	0.7971512770137524	0.776255707762557	0.8349705304518664	0.5960099407845656	0.8714292055380365	0.8351524302139819
1	0.6851669941060904	0.620293554562859	0.9548133595284872	0.4397647659145317	0.8066319027640005	0.7825138082760008
2	0.7961689587426326	0.7743403093721565	0.8359528487229863	0.5942219230330049	0.8709230896900968	0.8374579246824341
3	0.7730844793713163	0.7363945578231292	0.8506876227897839	0.552868574629778	0.8616224269629962	0.8227644275651973
4	0.7961689587426326	0.7743403093721565	0.8359528487229863	0.5942219230330049	0.8696204082892994	0.8222360730957354
