Times	Accuary	Precision	Recall	MCC	AUROC	AUPR
0	0.712180746561886	0.6591355599214146	0.7373626373626374	0.4267699729846433	0.9110558088011086	0.923295292224543
1	0.7264243614931237	0.6326129666011788	0.7787182587666264	0.46103619276175345	0.915940381579506	0.9270064561607441
2	0.7033398821218074	0.7445972495088409	0.6878402903811253	0.4080713509266227	0.9243624580729578	0.9336069423424993
3	0.712671905697446	0.6994106090373281	0.7184661957618567	0.4254934939874113	0.9168262049320482	0.9289921163506925
4	0.7116895874263262	0.6335952848722987	0.7508731082654249	0.42863976367682527	0.907218205889278	0.9194061185181387
