Times	Accuary	p_micro	p_macro	p_weigh	r_micro	r_macro	r_weigh	F1_micro	F1_macro	F1_weigh	roc_micro	roc_macro	pr_micro	pr_macro
0	0.676678445229682	0.676678445229682	0.6110203380063896	0.6957980999145711	0.676678445229682	0.6610841853788242	0.676678445229682	0.676678445229682	0.6281106493667625	0.6814491204936428	0.8863739783934816	0.8705308567528383	0.7209762408468992	0.6231698004856386
1	0.6743227326266196	0.6743227326266196	0.6216422026484346	0.7057932064465111	0.6743227326266196	0.6354471241581064	0.6743227326266196	0.6743227326266196	0.6055886200369363	0.6753207358405889	0.8851176792670007	0.8694490318255095	0.7180488400834253	0.6308571345110591
2	0.6678445229681979	0.6678445229681979	0.6195048915807007	0.7148890938376243	0.6678445229681979	0.6600167646906526	0.6678445229681979	0.6678445229681979	0.6227431309279359	0.6736191938865261	0.8817076997210974	0.8675789563073472	0.7116408796079321	0.6149453026218451
3	0.6707891637220259	0.6707891637220259	0.6076894660165078	0.7038770682068537	0.6707891637220259	0.6382560647420927	0.6707891637220259	0.6707891637220259	0.608319022869459	0.6755945497517846	0.8837144949391951	0.868109604655864	0.7121275570509181	0.6201484346247632
4	0.666077738515901	0.666077738515901	0.6193212259414649	0.7091122533515376	0.666077738515901	0.6599740332342786	0.666077738515901	0.666077738515901	0.6225518621022751	0.6714525329948595	0.8827010390755101	0.8694323276892537	0.7118538146839323	0.6330719903536703
