Times	Accuary	p_micro	p_macro	p_weigh	r_micro	r_macro	r_weigh	F1_micro	F1_macro	F1_weigh	roc_micro	roc_macro	pr_micro	pr_macro
0	0.8225235849056604	0.8225235849056604	0.7589009115090471	0.8338211345280195	0.8225235849056604	0.7986296483799705	0.8225235849056604	0.8225235849056604	0.77275439861503	0.8260444291755072	0.9532952349961434	0.9472608095347882	0.8998201338691486	0.8451864263777816
1	0.7824292452830188	0.7824292452830188	0.7256317968043983	0.8041103784691565	0.7824292452830188	0.7422519329896907	0.7824292452830188	0.7824292452830188	0.727035355198107	0.7865406248604553	0.9452251227453423	0.9392549137114803	0.8701050870181433	0.8190386252140542
2	0.7889150943396226	0.7889150943396226	0.7372846312202158	0.8084770832579229	0.7889150943396226	0.7649634112665685	0.7889150943396226	0.7889150943396227	0.744413993366183	0.7913518384702671	0.9474811130703394	0.9414232896261375	0.8803718131915189	0.825843869269709
