Times	Accuary	p_micro	p_macro	p_weigh	r_micro	r_macro	r_weigh	F1_micro	F1_macro	F1_weigh	roc_micro	roc_macro	pr_micro	pr_macro
0	0.649587750294464	0.649587750294464	0.5993366267960962	0.6725469487963273	0.649587750294464	0.6197751359574533	0.649587750294464	0.649587750294464	0.6010693204596396	0.6503063625990172	0.8654492825805367	0.8421436454296073	0.7260972195635722	0.6373592183796335
1	0.610718492343934	0.610718492343934	0.5575439407127221	0.6374769960620335	0.610718492343934	0.575003851106562	0.610718492343934	0.610718492343934	0.5558218824562455	0.6100339024170316	0.8458282290581357	0.8109283318086898	0.6871268320014673	0.5873137929818522
2	0.6254416961130742	0.6254416961130742	0.5660840343022243	0.6568470803462892	0.6254416961130742	0.5902337669027327	0.6254416961130742	0.6254416961130742	0.5669219048222685	0.6287106554623367	0.8558570604091837	0.8269384328312119	0.7102554464629894	0.6062141016478356
3	0.6224970553592462	0.6224970553592462	0.5662251396121345	0.6610368839389762	0.6224970553592462	0.5782843933034085	0.6224970553592462	0.6224970553592462	0.5591618322610085	0.6239730119780207	0.8571552111239209	0.8322096177220177	0.7015075777945348	0.5944477940109372
4	0.6124852767962309	0.6124852767962309	0.5594023299615405	0.6441194910582271	0.6124852767962309	0.5634230582996662	0.6124852767962309	0.6124852767962309	0.5505169297323864	0.6125853395302946	0.856683687083305	0.829254332629468	0.7014834106863778	0.6033652583823221
