Times	Accuary	p_micro	p_macro	p_weigh	r_micro	r_macro	r_weigh	F1_micro	F1_macro	F1_weigh	roc_micro	roc_macro	pr_micro	pr_macro
0	0.5147405660377359	0.5147405660377359	0.4403928238281071	0.5569067380637573	0.5147405660377359	0.4214837997054492	0.5147405660377359	0.5147405660377359	0.4124566582489604	0.5071302541166726	0.7284042595600451	0.6557989515491672	0.49728167369170884	0.3919907798407239
1	0.4893867924528302	0.4893867924528302	0.4366649402906547	0.5748239206329213	0.4893867924528302	0.41134806854442807	0.4893867924528302	0.4893867924528302	0.39697486987865804	0.4945760702633301	0.7095913803844784	0.6439738565244757	0.47765462378671386	0.3928918137719803
2	0.49764150943396224	0.49764150943396224	0.4483125550320078	0.5622967886634513	0.49764150943396224	0.4373454375306824	0.49764150943396224	0.49764150943396224	0.41932720852897987	0.4972405719823024	0.7226450091595467	0.65960273395132	0.47552550522674464	0.3942921126571634
3	0.5070754716981132	0.5070754716981132	0.4655777443710754	0.590960831591101	0.5070754716981132	0.44951656081246927	0.5070754716981132	0.5070754716981132	0.42648233311844963	0.5067132310150587	0.7455531466936632	0.6872291619624028	0.5060347219650857	0.4206272877474821
4	0.5017688679245284	0.5017688679245284	0.4379665437190452	0.5604757678810025	0.5017688679245284	0.41356256903534605	0.5017688679245284	0.5017688679245284	0.4056503538910502	0.4996048271429953	0.7444401876038329	0.666263165429691	0.520893652874935	0.4082532110270349
