Times	Accuary	Precision	Recall	MCC	AUROC	AUPR
0	0.6967615309126595	0.633954857703631	0.7250280583613917	0.3966649358357327	0.9116261107649459	0.9226546472016546
1	0.71099116781158	0.6516192345436702	0.7394209354120267	0.4249891685455085	0.9073819220868272	0.9204075497227565
2	0.7060843964671246	0.6643768400392541	0.7248394004282656	0.4136102716901423	0.914160874686164	0.9249009916260844
3	0.7154072620215898	0.6310107948969578	0.7591499409681228	0.4370860384553645	0.9085433678653185	0.9201802710039436
4	0.7154072620215898	0.676153091265947	0.7337593184238551	0.43214836865961165	0.9192530343493255	0.9287916999931165
