Times	Accuary	p_micro	p_macro	p_weigh	r_micro	r_macro	r_weigh	F1_micro	F1_macro	F1_weigh	roc_micro	roc_macro	pr_micro	pr_macro
0	0.5229952830188679	0.5229952830188679	0.4736784776549566	0.5278343484167892	0.5229952830188679	0.47008775159548355	0.5229952830188679	0.5229952830188679	0.4686960693635419	0.5213516608362161	0.7839911426812627	0.7231848943377849	0.5036938138485493	0.4415221321434865
1	0.5235849056603774	0.5235849056603774	0.46926263165787885	0.5452098860853043	0.5235849056603774	0.48878482449680904	0.5235849056603774	0.5235849056603774	0.4705095798870596	0.5242160042469165	0.7715037277871722	0.7267110633802124	0.5056806884764921	0.45075227674003343
2	0.5224056603773585	0.5224056603773585	0.4811636386924124	0.532005628210781	0.5224056603773585	0.4845207412862052	0.5224056603773585	0.5224056603773585	0.47878627887998837	0.5209679337440031	0.7793183137163284	0.7300771140110864	0.5136464100784849	0.46097221791913956
3	0.5194575471698113	0.5194575471698113	0.458683610370454	0.5360649856231718	0.5194575471698113	0.48250088211831127	0.5194575471698113	0.5194575471698113	0.4645724978967483	0.5234615956631032	0.7687567908582532	0.7297789138819535	0.49563739287751174	0.43986665119722057
4	0.5336084905660378	0.5336084905660378	0.48263894253771067	0.5452055258760032	0.5336084905660378	0.48958620980608747	0.5336084905660378	0.5336084905660378	0.4804907461522496	0.5349754847317604	0.7934164135739291	0.7379198090113027	0.5329635577605443	0.46369735685300734
