Times	Accuary	Precision	Recall	MCC	AUROC	AUPR
0	0.586882534000461	0.026452802121398312	0.6932203389830508	0.0707864824562472	0.6809173081562818	0.03048383546041432
1	0.633432317726342	0.027107111501316946	0.6279661016949153	0.06793285610399784	0.6774617424305237	0.03095376032668391
2	0.7874411856431952	0.03556324490580546	0.4703389830508475	0.0807742104522833	0.6981240063518741	0.03450149850662132
3	0.6753854289549689	0.028348806366047745	0.5796610169491525	0.06862538906346002	0.6789302221077265	0.03320935317392372
4	0.6599818302621052	0.02942103190232375	0.6330508474576271	0.07750168517594175	0.6942345403124227	0.03489950455416632
