Times	Accuary	Precision	Recall	MCC	AUROC	AUPR
0	0.6565260058881256	0.6947988223748773	0.6453965360072926	0.3139731842666276	0.7914992955243889	0.7790255375728463
1	0.6619234543670265	0.7262021589793916	0.6434782608695652	0.3265566534976676	0.8007648592348904	0.7892024014552688
2	0.6560353287536801	0.6496565260058881	0.658051689860835	0.3120960563714441	0.7785336698893738	0.7753484609250082
3	0.6830225711481845	0.7154072620215898	0.6718894009216589	0.3668153594954284	0.8166591387773615	0.820439245136252
4	0.668792934249264	0.7379784102060843	0.6482758620689655	0.34086482718806616	0.8110512625185268	0.8103541894511477
