Times	Accuary	p_micro	p_macro	p_weigh	r_micro	r_macro	r_weigh	F1_micro	F1_macro	F1_weigh	roc_micro	roc_macro	pr_micro	pr_macro
0	0.6007067137809188	0.6007067137809188	0.5165714937580446	0.6792051741082487	0.6007067137809188	0.575796513535199	0.6007067137809188	0.6007067137809188	0.4577063317566169	0.5926518481184117	0.8710772806918969	0.8550323293282402	0.6963012040027332	0.5642474768556496
1	0.6236749116607774	0.6236749116607774	0.5859535887267197	0.71487867024116	0.6236749116607774	0.5910447988526597	0.6236749116607774	0.6236749116607774	0.5158065407434524	0.6257166057380886	0.8726079273844884	0.85984996686212	0.6983303368385206	0.5856741209441305
2	0.6531213191990577	0.6531213191990577	0.49498410142345506	0.6777679508244412	0.6531213191990577	0.5781833474094187	0.6531213191990577	0.6531213191990577	0.49932370898595446	0.6380983066538806	0.8702856266847577	0.8464253429496142	0.6943146976123403	0.5544723019858464
3	0.6001177856301532	0.6001177856301532	0.46305417844749697	0.6563721453249484	0.6001177856301532	0.5745481841741731	0.6001177856301532	0.6001177856301532	0.44977557878236685	0.586084993888591	0.8683771017705766	0.8538945789712487	0.691695170649848	0.5548116897451669
4	0.588339222614841	0.588339222614841	0.5365759766786746	0.6284692746345092	0.588339222614841	0.5764390815542357	0.588339222614841	0.588339222614841	0.5186955351252798	0.5850078203379604	0.8754016365127129	0.85831321084218	0.6885705420907674	0.5681995298432092
