Times	Accuary	p_micro	p_macro	p_weigh	r_micro	r_macro	r_weigh	F1_micro	F1_macro	F1_weigh	roc_micro	roc_macro	pr_micro	pr_macro
0	0.8372641509433962	0.8372641509433962	0.7791891517476556	0.844500204751028	0.8372641509433962	0.8142464024914089	0.8372641509433962	0.8372641509433961	0.794062053941526	0.839023801385428	0.9540648269698588	0.9439534684691739	0.8746227038201886	0.8331930321670614
1	0.8325471698113207	0.8325471698113207	0.7720018227286762	0.8441410437872967	0.8325471698113207	0.8248623128375062	0.8325471698113207	0.8325471698113207	0.7931401105548651	0.8354880057625123	0.9497957411816186	0.9405929598914323	0.8642555174136085	0.8185531637448644
2	0.8537735849056604	0.8537735849056604	0.806003756642844	0.8571181482974957	0.8537735849056604	0.830192416850761	0.8537735849056604	0.8537735849056604	0.8169671509994947	0.8547262598231615	0.9568376062433249	0.9503274688544517	0.8832511719241127	0.8397043640432725
3	0.8484669811320755	0.8484669811320755	0.7965534715838951	0.8545290902197248	0.8484669811320755	0.8339811149975455	0.8484669811320755	0.8484669811320755	0.812776249758836	0.8500290664529183	0.9613297705663344	0.9521903011289882	0.8993718131152909	0.8571767498588143
4	0.8390330188679245	0.8390330188679245	0.7877605263628917	0.8443839559329852	0.8390330188679245	0.8121810950540009	0.8390330188679245	0.8390330188679245	0.7978487401654535	0.8401258249915051	0.9491574468597959	0.9391907455035926	0.8694743858438302	0.8224104346907741
