Times	Accuary	p_micro	p_macro	p_weigh	r_micro	r_macro	r_weigh	F1_micro	F1_macro	F1_weigh	roc_micro	roc_macro	pr_micro	pr_macro
0	0.5394581861012956	0.5394581861012956	0.47759315631194543	0.5456470062982726	0.5394581861012956	0.4718538353152667	0.5394581861012956	0.5394581861012956	0.4718118756538413	0.5384465462047848	0.7774296696776689	0.7248631238931358	0.5194953418142372	0.43956048254515795
1	0.5141342756183745	0.5141342756183745	0.4437978537894285	0.5298590595517357	0.5141342756183745	0.45916132124418635	0.5141342756183745	0.5141342756183745	0.44820768820367785	0.5195646783009428	0.7741171511508262	0.7243335700782736	0.5022023858281277	0.43830409704696394
2	0.5229681978798587	0.5229681978798587	0.4745408921144215	0.5326230345441528	0.5229681978798587	0.47347676493630103	0.5229681978798587	0.5229681978798587	0.4701454139660578	0.5219809101824804	0.782477063711066	0.7322264527784967	0.5176439187734287	0.4605296103366885
3	0.5129564193168433	0.5129564193168433	0.45172259835803386	0.5237084191545883	0.5129564193168433	0.4632613226455725	0.5129564193168433	0.5129564193168433	0.4550072035366121	0.5156399514982312	0.7664172681965388	0.7137270731771806	0.4874149376691915	0.4215511847916353
4	0.5365135453474676	0.5365135453474676	0.486192558126537	0.5449346218325527	0.5365135453474676	0.46687330078546335	0.5365135453474676	0.5365135453474676	0.4696599102952832	0.5305221176705331	0.7840296189008246	0.721783233812143	0.5179863571821841	0.44713977493786605
