Times	Accuary	p_micro	p_macro	p_weigh	r_micro	r_macro	r_weigh	F1_micro	F1_macro	F1_weigh	roc_micro	roc_macro	pr_micro	pr_macro
0	0.6813898704358068	0.6813898704358068	0.646040687484117	0.7483660617169385	0.6813898704358068	0.6482135356480445	0.6813898704358068	0.6813898704358068	0.6184182114096621	0.6840574680530945	0.884128444142928	0.8741425093247834	0.7212196517232585	0.6276350738326585
1	0.6189634864546525	0.6189634864546525	0.4553828333317349	0.6421131610259219	0.6189634864546525	0.5847604205911566	0.6189634864546525	0.6189634864546525	0.4647875699885612	0.6078506960832727	0.8793541259422967	0.8561115151045198	0.7080094680533854	0.5583145057277706
2	0.6819787985865724	0.6819787985865724	0.5140659586638524	0.6993606607827849	0.6819787985865724	0.5913247108585946	0.6819787985865724	0.6819787985865724	0.5195848822973002	0.6633954960940283	0.8837760005882344	0.862249831774665	0.7190428226596743	0.5728107144687731
3	0.5712603062426383	0.5712603062426383	0.567323077869113	0.6836342376886304	0.5712603062426383	0.5526142047206586	0.5712603062426383	0.5712603062426383	0.43030243145881886	0.5509116473747258	0.8592028752272356	0.8305883939402434	0.6512727855737827	0.5241656278369704
4	0.6654888103651354	0.6654888103651354	0.5779981857284489	0.705787046979859	0.6654888103651354	0.586096999404979	0.6654888103651354	0.6654888103651354	0.5375573574566941	0.657821959186199	0.882455999182391	0.8580332893858742	0.7137538378605933	0.5529601711772965
