Times	Accuary	p_micro	p_macro	p_weigh	r_micro	r_macro	r_weigh	F1_micro	F1_macro	F1_weigh	roc_micro	roc_macro	pr_micro	pr_macro
0	0.8409893992932862	0.8409893992932862	0.8217808360758095	0.8475568645328055	0.8409893992932862	0.8259832522991255	0.8409893992932862	0.8409893992932862	0.8206120860755982	0.839576205573808	0.9622752442537307	0.9561044917433541	0.9135396778464425	0.8976926994037376
1	0.8327444051825678	0.8327444051825678	0.8080103292849623	0.8422173924335348	0.8327444051825678	0.8311275298740088	0.8327444051825678	0.8327444051825678	0.8149610223977765	0.8312600967156419	0.9623579647272039	0.9601996417248788	0.9127886497202383	0.9063278000452809
2	0.8256772673733804	0.8256772673733804	0.8096681256066673	0.8342332106242473	0.8256772673733804	0.8139604141415338	0.8256772673733804	0.8256772673733804	0.8080287068870473	0.8240637562942793	0.9600077436999486	0.9554423838130273	0.9064825157453685	0.8975760203822337
3	0.8292108362779741	0.8292108362779741	0.8051662471536449	0.8372751621378219	0.8292108362779741	0.820189278032363	0.8292108362779741	0.8292108362779741	0.8090157005818571	0.8279459647453951	0.9605382877289756	0.957287630595361	0.9077171584497072	0.8987603664384339
4	0.8392226148409894	0.8392226148409894	0.8295850412164388	0.8498069354307877	0.8392226148409894	0.8334808170524997	0.8392226148409894	0.8392226148409894	0.8269310706004305	0.8376403733375968	0.9636754804724189	0.9607871183144865	0.9159961174728397	0.9108532264975436
