Times	Accuary	p_micro	p_macro	p_weigh	r_micro	r_macro	r_weigh	F1_micro	F1_macro	F1_weigh	roc_micro	roc_macro	pr_micro	pr_macro
0	0.6084905660377359	0.6084905660377359	0.5659030234796028	0.6457318489718185	0.6084905660377359	0.5810822057560138	0.6084905660377359	0.6084905660377359	0.5578184432646573	0.6052696788042683	0.8481758781298209	0.8195024506776942	0.6884666084103916	0.5942863120187423
1	0.6020047169811321	0.6020047169811321	0.5493419747190202	0.6459295355347738	0.6020047169811321	0.5756261122361316	0.6020047169811321	0.6020047169811321	0.5452269666404842	0.6036391380885499	0.853689742142073	0.8290633220579072	0.6959995576288766	0.6043130472620548
2	0.6244103773584906	0.6244103773584906	0.5695465129881446	0.6581432293477532	0.6244103773584906	0.5855058373220422	0.6244103773584906	0.6244103773584906	0.5651505700571846	0.6246403264446746	0.8542572887000118	0.8235785633162271	0.6978385453522011	0.6136331332411094
3	0.6497641509433962	0.6497641509433962	0.6016574505034522	0.6843793176034725	0.6497641509433962	0.619773449005891	0.6497641509433962	0.6497641509433962	0.5974259049747584	0.6494478639030589	0.8688288365336121	0.8475466104202682	0.7270226072857857	0.6497326305739861
4	0.6350235849056604	0.6350235849056604	0.5840065444627042	0.6560516297108177	0.6350235849056604	0.590953109658812	0.6350235849056604	0.6350235849056604	0.5804022625091069	0.6351703565245777	0.8634154447757209	0.8359393220504019	0.7184336385660681	0.6304931549186259
