Times	Accuary	p_micro	p_macro	p_weigh	r_micro	r_macro	r_weigh	F1_micro	F1_macro	F1_weigh	roc_micro	roc_macro	pr_micro	pr_macro
0	0.48115429917550057	0.48115429917550057	0.4230901224524549	0.5307845189871662	0.48115429917550057	0.41128477568163235	0.48115429917550057	0.48115429917550057	0.4001746951829037	0.4810147341100158	0.7162401041803957	0.6506001154521823	0.48421015688970764	0.38871255811351124
1	0.4911660777385159	0.4911660777385159	0.43325384634723163	0.5615428797024978	0.4911660777385159	0.4169178204971501	0.4911660777385159	0.4911660777385159	0.40266160103985954	0.4936939500873527	0.7196971378600566	0.6524483801479686	0.4617927450120744	0.37742678616071673
2	0.4664310954063604	0.4664310954063604	0.4156229421111755	0.5445348549692172	0.4664310954063604	0.39799683481515036	0.4664310954063604	0.4664310954063604	0.3836740246925291	0.4733499778150664	0.7053286320819938	0.6442340590879987	0.44967530551270346	0.3765826169327877
3	0.5053003533568905	0.5053003533568905	0.42885463413857405	0.5490176825489832	0.5053003533568905	0.411680883702209	0.5053003533568905	0.5053003533568905	0.4038245930007039	0.502547150936496	0.7265987191101752	0.6619927195569639	0.48368856530754156	0.3876765741875596
4	0.5247349823321554	0.5247349823321554	0.46253011841616265	0.5765199457197995	0.5247349823321554	0.44820348246084063	0.5247349823321554	0.5247349823321554	0.43808667690570613	0.5241596965063543	0.7497881985920294	0.6789108917254462	0.5341316154895004	0.42257264280954043
