Times	Accuary	p_micro	p_macro	p_weigh	r_micro	r_macro	r_weigh	F1_micro	F1_macro	F1_weigh	roc_micro	roc_macro	pr_micro	pr_macro
0	0.8551236749116607	0.8551236749116607	0.7946353913560988	0.8635330421903498	0.8551236749116607	0.8410354652961868	0.8551236749116607	0.8551236749116609	0.8143239948823219	0.8577212918938857	0.9558129312621192	0.9470016207695642	0.885573006771028	0.8417063313037765
