Times	Accuary	p_micro	p_macro	p_weigh	r_micro	r_macro	r_weigh	F1_micro	F1_macro	F1_weigh	roc_micro	roc_macro	pr_micro	pr_macro
0	0.8343160377358491	0.8343160377358491	0.8054958285914077	0.8426383708178522	0.8343160377358491	0.8268488049214531	0.8343160377358491	0.8343160377358491	0.8119981558655549	0.832776807851914	0.9606109941445651	0.954559447784408	0.908947772650518	0.89145349092922
1	0.8231132075471698	0.8231132075471698	0.8076472529980593	0.8322102560060822	0.8231132075471698	0.8126315506872852	0.8231132075471698	0.8231132075471698	0.8059520138467507	0.8211149121774743	0.9609545930305862	0.9582735574662143	0.9104425196766085	0.9010868989035881
2	0.8219339622641509	0.8219339622641509	0.8061314121182045	0.8335040502322634	0.8219339622641509	0.8175915485395189	0.8219339622641509	0.8219339622641509	0.8064365281406474	0.8198822912678044	0.9585762861375637	0.95261648734631	0.903198164826271	0.8966093194588265
3	0.8349056603773585	0.8349056603773585	0.8138573027940446	0.8391054943474578	0.8349056603773585	0.8200549598060873	0.8349056603773585	0.8349056603773584	0.814588561273954	0.8334261509221338	0.9636362867308947	0.9599131375213799	0.9152101796151392	0.901340754896405
4	0.8360849056603774	0.8360849056603774	0.8274576089088878	0.8452100630757549	0.8360849056603774	0.8223166344501718	0.8360849056603774	0.8360849056603775	0.8208475798725656	0.8347490987288315	0.9640348730271746	0.9596527856726842	0.9154391251067306	0.9058033441578539
