Times	Accuary	p_micro	p_macro	p_weigh	r_micro	r_macro	r_weigh	F1_micro	F1_macro	F1_weigh	roc_micro	roc_macro	pr_micro	pr_macro
0	0.8144876325088339	0.8144876325088339	0.7939515277614388	0.824615150308742	0.8144876325088339	0.8204668363588394	0.8144876325088339	0.8144876325088339	0.8013915584160246	0.8117180857958619	0.956822745343953	0.9519137805124607	0.899936675346554	0.894700248883644
1	0.8256772673733804	0.8256772673733804	0.811402289126333	0.8372138981522697	0.8256772673733804	0.8282790637073936	0.8256772673733804	0.8256772673733804	0.8143390572168645	0.8234229872978613	0.9630315209514602	0.9620917462054993	0.9151247759603268	0.9135752683339878
2	0.8227326266195524	0.8227326266195524	0.8173918364642884	0.8350638889729711	0.8227326266195524	0.8231715387019842	0.8227326266195524	0.8227326266195524	0.8145127930034195	0.8199373986403179	0.9610591203397332	0.9600961321888589	0.9071391404524364	0.9072564502308824
3	0.8286219081272085	0.8286219081272085	0.8145310595165428	0.8408346410299145	0.8286219081272085	0.8372158358151125	0.8286219081272085	0.8286219081272086	0.8203734627682917	0.8271772277437024	0.9601332984647173	0.9575717124310048	0.9064854932918673	0.9104675032868803
4	0.8239104829210836	0.8239104829210836	0.7984355572116384	0.8347177469348396	0.8239104829210836	0.821521474132711	0.8239104829210836	0.8239104829210835	0.8044476834662866	0.8217420348698073	0.961294564426705	0.9576551817053243	0.9107155508235985	0.9009261432312377
