Times	Accuary	p_micro	p_macro	p_weigh	r_micro	r_macro	r_weigh	F1_micro	F1_macro	F1_weigh	roc_micro	roc_macro	pr_micro	pr_macro
0	0.9057714958775029	0.9057714958775029	0.8927389702771926	0.9057015573735346	0.9057714958775029	0.8824994247012221	0.9057714958775029	0.9057714958775029	0.8868884434500661	0.9052823466352148	0.9817610893991544	0.9793875854539087	0.954669711776997	0.9465643316600458
1	0.9093050647820966	0.9093050647820966	0.8867339187190301	0.9093981257792958	0.9093050647820966	0.8847085557763326	0.9093050647820966	0.9093050647820966	0.8850627242807051	0.9090516155962883	0.98022362159135	0.97703172453955	0.9530742990372194	0.9406187920218692
2	0.908716136631331	0.908716136631331	0.8908522182848468	0.9084362857666857	0.908716136631331	0.8732248049029687	0.908716136631331	0.908716136631331	0.8806924639015214	0.9079803073083552	0.9780658369415878	0.9747146438949716	0.9487469961370582	0.9299703450877168
3	0.9093050647820966	0.9093050647820966	0.9142431601363257	0.9099648979405631	0.9093050647820966	0.8823856094198257	0.9093050647820966	0.9093050647820966	0.8963585967070535	0.9086322897416089	0.9802638546098947	0.976735365053996	0.9524079352875846	0.9395281457988993
4	0.9069493521790342	0.9069493521790342	0.8889597288252187	0.9068574393726887	0.9069493521790342	0.8760764769433289	0.9069493521790342	0.9069493521790342	0.8814855736670351	0.9063723014569528	0.9814869152512274	0.9799447170526132	0.9548455156932067	0.9425349872754136
