Times	Accuary	p_micro	p_macro	p_weigh	r_micro	r_macro	r_weigh	F1_micro	F1_macro	F1_weigh	roc_micro	roc_macro	pr_micro	pr_macro
0	0.6715801886792453	0.6715801886792453	0.6190108481082839	0.7297006289009141	0.6715801886792453	0.617333816580756	0.6715801886792453	0.6715801886792453	0.5838424848075667	0.6743518356549802	0.8760493382505637	0.8587016242375679	0.7110747396229546	0.5986636256485789
1	0.6444575471698113	0.6444575471698113	0.5666407022081034	0.6741186011084989	0.6444575471698113	0.6135754172803142	0.6444575471698113	0.6444575471698113	0.5799347932746081	0.6546208020979094	0.8756926443648393	0.8552720056164274	0.7016421659129066	0.5640070105525055
2	0.6226415094339622	0.6226415094339622	0.542466550278977	0.6760110480024539	0.6226415094339622	0.5972090543691704	0.6226415094339622	0.6226415094339622	0.5095940036219377	0.6263179788776729	0.8722548592878545	0.8548637834590322	0.6981712284694306	0.5488058595243658
3	0.6650943396226415	0.6650943396226415	0.6000955175796394	0.7201519518400761	0.6650943396226415	0.628404784916544	0.6650943396226415	0.6650943396226415	0.5981228180316956	0.6756632047870289	0.877644610515308	0.8628347023646756	0.7159853008095705	0.5932299103285749
4	0.6232311320754716	0.6232311320754716	0.5881683654816707	0.7217543407718343	0.6232311320754716	0.5865296698576338	0.6232311320754716	0.6232311320754716	0.4671474002722664	0.61553526582405	0.8724657119600688	0.8575403425313334	0.7073033074905436	0.5622259413508557
