Times	Accuary	p_micro	p_macro	p_weigh	r_micro	r_macro	r_weigh	F1_micro	F1_macro	F1_weigh	roc_micro	roc_macro	pr_micro	pr_macro
0	0.7818396226415094	0.7818396226415094	0.7314366062005031	0.7864069694524649	0.7818396226415094	0.7569704605424643	0.7818396226415094	0.7818396226415094	0.7426874105625706	0.7835616956556833	0.9273855612910882	0.9064756832478562	0.8068626051586881	0.7535190025598251
1	0.7753537735849056	0.7753537735849056	0.7165052190470542	0.7795303585249688	0.7753537735849056	0.7428866746440843	0.7753537735849056	0.7753537735849056	0.7281483985012371	0.7764517633190199	0.9251808500578497	0.8999177067714559	0.8202810478060061	0.7492355470771646
2	0.7830188679245284	0.7830188679245284	0.7275589644738953	0.7874324673871327	0.7830188679245284	0.7530116669734903	0.7830188679245284	0.7830188679245284	0.7389193763311337	0.784451953917152	0.9304560490091373	0.9138378264151543	0.8187985307146064	0.7629508749163396
