Times	Accuary	p_micro	p_macro	p_weigh	r_micro	r_macro	r_weigh	F1_micro	F1_macro	F1_weigh	roc_micro	roc_macro	pr_micro	pr_macro
0	0.8991745283018868	0.8991745283018868	0.886382103928071	0.8997497940849043	0.8991745283018868	0.8732248327810506	0.8991745283018868	0.8991745283018868	0.8781793416892503	0.8982032338564837	0.9799487162728433	0.9766776346916455	0.9490687134549455	0.9371624267905061
1	0.9080188679245284	0.9080188679245284	0.8959174304261214	0.9085117815464402	0.9080188679245284	0.8819771723122238	0.9080188679245284	0.9080188679245284	0.8874988106244658	0.9072715899314848	0.9808498376683576	0.9753195411203948	0.9540455852355051	0.9361515126355295
2	0.9180424528301887	0.9180424528301887	0.9200398410352961	0.9183454766656562	0.9180424528301887	0.9016188788659794	0.9180424528301887	0.9180424528301887	0.910075044536752	0.917800969243516	0.9866745051248962	0.9841924976832139	0.966617803765637	0.962566882661884
