Times	Accuary	Precision	Recall	MCC	AUROC	AUPR
0	0.6714145383104125	0.6856581532416502	0.6666666666666666	0.3429682680586942	0.7826230020727108	0.7774793993768043
1	0.6645383104125737	0.6895874263261297	0.656688493919551	0.3294903634605106	0.7901486407725768	0.781047184945888
2	0.6547151277013753	0.6591355599214146	0.6533592989289192	0.3094423487828338	0.7768950637059453	0.7741289856473472
3	0.6719056974459725	0.7396856581532416	0.6513840830449827	0.3470146350913746	0.8149497647453885	0.8066366843757284
4	0.668958742632613	0.6895874263261297	0.6622641509433962	0.33820544950496156	0.8043102350230238	0.8057444019152071
