Times	Accuary	Precision	Recall	MCC	AUROC	AUPR
0	0.7210216110019646	0.6905697445972495	0.7353556485355649	0.44286533744804496	0.9279723329769454	0.9366825665076166
1	0.7288801571709234	0.6601178781925344	0.765375854214123	0.4621515128564942	0.9163253963046307	0.9288216475173523
2	0.7053045186640472	0.6571709233791748	0.7271739130434782	0.412524997943915	0.9156846700452755	0.9270929824392468
3	0.7156188605108055	0.650294695481336	0.7480225988700565	0.4349659121707965	0.9193186686789074	0.9291952473150847
4	0.7092337917485265	0.6542239685658153	0.7350993377483444	0.4210234430670411	0.9105578950212483	0.9229407463718161
