Times	Accuary	Precision	Recall	MCC	AUROC	AUPR
0	0.6378607833950907	0.027591552024801395	0.6317657497781721	0.07024364413050997	0.6875614771386401	0.030740543813229264
1	0.633516475715888	0.02628852131864758	0.6078083407275954	0.06282864132617583	0.664209202716548	0.03025714831683505
2	0.6420915144029417	0.02813589874211372	0.637089618456078	0.0729004893171808	0.695120132701133	0.03353517366287029
3	0.651135056859321	0.027527003063034017	0.6060337178349601	0.06774582251709534	0.6763943022084722	0.03173204431163078
4	0.6898363076224143	0.028748180494905386	0.5607808340727596	0.06843500438241593	0.6805070758959175	0.030407769915280318
