Times	Accuary	Precision	Recall	MCC	AUROC	AUPR
0	0.8061825318940138	0.7587064676616916	0.8979391560353287	0.6229443807375883	0.8907427185728277	0.8633375659096231
1	0.8076545632973503	0.7654530059271804	0.887144259077527	0.6232354970252071	0.8899857563987862	0.8635158717279728
2	0.8052011776251227	0.7752212389380531	0.8596663395485771	0.6140563668172381	0.8860877864249522	0.8568991025563539
3	0.803729146221786	0.766122098022356	0.8743866535819431	0.6136161269548406	0.8902717840905041	0.8697895301951832
4	0.7993130520117763	0.7620274914089347	0.8704612365063789	0.6047802894723099	0.8843976227920733	0.8539976959987552
