Times	Accuary	p_micro	p_macro	p_weigh	r_micro	r_macro	r_weigh	F1_micro	F1_macro	F1_weigh	roc_micro	roc_macro	pr_micro	pr_macro
0	0.5064782096584217	0.5064782096584217	0.443599252872693	0.5664804901971461	0.5064782096584217	0.4279970225684313	0.5064782096584217	0.5064782096584217	0.41595857939319136	0.5070040334068395	0.7282550939857187	0.6619844379238013	0.5004123910822065	0.39801086430064003
1	0.48468786808009423	0.48468786808009423	0.4244349038510701	0.5524301285649963	0.48468786808009423	0.4086575283303198	0.48468786808009423	0.48468786808009423	0.39594035801247174	0.48918418823475407	0.7245057928609977	0.6502447617887487	0.4832464884719599	0.3851380609983134
2	0.49646643109540634	0.49646643109540634	0.44215967562192987	0.5619546866811516	0.49646643109540634	0.43033994814654775	0.49646643109540634	0.49646643109540634	0.4169220813608614	0.5037119562495476	0.7232126712735786	0.6562754961880277	0.4811547980432587	0.4017685044012732
3	0.4988221436984688	0.4988221436984688	0.43983825859499914	0.5708976534149924	0.4988221436984688	0.42026146565188993	0.4988221436984688	0.4988221436984688	0.40715203840431	0.5014135803559138	0.7375742403243059	0.6750895557139958	0.5176359324274432	0.4094110763098243
4	0.5041224970553593	0.5041224970553593	0.4442938143635512	0.5491931329959895	0.5041224970553593	0.424890977296949	0.5041224970553593	0.5041224970553593	0.4188425982272353	0.503811151645965	0.7365879533093508	0.6658252849249776	0.48928468112039314	0.39848133398677554
