Times	Accuary	Precision	Recall	MCC	AUROC	AUPR
0	0.7009925558312655	0.7158808933002482	0.6951807228915663	0.4021634403817833	0.8806346938901171	0.8983843310142934
1	0.707196029776675	0.7580645161290323	0.6880630630630631	0.41655341649420174	0.8961880191368704	0.9084965681004888
2	0.7078163771712159	0.7369727047146402	0.6963657678780774	0.4163412133098033	0.8900738259579211	0.9016917520052437
3	0.6910669975186104	0.7543424317617866	0.6696035242290749	0.38523120810811856	0.882771274990918	0.8927370120609829
4	0.6972704714640199	0.7543424317617866	0.6770601336302895	0.3971365381784864	0.8850433165649686	0.8967242174833587
