Times	Accuary	Precision	Recall	MCC	AUROC	AUPR
0	0.6947890818858561	0.705955334987593	0.6905339805825242	0.3896753493950755	0.9056025220277202	0.9231493653629527
1	0.7028535980148883	0.728287841191067	0.693034238488784	0.40623312147407215	0.9240774833906987	0.931327660903543
2	0.7183622828784119	0.7617866004962779	0.7009132420091324	0.43838098004008935	0.9183157953069103	0.9306985089836792
3	0.6991315136476427	0.6972704714640199	0.6998754669987547	0.3982657860744242	0.9001502379794224	0.9157043186244537
4	0.6972704714640199	0.7009925558312655	0.6958128078817734	0.39455187525344476	0.9043818384449138	0.9192135248089452
