Times	Accuary	p_micro	p_macro	p_weigh	r_micro	r_macro	r_weigh	F1_micro	F1_macro	F1_weigh	roc_micro	roc_macro	pr_micro	pr_macro
0	0.6071706936866719	0.6071706936866719	0.5744297674081964	0.6193895351073841	0.6071706936866719	0.5965512389998948	0.6071706936866719	0.6071706936866719	0.5737488983574344	0.5978970960963879	0.8621192414261926	0.8496169021779028	0.6475901371367254	0.5788566244897442
1	0.6297739672642245	0.6297739672642245	0.5819354716757819	0.6284538514983078	0.6297739672642245	0.5724998144746851	0.6297739672642245	0.6297739672642245	0.570872836205004	0.6260309993584238	0.8557378529755478	0.8454784757794764	0.6538644507338859	0.5742863059978334
2	0.61730319563523	0.61730319563523	0.5667496688024347	0.6197049611752973	0.61730319563523	0.5402634382169781	0.61730319563523	0.61730319563523	0.5421449517513187	0.6108469515054646	0.8566657088407734	0.8468646980383177	0.6687808056010838	0.5777470006391886
3	0.6586126266562744	0.6586126266562744	0.6304246205349424	0.7009668120678949	0.6586126266562744	0.625021064853466	0.6586126266562744	0.6586126266562744	0.6129832535854205	0.6590319592329127	0.8595811040593795	0.8469217846352453	0.6570127359445123	0.5853740691227861
4	0.6297739672642245	0.6297739672642245	0.6061783847775212	0.7040078679610048	0.6297739672642245	0.6187043143911987	0.6297739672642245	0.6297739672642245	0.5771700890125699	0.6357429087615005	0.8458995838013619	0.8428032987818058	0.6382948424192832	0.5899406621054819
