Times	Accuary	Precision	Recall	MCC	AUROC	AUPR
0	0.7085038574737466	0.0350074294205052	0.53987167736022	0.07548237184311585	0.6903605472074913	0.03646589919994565
1	0.6436843663468069	0.03271411338962606	0.6214482126489459	0.07549072410546175	0.6831003483303428	0.038422033805089975
2	0.6685184862680901	0.03348759814882221	0.5902841429880843	0.07530268722070083	0.6930384943511646	0.038976546069954286
3	0.5001480294665714	0.02912786929977148	0.7827681026581118	0.07577253273904991	0.6879418097784709	0.039099639605103834
4	0.5287264241305446	0.02973344922497465	0.7525206232813932	0.07566627091565835	0.699719392873246	0.03787790800744068
