Times	Accuary	Precision	Recall	MCC	AUROC	AUPR
0	0.6972704714640199	0.7903225806451613	0.6663179916317992	0.4015561245395467	0.9084841357313942	0.9214439064950298
1	0.6879652605459057	0.7543424317617866	0.6659364731653888	0.3792876063406789	0.8756749933809087	0.8876483319002395
2	0.6892059553349876	0.8138957816377171	0.6514399205561072	0.3907575848879712	0.9069986884963271	0.9071255918930654
3	0.6985111662531017	0.7667493796526055	0.6746724890829694	0.4007722305324421	0.8824526350140693	0.8993287232914976
4	0.6575682382133995	0.792803970223325	0.6240234375	0.32733698297804675	0.9052838820508715	0.9148766678897774
