Times	Accuary	p_micro	p_macro	p_weigh	r_micro	r_macro	r_weigh	F1_micro	F1_macro	F1_weigh	roc_micro	roc_macro	pr_micro	pr_macro
0	0.5424124513618677	0.5424124513618677	0.5372131522133635	0.6332352887506593	0.5424124513618677	0.5669427782097646	0.5424124513618677	0.5424124513618677	0.5138122301421966	0.55628393672977	0.7972208511862404	0.7974974147578406	0.5906979377942845	0.5399882906724033
1	0.5136186770428015	0.5136186770428015	0.5062095615757395	0.601678334345032	0.5136186770428015	0.5239048963986017	0.5136186770428015	0.5136186770428015	0.4738398895703051	0.5278671788154232	0.7864530878590138	0.7824743490262565	0.553259051231325	0.5004048870937653
2	0.5159533073929962	0.5159533073929962	0.5197533353669979	0.6219191207831609	0.5159533073929962	0.530335285159266	0.5159533073929962	0.5159533073929962	0.4796103194581097	0.5332903518199843	0.7829534638425008	0.7779661599742644	0.5546835853871062	0.4953952660892148
3	0.490272373540856	0.490272373540856	0.5029514395289797	0.608250056275525	0.490272373540856	0.5098757832331535	0.490272373540856	0.490272373540856	0.4385798381347198	0.5036287067365225	0.7766855920099724	0.7799491169311621	0.5404302261403063	0.4903280586761801
4	0.49571984435797667	0.49571984435797667	0.4989483538627344	0.6045771820312669	0.49571984435797667	0.5091242205381595	0.49571984435797667	0.49571984435797667	0.45606500296927255	0.5161582618074636	0.7791922158801294	0.7818550984445635	0.5516830750663518	0.5033512878477769
