Times	Accuary	p_micro	p_macro	p_weigh	r_micro	r_macro	r_weigh	F1_micro	F1_macro	F1_weigh	roc_micro	roc_macro	pr_micro	pr_macro
0	0.5159533073929962	0.5159533073929962	0.48025282529643143	0.5482041523338864	0.5159533073929962	0.5256526000117939	0.5159533073929962	0.5159533073929962	0.4535120876345945	0.5055677706159962	0.8279422852730548	0.8107380757336353	0.5874643203782179	0.5259227298567484
1	0.5463035019455252	0.5463035019455252	0.5064039691861663	0.5523441845143763	0.5463035019455252	0.5188976211928594	0.5463035019455252	0.5463035019455252	0.49447870947001205	0.5250357275391623	0.8320472174698581	0.8173303499908271	0.5959448022366747	0.5348995950974735
2	0.5727626459143969	0.5727626459143969	0.525811927503529	0.5934083030007151	0.5727626459143969	0.5607027121912151	0.5727626459143969	0.5727626459143969	0.5240696224706576	0.5704310433281361	0.8325770261472544	0.8215911849585262	0.5972712840689685	0.5441379293014279
3	0.5385214007782101	0.5385214007782101	0.5004909595486443	0.586823537589061	0.5385214007782101	0.557906454979436	0.5385214007782101	0.5385214007782101	0.45147547917763053	0.5243288798398789	0.8039821950370178	0.8096170330494943	0.5671723533962614	0.518950894269013
4	0.5696498054474708	0.5696498054474708	0.5345383774558968	0.6393258225498439	0.5696498054474708	0.5684768883650192	0.5696498054474708	0.5696498054474708	0.46738456998740874	0.5537298155388645	0.8283171584732547	0.8186961665271458	0.6053147444880331	0.5404095068057165
