Times	Accuary	p_micro	p_macro	p_weigh	r_micro	r_macro	r_weigh	F1_micro	F1_macro	F1_weigh	roc_micro	roc_macro	pr_micro	pr_macro
0	0.7821011673151751	0.7821011673151751	0.7359154163332677	0.8023746918573749	0.7821011673151751	0.7891182447211903	0.7821011673151751	0.7821011673151751	0.7522392507837135	0.7855456379313221	0.9360476817716141	0.9334104736517435	0.8545429062930199	0.8166075002935052
1	0.7929961089494163	0.7929961089494163	0.7459717230056353	0.8018229329180777	0.7929961089494163	0.782298039328624	0.7929961089494163	0.7929961089494163	0.7606734079907731	0.7953839261402624	0.9425573942577985	0.9366036142472147	0.865164192975182	0.8205595075505905
2	0.7891050583657587	0.7891050583657587	0.751690678156361	0.8041808373276779	0.7891050583657587	0.7995278830316969	0.7891050583657587	0.7891050583657587	0.7678660946526609	0.7928116736784486	0.9364366858948155	0.9338956327432429	0.8520078583889409	0.8162005135378916
3	0.7844357976653696	0.7844357976653696	0.7356431382537814	0.7937723092558384	0.7844357976653696	0.7630088015589923	0.7844357976653696	0.7844357976653696	0.7459968899607615	0.7877025079541473	0.9370992243132623	0.9296818390479102	0.8574882531340106	0.8101348812700855
4	0.7797665369649806	0.7797665369649806	0.740755506147283	0.7909712958830151	0.7797665369649806	0.7812193152255451	0.7797665369649806	0.7797665369649806	0.7561934127398962	0.781930277028581	0.9363405956184044	0.933128730296902	0.8505792146832897	0.8166947266939466
