Times	Accuary	Precision	Recall	MCC	AUROC	AUPR
0	0.7044609665427509	0.7087980173482032	0.7027027027027027	0.408937317604703	0.8845909936138099	0.8933583024268428
1	0.6933085501858736	0.8004956629491945	0.6591836734693878	0.39581926428128755	0.9087967889394071	0.9232904730216211
2	0.6926889714993805	0.7781908302354399	0.6645502645502646	0.3911392745086789	0.8897718077110292	0.897679982988509
3	0.7044609665427509	0.7781908302354399	0.6781857451403888	0.41344165210901135	0.8935169190278985	0.9054115106406191
4	0.7106567534076828	0.79182156133829	0.6812366737739872	0.4269766739854526	0.8960535831916825	0.9076140346231055
