Times	Accuary	p_micro	p_macro	p_weigh	r_micro	r_macro	r_weigh	F1_micro	F1_macro	F1_weigh	roc_micro	roc_macro	pr_micro	pr_macro
0	0.7638347622759158	0.7638347622759158	0.7269016316281449	0.7709199224386404	0.7638347622759158	0.7533966593074959	0.7638347622759158	0.7638347622759158	0.7368455474524737	0.7641083351366434	0.9355063223596457	0.9290770105977583	0.8494968499511424	0.8179141514870529
1	0.759937646141855	0.759937646141855	0.7257412309645939	0.7775538192357687	0.759937646141855	0.7666023898752652	0.759937646141855	0.759937646141855	0.7362368572636862	0.761460955924487	0.9298069545449851	0.926958335626243	0.8412692344896819	0.818282248968831
2	0.7887763055339049	0.7887763055339049	0.7488413069606834	0.7985518120396488	0.7887763055339049	0.7914855862290743	0.7887763055339049	0.788776305533905	0.7653011921347055	0.790249783977643	0.938044054726081	0.9337437141821474	0.8580229048850824	0.8288251223866319
3	0.7770849571317225	0.7770849571317225	0.7761677533133176	0.8036780844993912	0.7770849571317225	0.7456322316221715	0.7770849571317225	0.7770849571317225	0.7519414449373477	0.77739499956882	0.9339041408656115	0.9368254822016369	0.8416207155294775	0.8259151995755961
4	0.7724084177708496	0.7724084177708496	0.7305272875290096	0.8022759115872485	0.7724084177708496	0.7954622054012603	0.7724084177708496	0.7724084177708496	0.7477518407262559	0.7789685449601873	0.9333488853478356	0.9326231963247764	0.8458406482636752	0.8200320756911623
