Times	Accuary	p_micro	p_macro	p_weigh	r_micro	r_macro	r_weigh	F1_micro	F1_macro	F1_weigh	roc_micro	roc_macro	pr_micro	pr_macro
0	0.6578332034294622	0.6578332034294622	0.4993944892690825	0.6399474717985102	0.6578332034294622	0.5715408805031447	0.6578332034294622	0.6578332034294622	0.5138147954038458	0.6302445759320813	0.852618135066411	0.8290927152665606	0.642742449821262	0.5399204482256902
1	0.6539360872954014	0.6539360872954014	0.5907878739654646	0.6664002329074235	0.6539360872954014	0.6033099648738737	0.6539360872954014	0.6539360872954014	0.5914371367087091	0.6559502124457649	0.8594413789290858	0.842269025954926	0.669329847704693	0.5668022833732269
2	0.6609508963367108	0.6609508963367108	0.49470514352234785	0.6317092921130837	0.6609508963367108	0.5749039133473096	0.6609508963367108	0.6609508963367108	0.5168792745962143	0.6332710479155254	0.8616725260096305	0.8397028191276856	0.659691718581781	0.5651854022878534
3	0.6461418550272798	0.6461418550272798	0.5894008102794294	0.6584041270323144	0.6461418550272798	0.5847773387011991	0.6461418550272798	0.6461418550272798	0.5691453194537859	0.6400905456067336	0.852257684730291	0.8320721810029861	0.64267561961781	0.5488346631803098
4	0.642244738893219	0.642244738893219	0.5778814532141971	0.6619089518953295	0.642244738893219	0.5711821982276148	0.642244738893219	0.642244738893219	0.5524852875162054	0.634600817088205	0.8504683930617765	0.8273310510671488	0.6350622561937499	0.5488016357743457
