Times	Accuary	p_micro	p_macro	p_weigh	r_micro	r_macro	r_weigh	F1_micro	F1_macro	F1_weigh	roc_micro	roc_macro	pr_micro	pr_macro
0	0.6812159002338269	0.6812159002338269	0.6454002296747744	0.7057502028630877	0.6812159002338269	0.7058546378236644	0.6812159002338269	0.6812159002338269	0.6612772230088566	0.6861424884110244	0.9045871760275417	0.901447752768403	0.7884855236000824	0.7633752348433002
1	0.6944660950896336	0.6944660950896336	0.6588180693544351	0.7290628845237785	0.6944660950896336	0.7166643862513373	0.6944660950896336	0.6944660950896336	0.6698832466622815	0.6996465810495479	0.8987535505876859	0.8961630826206399	0.7715951121116698	0.7398773454060461
2	0.6742010911925176	0.6742010911925176	0.6402754193038693	0.7045658440354186	0.6742010911925176	0.7011376566915889	0.6742010911925176	0.6742010911925176	0.6542132519266043	0.6791913185083032	0.8990419108565818	0.8956129941998189	0.7719864762806158	0.7344837191583535
3	0.6796570537802027	0.6796570537802027	0.6464490394273298	0.7180751666945724	0.6796570537802027	0.7026964558480672	0.6796570537802027	0.6796570537802027	0.656139040959606	0.6855543123249506	0.8979488148372698	0.8947794829789442	0.7724088731365667	0.7509105284592363
4	0.6858924395946999	0.6858924395946999	0.652309231949528	0.7129012225528515	0.6858924395946999	0.7106875722775706	0.6858924395946999	0.6858924395946999	0.6656961820586491	0.6897758776580659	0.9025780704040507	0.9021853290649314	0.7848247941351616	0.760195187409964
