Times	Accuary	Precision	Recall	MCC	AUROC	AUPR
0	0.5663958697137651	0.030157023015702302	0.7002997002997003	0.07261669298596665	0.675069256730538	0.0378690660073311
1	0.4990509452585225	0.028486536675951718	0.7662337662337663	0.07104040285920127	0.6488729234119401	0.028808232981584348
2	0.5137992559410827	0.029476984248356018	0.7702297702297702	0.07619989950017006	0.676451385620745	0.032617851350786514
3	0.5602839571786501	0.030780303992548372	0.7262737262737263	0.07778343764864082	0.6862713549438391	0.034362160163908466
4	0.6221813074178119	0.03314234910599625	0.6703296703296703	0.08183699020585768	0.6869210061652451	0.03519740256899396
