Times	Accuary	p_micro	p_macro	p_weigh	r_micro	r_macro	r_weigh	F1_micro	F1_macro	F1_weigh	roc_micro	roc_macro	pr_micro	pr_macro
0	0.8334630350194553	0.8334630350194553	0.8256590112189494	0.8424741671479509	0.8334630350194553	0.851949948847281	0.8334630350194553	0.8334630350194553	0.8328387931367689	0.8306524120388554	0.9697143030174566	0.9708122111197273	0.9277837250837152	0.9375351538204547
1	0.8412451361867704	0.8412451361867704	0.8256436034839566	0.8515777728224684	0.8412451361867704	0.8502017309641259	0.8412451361867704	0.8412451361867704	0.8327522934153915	0.8400902396848079	0.9675799280332279	0.9683076340555932	0.9237550148595043	0.9302728482866146
2	0.8381322957198444	0.8381322957198444	0.8297843626695129	0.8471663446424912	0.8381322957198444	0.8578323829624418	0.8381322957198444	0.8381322957198444	0.8384638213714837	0.8365720580760097	0.9686419678319631	0.9706504170980358	0.9246284345874338	0.9332354535371383
3	0.8326848249027238	0.8326848249027238	0.8181063477988655	0.8444590456882183	0.8326848249027238	0.8469932006653969	0.8326848249027238	0.8326848249027237	0.8248856380785337	0.8291435750660091	0.9611399617455726	0.963988259564963	0.912991299387395	0.9169029297984509
4	0.8178988326848249	0.8178988326848249	0.8131612642979515	0.8321313956919961	0.8178988326848249	0.8383177235257251	0.8178988326848249	0.8178988326848249	0.8176766771591264	0.814846016827054	0.9627312046107183	0.965594052719321	0.9130615409328297	0.9219671442959143
