Times	Accuary	Precision	Recall	MCC	AUROC	AUPR
0	0.7518610421836228	0.6886617100371747	0.9193548387096774	0.5346105231607655	0.8357049178309084	0.7950098091248466
1	0.738833746898263	0.6764436296975253	0.9156327543424317	0.5106572387461735	0.82989858936389	0.797256623099259
2	0.7437965260545906	0.7066246056782335	0.8337468982630273	0.4956801895601411	0.8269146106434988	0.7846193205645104
3	0.7531017369727047	0.7165605095541401	0.8374689826302729	0.5135672372323561	0.8390875813532501	0.8015622726394362
4	0.7462779156327544	0.7127545551982851	0.825062034739454	0.4987866231915932	0.8352692892635262	0.8033334187112586
