Times	Accuary	p_micro	p_macro	p_weigh	r_micro	r_macro	r_weigh	F1_micro	F1_macro	F1_weigh	roc_micro	roc_macro	pr_micro	pr_macro
0	0.7778643803585347	0.7778643803585347	0.7274206952855247	0.7994568694096742	0.7778643803585347	0.7784483744890324	0.7778643803585347	0.7778643803585346	0.7435615272085577	0.7826673856887097	0.9336745056514765	0.9312623048534037	0.8400340876992187	0.799166056693934
1	0.7895557287607171	0.7895557287607171	0.7486505008260096	0.7994832799231818	0.7895557287607171	0.7903183227893112	0.7895557287607171	0.7895557287607171	0.7645799066809391	0.7921446375798218	0.9379745971613118	0.9335133669827251	0.8534460206353708	0.8076159757259811
2	0.7817614964925955	0.7817614964925955	0.7355697649032888	0.7974971555463056	0.7817614964925955	0.7795891619203107	0.7817614964925955	0.7817614964925955	0.7505447680399095	0.7863181553768713	0.9378648420589653	0.932809959786217	0.85324852129341	0.8032894107865904
3	0.7957911145752143	0.7957911145752143	0.7576071963068869	0.8140202185155238	0.7957911145752143	0.7820614799972789	0.7957911145752143	0.7957911145752143	0.7634198863238917	0.7976513745946227	0.9377046644095997	0.9383251797864842	0.8566497924991295	0.8237341582749487
4	0.7669524551831645	0.7669524551831645	0.7261690736628803	0.780762739794937	0.7669524551831645	0.7668862822582141	0.7669524551831645	0.7669524551831645	0.7390700522172998	0.7706151438831241	0.9310028194101292	0.928375371483816	0.8423150446100264	0.7991097996931742
