Times	Accuary	p_micro	p_macro	p_weigh	r_micro	r_macro	r_weigh	F1_micro	F1_macro	F1_weigh	roc_micro	roc_macro	pr_micro	pr_macro
0	0.5291828793774319	0.5291828793774319	0.520900822246087	0.6084286979161608	0.5291828793774319	0.5493768162300858	0.5291828793774319	0.5291828793774319	0.4979217780742116	0.5400461826751132	0.7889255956436383	0.7903258842650557	0.5345482364863479	0.49285655468354905
1	0.5237354085603113	0.5237354085603113	0.503638419092701	0.5956873498885851	0.5237354085603113	0.523547050216062	0.5237354085603113	0.5237354085603113	0.4859384843687262	0.5359284281569449	0.7879172533523092	0.7914493235384918	0.5649480019727536	0.5084261815133498
2	0.5120622568093385	0.5120622568093385	0.5034872798548753	0.5978794789530574	0.5120622568093385	0.5241417177165316	0.5120622568093385	0.5120622568093385	0.4782512035321296	0.5286030396724007	0.7869319242784397	0.7918353661433677	0.5528563314211855	0.5025957614954675
3	0.5447470817120622	0.5447470817120622	0.5326252625455242	0.6258321441263885	0.5447470817120622	0.5482182088594316	0.5447470817120622	0.5447470817120622	0.5067466904476463	0.5630947553518235	0.8015219004072733	0.802996594227063	0.5732310711250422	0.5235998831449544
4	0.5330739299610895	0.5330739299610895	0.5187740661896189	0.6089056810134915	0.5330739299610895	0.5465101897450455	0.5330739299610895	0.5330739299610895	0.5018330241881674	0.5490340484613533	0.7843368812043583	0.7874060135423293	0.5488239214767681	0.4953436646868203
