Times	Accuary	p_micro	p_macro	p_weigh	r_micro	r_macro	r_weigh	F1_micro	F1_macro	F1_weigh	roc_micro	roc_macro	pr_micro	pr_macro
0	0.6817120622568094	0.6817120622568094	0.6524861732912584	0.7193929681194393	0.6817120622568094	0.7144363892625918	0.6817120622568094	0.6817120622568094	0.6611567284256619	0.6858647426977356	0.903841592353152	0.9026671870079136	0.7813016079345422	0.7698505511478863
1	0.6762645914396888	0.6762645914396888	0.645702538442531	0.7026073618520251	0.6762645914396888	0.7084585580693071	0.6762645914396888	0.6762645914396888	0.6611999912720622	0.6790814677255473	0.8997596733738082	0.8986023181298148	0.7783389305471927	0.7675091500657504
2	0.6980544747081712	0.6980544747081712	0.6678586920598198	0.7376197489818404	0.6980544747081712	0.7298674452028212	0.6980544747081712	0.6980544747081712	0.6778508830658996	0.7019155593456445	0.9091355407853765	0.9083148497167868	0.7941530722941282	0.7715839053204544
3	0.7143968871595331	0.7143968871595331	0.6781741128121	0.7479557668043653	0.7143968871595331	0.7436020959586609	0.7143968871595331	0.7143968871595331	0.6936545674022871	0.7202880834772485	0.9137202178180845	0.9115003355036417	0.8118906488386923	0.7878089486826947
4	0.6933852140077821	0.6933852140077821	0.6541437416467417	0.7172115680652892	0.6933852140077821	0.7096288222257878	0.6933852140077821	0.6933852140077821	0.6707797310656033	0.6982020667991665	0.904339808324123	0.9008390361359565	0.790088854470754	0.7542419915075268
