Times	Accuary	p_micro	p_macro	p_weigh	r_micro	r_macro	r_weigh	F1_micro	F1_macro	F1_weigh	roc_micro	roc_macro	pr_micro	pr_macro
0	0.49961028838659394	0.49961028838659394	0.48325206003456045	0.5717770810004861	0.49961028838659394	0.5109187445501939	0.49961028838659394	0.49961028838659394	0.4654424698922247	0.5118651542133548	0.771683467094833	0.7764657598951649	0.5142818457878486	0.47267787991457716
1	0.5198752922837101	0.5198752922837101	0.4941709582156108	0.5817989084927047	0.5198752922837101	0.5234921430029128	0.5198752922837101	0.5198752922837101	0.48516590118520153	0.5352804096509916	0.7801657950046038	0.7812506774823136	0.5346269148044539	0.484493338237555
2	0.5074045206547155	0.5074045206547155	0.4886855882683419	0.5770061821735096	0.5074045206547155	0.5140514167949883	0.5074045206547155	0.5074045206547155	0.47466291819408357	0.5216092277552099	0.7786523085932778	0.7776310296236773	0.5410739614838233	0.489413741942167
3	0.5268901013250195	0.5268901013250195	0.5177198444698339	0.6108489267917211	0.5268901013250195	0.5419223437413035	0.5268901013250195	0.5268901013250195	0.48820026013193935	0.5400583068173225	0.7874879993325593	0.7923900597221654	0.5414063686252777	0.4963677054145688
4	0.5268901013250195	0.5268901013250195	0.5247837363339926	0.617692763706313	0.5268901013250195	0.545938387042912	0.5268901013250195	0.5268901013250195	0.4972953828888974	0.5391135793506017	0.7858797428328603	0.790593058847542	0.553583507896272	0.4995029291642056
