Times	Accuary	p_micro	p_macro	p_weigh	r_micro	r_macro	r_weigh	F1_micro	F1_macro	F1_weigh	roc_micro	roc_macro	pr_micro	pr_macro
0	0.49259547934528447	0.49259547934528447	0.482638679580859	0.5685926930644446	0.49259547934528447	0.497973522445471	0.49259547934528447	0.49259547934528447	0.4615201703617705	0.5081506108013738	0.7794770918623881	0.7780162534236831	0.5283170721933819	0.48996761227189656
1	0.5027279812938426	0.5027279812938426	0.48283003498163013	0.5789257750384644	0.5027279812938426	0.49528746374526134	0.5027279812938426	0.5027279812938426	0.4612380715858626	0.5187398366629736	0.7839239960091262	0.7821860537551122	0.5388932268760261	0.4879435927307949
2	0.5292283710054559	0.5292283710054559	0.5229786432031065	0.6230875059231892	0.5292283710054559	0.543917900410011	0.5292283710054559	0.5292283710054559	0.49175092393605724	0.5454439863263035	0.7905024171435039	0.7936773551463916	0.5631208702042982	0.5136956570803448
3	0.5058456742010912	0.5058456742010912	0.5020371322678873	0.5973555802905944	0.5058456742010912	0.5108916887751	0.5058456742010912	0.5058456742010912	0.47055003986382504	0.520986256332455	0.7773810124077941	0.7810177033121133	0.5343734116983876	0.49407206560278827
4	0.5307872174590803	0.5307872174590803	0.5174795619805745	0.6133276627869919	0.5307872174590803	0.5377928594398372	0.5307872174590803	0.5307872174590803	0.49363547885698084	0.5463229560264518	0.7865240984337217	0.7867819823388796	0.5390599586560687	0.49520552463910006
