Times	Accuary	Precision	Recall	MCC	AUROC	AUPR
0	0.41787674627797255	0.027568150315724627	0.8647342995169082	0.07622166237681487	0.645927313299823	0.02977143437091844
1	0.6440254805132818	0.034206252537555826	0.6512077294685991	0.0838460298507755	0.6982737048831523	0.0353560720824144
2	0.5102344280652801	0.028290780663674492	0.7429951690821256	0.06791380325456288	0.6645072722318681	0.032124843181426076
3	0.596093477502616	0.03246666369352896	0.7033816425120772	0.08250327355704218	0.6974042517646076	0.03727943745141497
4	0.6449250087199163	0.033817163228927936	0.6415458937198067	0.08147660733857576	0.6986073164747517	0.0374992274318455
