Times	Accuary	Precision	Recall	MCC	AUROC	AUPR
0	0.8265179677819083	0.8060394889663183	0.8599752168525403	0.6545028641373618	0.904850525682189	0.8841866495658186
1	0.8277571251548946	0.7658291457286432	0.9442379182156134	0.6740603897396737	0.9048889134570648	0.8780979881027555
2	0.8271375464684015	0.7826552462526767	0.9058240396530359	0.662530731854165	0.9071092623558731	0.8879893748744381
3	0.8190830235439901	0.8357235984354628	0.7942998760842627	0.6389514233147883	0.9060374756813445	0.8899912907762346
4	0.8308550185873605	0.7921225382932167	0.8971499380421314	0.6676043213259476	0.9107806691449815	0.8913589845155023
