Times	Accuary	Precision	Recall	MCC	AUROC	AUPR
0	0.7555831265508685	0.7035573122529645	0.8833746898263027	0.5287268124095258	0.833757673527945	0.7906300823024504
1	0.7462779156327544	0.7388688327316486	0.7617866004962779	0.4927929407410493	0.8249327315604431	0.7730200816621337
2	0.7251861042183623	0.6672811059907834	0.8982630272952854	0.4800499716028322	0.8115998805484917	0.7670564061791528
3	0.7289081885856079	0.7225572979493365	0.7431761786600496	0.4580028915213346	0.8099905177668725	0.7592362548013567
4	0.7481389578163772	0.7392344497607656	0.7667493796526055	0.4966220427665429	0.8261426398783319	0.7815411993416621
