Times	Accuary	p_micro	p_macro	p_weigh	r_micro	r_macro	r_weigh	F1_micro	F1_macro	F1_weigh	roc_micro	roc_macro	pr_micro	pr_macro
0	0.6212003117692907	0.6212003117692907	0.5801674567987943	0.6743629749436012	0.6212003117692907	0.5637781921176478	0.6212003117692907	0.6212003117692907	0.5515733232758347	0.6196711939530346	0.8399385857427312	0.8176321132953572	0.6150157641968287	0.5272142050176135
1	0.6165237724084178	0.6165237724084178	0.5539267945731322	0.6279782708603981	0.6165237724084178	0.5644348744302826	0.6165237724084178	0.6165237724084178	0.5521664619979129	0.6171480088493616	0.8352980914154703	0.8166799890087324	0.6033948226339698	0.5327475830024944
2	0.5214341387373344	0.5214341387373344	0.5504861327364734	0.5978399905906919	0.5214341387373344	0.5382412122842495	0.5214341387373344	0.5214341387373344	0.42874604326024945	0.49390062332103185	0.8296353761349882	0.8086247808097982	0.5826976748361409	0.5139703136883166
3	0.4809041309431021	0.4809041309431021	0.46543322915724744	0.5305391260522715	0.4809041309431021	0.49642631862117587	0.4809041309431021	0.4809041309431021	0.3679353576477882	0.40943162360118696	0.8242628436251016	0.8228275528769254	0.5913304507206394	0.5357061279205146
4	0.5806703039750585	0.5806703039750585	0.5302430256022471	0.6099095439612862	0.5806703039750585	0.5512896328454018	0.5806703039750585	0.5806703039750585	0.5317308782364549	0.5902506680655367	0.8381576978320531	0.8150690672598263	0.6089898256250587	0.5219816861581639
