Times	Accuary	p_micro	p_macro	p_weigh	r_micro	r_macro	r_weigh	F1_micro	F1_macro	F1_weigh	roc_micro	roc_macro	pr_micro	pr_macro
0	0.49883086515978176	0.49883086515978176	0.5194142887198439	0.6213923696382564	0.49883086515978176	0.5181981008391928	0.49883086515978176	0.49883086515978176	0.45714507724489073	0.5119373078752464	0.7837374933352126	0.7879910373924516	0.540338250629585	0.5045744415256286
1	0.5151987529228371	0.5151987529228371	0.5274671789919751	0.6230606504140239	0.5151987529228371	0.5427152712070895	0.5151987529228371	0.5151987529228371	0.4842260405881438	0.5296337027889241	0.7834541955710373	0.7882220048458731	0.5561122606725637	0.5022920214407198
2	0.5175370226032736	0.5175370226032736	0.5133230868364322	0.6073046513351021	0.5175370226032736	0.5314146537169997	0.5175370226032736	0.5175370226032736	0.4818182011560842	0.5293313914963854	0.7930452120146603	0.7903644864404573	0.5622529911136289	0.5074774503001892
3	0.5042868277474669	0.5042868277474669	0.5184982111297901	0.6125596619603265	0.5042868277474669	0.5328414593421272	0.5042868277474669	0.5042868277474669	0.4668806835646727	0.5152182562645116	0.7879490922625286	0.7917927426762894	0.556533412478785	0.5149520002373871
4	0.5089633671083398	0.5089633671083398	0.5143956922625739	0.6155832710234437	0.5089633671083398	0.5288097623420716	0.5089633671083398	0.5089633671083398	0.46743514951590914	0.5248794738416618	0.7932714047255849	0.7900381209304445	0.5757270071501439	0.5134950135587298
