Times	Accuary	p_micro	p_macro	p_weigh	r_micro	r_macro	r_weigh	F1_micro	F1_macro	F1_weigh	roc_micro	roc_macro	pr_micro	pr_macro
0	0.8316445830085737	0.8316445830085737	0.8164631910190876	0.8426238609902234	0.8316445830085737	0.8433142087654527	0.8316445830085737	0.8316445830085737	0.8241284602682757	0.8302947259643846	0.9667321552277347	0.9684008837460178	0.9210980818409611	0.9268565389963679
1	0.8238503507404521	0.8238503507404521	0.8215152083005677	0.8401349844231462	0.8238503507404521	0.8416612941627551	0.8238503507404521	0.8238503507404521	0.8233670747570638	0.8210918744405075	0.9676305473154854	0.9709344954330017	0.9229607484308207	0.9317660394622922
2	0.8222915042868277	0.8222915042868277	0.8068286580265647	0.8335832941824921	0.8222915042868277	0.831326761099052	0.8222915042868277	0.8222915042868277	0.8129223896748157	0.8202471797511773	0.962707868975088	0.9656313285598825	0.912778203043681	0.9187231525653905
3	0.8254091971940763	0.8254091971940763	0.8160374679443293	0.8359231490686697	0.8254091971940763	0.8471410548969407	0.8254091971940763	0.8254091971940762	0.8252405907349301	0.8232432254451364	0.9655371003633461	0.9678198412351848	0.9170749887925886	0.9280391401570134
4	0.8448947778643804	0.8448947778643804	0.8285137298178638	0.8552759700961349	0.8448947778643804	0.8570788343444463	0.8448947778643804	0.8448947778643804	0.8372697751202212	0.8436678118419559	0.9688834159837854	0.9711435139020357	0.9272209249715332	0.9339276854140328
