Times	Accuary	Precision	Recall	MCC	AUROC	AUPR
0	0.7069392812887236	0.7397769516728625	0.6941860465116279	0.41477404137381785	0.9211131226305147	0.9333961243762564
1	0.6852540272614622	0.7558859975216853	0.6623235613463626	0.37426115706422014	0.9288582400894281	0.9390476954621235
2	0.6821561338289963	0.7162329615861215	0.6705336426914154	0.3651613274748315	0.9093403598316466	0.9228573140344278
3	0.7137546468401487	0.7410161090458488	0.7027027027027027	0.42814615292357433	0.9062217370007477	0.9142842248812784
4	0.718091697645601	0.7038413878562577	0.7244897959183674	0.43636065597182033	0.8952412978753133	0.9134472931661735
