Times	Accuary	p_micro	p_macro	p_weigh	r_micro	r_macro	r_weigh	F1_micro	F1_macro	F1_weigh	roc_micro	roc_macro	pr_micro	pr_macro
0	0.49883086515978176	0.49883086515978176	0.5098271208074727	0.6040718757455342	0.49883086515978176	0.5287525587033017	0.49883086515978176	0.49883086515978176	0.4671348134547507	0.5147895062898011	0.7838739784624849	0.7895705615780665	0.5356925022074127	0.5022286012736592
1	0.5074045206547155	0.5074045206547155	0.5100300624186191	0.6050771446221497	0.5074045206547155	0.5254446036870064	0.5074045206547155	0.5074045206547155	0.47359867550715684	0.5222100471220606	0.7846544141902412	0.7850836919425207	0.5452787686523954	0.49223699086768546
2	0.47856586126266565	0.47856586126266565	0.511816203857691	0.6034087520253985	0.47856586126266565	0.5100593371798916	0.47856586126266565	0.4785658612626656	0.4464396104475047	0.4917297271496498	0.7725127053680977	0.7810275271403513	0.5192727549686038	0.5096912799913631
3	0.49415432579890883	0.49415432579890883	0.5058548006442691	0.6049971947043928	0.49415432579890883	0.5154782224201159	0.49415432579890883	0.49415432579890883	0.46000179690340104	0.508092761466281	0.7795597119394313	0.7768348482168254	0.5490060092741775	0.4888144718929659
4	0.49805144193296963	0.49805144193296963	0.519702957546414	0.6230933186946281	0.49805144193296963	0.5237938148952092	0.49805144193296963	0.49805144193296963	0.457664544869652	0.5126506736994498	0.7774535074753957	0.784765342331273	0.5386133516001076	0.5012848423626217
