Times	Accuary	Precision	Recall	MCC	AUROC	AUPR
0	0.8244416873449132	0.7995418098510882	0.8660049627791563	0.6511369603565799	0.9057118140004556	0.8872547252507699
1	0.8145161290322581	0.7897142857142857	0.8573200992555832	0.6313500059442584	0.8938851910916268	0.8731742062598612
2	0.8126550868486352	0.7530120481927711	0.9305210918114144	0.6434436379548207	0.8916947336662379	0.8719135093765717
3	0.7983870967741935	0.7328170377541142	0.9392059553349876	0.6219502314186867	0.8782856861380834	0.8477582600113942
4	0.8095533498759305	0.7750826901874311	0.8722084367245657	0.6240255095793388	0.8903016458447499	0.862741341118799
