Times	Accuary	p_micro	p_macro	p_weigh	r_micro	r_macro	r_weigh	F1_micro	F1_macro	F1_weigh	roc_micro	roc_macro	pr_micro	pr_macro
0	0.6819953234606392	0.6819953234606392	0.6504455834594982	0.7120041121608103	0.6819953234606392	0.7181982554436219	0.6819953234606392	0.6819953234606392	0.6657767828597203	0.6852635401347551	0.8968221037866118	0.8983287765549911	0.7736120790544823	0.7598639684413442
1	0.6718628215120811	0.6718628215120811	0.6324835597473393	0.7093259907803208	0.6718628215120811	0.6885907342473547	0.6718628215120811	0.6718628215120811	0.6428039670056442	0.6801813277025685	0.8915376588588669	0.8873874767949768	0.7661264231068895	0.7071406861479492
2	0.6718628215120811	0.6718628215120811	0.6415126524269148	0.7069518337787796	0.6718628215120811	0.7124382741816787	0.6718628215120811	0.6718628215120811	0.6549717287538606	0.67679802200639	0.897135877829206	0.8993945366791851	0.774351739321838	0.7573321511717733
3	0.6812159002338269	0.6812159002338269	0.6458847169578017	0.7173384965805869	0.6812159002338269	0.7128193740994292	0.6812159002338269	0.6812159002338269	0.6594322119015087	0.6883865908383063	0.8992158585187879	0.897425355904333	0.7801666997539017	0.7525511811893995
4	0.6968043647700701	0.6968043647700701	0.6602296781624362	0.7308617318926807	0.6968043647700701	0.720981521678633	0.6968043647700701	0.6968043647700701	0.6740659784089933	0.7030468270231794	0.9012020816209411	0.9007370639084398	0.7822073823194754	0.7422103452117345
