Times	Accuary	p_micro	p_macro	p_weigh	r_micro	r_macro	r_weigh	F1_micro	F1_macro	F1_weigh	roc_micro	roc_macro	pr_micro	pr_macro
0	0.6484801247077163	0.6484801247077163	0.6115527787987654	0.6723742814436547	0.6484801247077163	0.6213695014934788	0.6484801247077163	0.6484801247077163	0.6074156231955057	0.6502009202141109	0.8625440868223611	0.8509587236250635	0.674280557220393	0.590224015395448
1	0.6562743569758379	0.6562743569758379	0.6200878694899381	0.6949881762803638	0.6562743569758379	0.6401152885227857	0.6562743569758379	0.6562743569758379	0.6126528886698844	0.6596373825927533	0.855122657401878	0.8458717140390812	0.6627150840023007	0.5833013792062852
2	0.6609508963367108	0.6609508963367108	0.6417135843990451	0.7189890582964309	0.6609508963367108	0.64178173101303	0.6609508963367108	0.6609508963367108	0.6133474205830903	0.658873651146249	0.8637803504751769	0.8546197120623376	0.6796153586850286	0.5909319718589674
3	0.6773187840997662	0.6773187840997662	0.6395658115503734	0.707898261766612	0.6773187840997662	0.6473061337761203	0.6773187840997662	0.6773187840997662	0.6332992570046072	0.6796054359950097	0.8652283280754159	0.854331112382587	0.6849616568115362	0.5959402689919071
4	0.666406858924396	0.666406858924396	0.643220447340851	0.6717119800871102	0.666406858924396	0.605154202457592	0.666406858924396	0.666406858924396	0.6064440207008127	0.6615973930265809	0.8700712213414138	0.8630864361264245	0.6895181617314099	0.60818484972978
