Times	Accuary	Precision	Recall	MCC	AUROC	AUPR
0	0.8244416873449132	0.7761351636747624	0.9119106699751861	0.6590462249510711	0.8969022652685504	0.8733904290644495
1	0.8232009925558312	0.7716371220020855	0.9181141439205955	0.658372722587385	0.8947333583729965	0.8656472991313555
2	0.8238213399503722	0.7849344978165939	0.892059553349876	0.6537597010560461	0.8977119494609289	0.8748195660910452
3	0.8294044665012407	0.779768177028451	0.9181141439205955	0.6694291978893284	0.9029287170045993	0.8746275418241101
4	0.8138957816377171	0.7908045977011494	0.8535980148883374	0.629780106314406	0.8966990745586759	0.8720697087955466
