Times	Accuary	Precision	Recall	MCC	AUROC	AUPR
0	0.7713754646840149	0.759478672985782	0.7942998760842627	0.5433222926427058	0.8430454403768759	0.8031397650457728
1	0.7596034696406444	0.7109768378650554	0.8748451053283767	0.5335726970874354	0.8342953309717174	0.7972437641309353
2	0.7701363073110284	0.7354211663066955	0.8438661710037175	0.5462441221803908	0.8455475555432714	0.8042527375199644
3	0.7546468401486989	0.7179215270413574	0.838909541511772	0.5166836458681408	0.8383414024436122	0.7964100552419197
4	0.765179677819083	0.7316017316017316	0.8376703841387856	0.5360227691614783	0.8438108926078965	0.8100070603176621
