Times	Accuary	p_micro	p_macro	p_weigh	r_micro	r_macro	r_weigh	F1_micro	F1_macro	F1_weigh	roc_micro	roc_macro	pr_micro	pr_macro
0	0.8269680436477007	0.8269680436477007	0.8165550411171199	0.8423148532334193	0.8269680436477007	0.8424911334359906	0.8269680436477007	0.8269680436477007	0.8215679804274452	0.8246483748666221	0.9654785778087739	0.968183033301132	0.9175601933061053	0.9225926933137896
1	0.8144972720187061	0.8144972720187061	0.797014026586292	0.8258108049311342	0.8144972720187061	0.8252407577472278	0.8144972720187061	0.8144972720187061	0.804979895486232	0.8129283814623095	0.9607064583587724	0.962808037351586	0.9079718091556225	0.9113473023026756
2	0.828526890101325	0.828526890101325	0.8200468327341494	0.8416093848228564	0.828526890101325	0.8492374909556408	0.828526890101325	0.828526890101325	0.8274955856200806	0.8264046884046736	0.9640624939882758	0.9663220677091293	0.9154467291871602	0.9250527344997997
3	0.843335931410756	0.843335931410756	0.8309497595889452	0.8548908304079147	0.843335931410756	0.8621504393857875	0.843335931410756	0.843335931410756	0.840377850229276	0.8420252425861987	0.9683910367746418	0.9715752845543398	0.9257380722506156	0.9378260444403878
4	0.828526890101325	0.828526890101325	0.8099945012057508	0.8424910291442161	0.828526890101325	0.8456493154115878	0.828526890101325	0.828526890101325	0.8199654296241724	0.8270063111954835	0.9627753015379688	0.9667789506800037	0.9137107229580111	0.9213915576273632
