Times	Accuary	Precision	Recall	MCC	AUROC	AUPR
0	0.7047146401985112	0.7233250620347395	0.6973684210526315	0.4097131852823979	0.9065692172231833	0.9190813424912807
1	0.684863523573201	0.6873449131513648	0.6839506172839506	0.36973160026694135	0.9040247153790737	0.9191794162501155
2	0.7003722084367245	0.6550868486352357	0.7203274215552524	0.4023982630978086	0.8968345350319256	0.9122127743891356
3	0.7028535980148883	0.7121588089330024	0.6991473812423873	0.4057774721828786	0.9090660000369437	0.9178347852668142
4	0.7003722084367245	0.6885856079404467	0.7052096569250318	0.4008558092965002	0.8986755660092729	0.9111220475514124
