Times	Accuary	p_micro	p_macro	p_weigh	r_micro	r_macro	r_weigh	F1_micro	F1_macro	F1_weigh	roc_micro	roc_macro	pr_micro	pr_macro
0	0.6521400778210117	0.6521400778210117	0.6162638901780284	0.7006737501829599	0.6521400778210117	0.6096443703210005	0.6521400778210117	0.6521400778210117	0.5954707637456014	0.6535469533341628	0.8561193457382651	0.8434389718497496	0.6535171050288402	0.5710126652241354
1	0.6614785992217899	0.6614785992217899	0.6106696218363878	0.6851131170143699	0.6614785992217899	0.5855398514651209	0.6614785992217899	0.6614785992217899	0.5836821389779776	0.6585217777311527	0.8610615351229138	0.8450938285993208	0.6739372398208983	0.5633627113193812
2	0.5945525291828794	0.5945525291828794	0.5859741278116908	0.6897268162559698	0.5945525291828794	0.5714844676757329	0.5945525291828794	0.5945525291828794	0.47584547907942765	0.569720954894103	0.8510697613388041	0.8410040090512386	0.6523934063956307	0.5666838552946509
3	0.6622568093385214	0.6622568093385214	0.6090190864820278	0.6913338362406041	0.6622568093385214	0.5864975078477597	0.6622568093385214	0.6622568093385214	0.5771852412910348	0.6566612061322388	0.8655507274901966	0.8482104562061401	0.6752477520511172	0.5730005283935324
4	0.6599221789883268	0.6599221789883268	0.619345345450207	0.7032158574804594	0.6599221789883268	0.6208048856332171	0.6599221789883268	0.6599221789883268	0.6065667846085803	0.6636139513351931	0.8602453733844064	0.8466614823908283	0.6671594548383591	0.5805333331658692
