Times	Accuary	Precision	Recall	MCC	AUROC	AUPR
0	0.7892512077294686	0.09285309667673716	0.7442300416193719	0.2114655688433134	0.8400076811413884	0.12356513758293151
1	0.7830536486142894	0.09005654392497586	0.7412031782065834	0.20584787782299266	0.8359342518017469	0.11628709697753772
2	0.7138528688871938	0.07609338575554087	0.8274687854710556	0.19288535630800943	0.8432750013694232	0.134345842268211
3	0.814380455970845	0.09862954569979497	0.6916382898221718	0.211619006627127	0.8396018316550162	0.12777404924090435
4	0.7633168065090262	0.08579359071410547	0.771850170261067	0.20328529247914756	0.8429761943216685	0.12852642545185156
