Times	Accuary	Precision	Recall	MCC	AUROC	AUPR
0	0.7516098615519066	0.08338405356055995	0.7876796714579055	0.20132279829783503	0.8422200582267393	0.1313154078790017
1	0.7623499379053401	0.08347802248012429	0.7503080082135524	0.19501746630348704	0.8266105969050925	0.12808753691867114
2	0.6958971528448553	0.071461716937355	0.82217659137577	0.18161437103642591	0.834808599884423	0.11489176433887847
3	0.7700887723655766	0.08554029174337913	0.7441478439425051	0.1979256234719556	0.8354123536524638	0.11454873740203131
4	0.7705372337978934	0.08760945297053008	0.764271047227926	0.20542057562828397	0.8409332660895235	0.12414984639899526
