Times	Accuary	Precision	Recall	MCC	AUROC	AUPR
0	0.7387653605120542	0.08221476510067115	0.8195937873357229	0.20449354578858234	0.8490759875975081	0.12967545653734464
1	0.802203438970539	0.0970200603398084	0.7299880525686977	0.216142695955062	0.8449816893637068	0.11920397233178423
2	0.7450991324516604	0.08207361156753204	0.7956989247311828	0.2000768299237641	0.8445217035955785	0.1231358994504825
3	0.7662525926091126	0.08579894940061958	0.7610513739545998	0.2013948746542392	0.840543377240455	0.13284181133496636
4	0.7441401458551707	0.08226347207457682	0.8012743926722421	0.2014247030570364	0.8423205360020257	0.12452859336257538
