Times	Accuary	p_micro	p_macro	p_weigh	r_micro	r_macro	r_weigh	F1_micro	F1_macro	F1_weigh	roc_micro	roc_macro	pr_micro	pr_macro
0	0.40477748691099474	0.40477748691099474	0.3035997787275887	0.36522048293545695	0.40477748691099474	0.2919429661258586	0.40477748691099474	0.40477748691099474	0.2597993614249716	0.34075762440468593	0.6833125603881118	0.5949855368745918	0.39152044778144357	0.2952303955984433
1	0.40776925953627524	0.40776925953627524	0.3156660328552201	0.36872003286941335	0.40776925953627524	0.29320297639803017	0.40776925953627524	0.40776925953627524	0.262228973228776	0.34109715157411924	0.6822819882815248	0.5928811731725345	0.3886071641422827	0.29393826804090695
2	0.406133133881825	0.406133133881825	0.31264187619512	0.3678895101379118	0.406133133881825	0.2986041989423849	0.406133133881825	0.406133133881825	0.2672535390500636	0.34209648921376773	0.6852572361950316	0.5952377157564706	0.3923474500093206	0.2983052421090035
3	0.4057124158563949	0.4057124158563949	0.30633853344563344	0.3619992530877676	0.4057124158563949	0.2949699988206868	0.4057124158563949	0.40571241585639495	0.2640549057766503	0.3407323622965679	0.6879399680836329	0.5983335847889232	0.3967925753725596	0.2993824232579293
4	0.39977561705310394	0.39977561705310394	0.30389326215374624	0.35669742641128027	0.39977561705310394	0.28822160274152764	0.39977561705310394	0.3997756170531039	0.25869331889720387	0.33602563886294756	0.6812391672305144	0.5901321467681631	0.3898164509479164	0.2946950401919895
