Times	Accuary	p_micro	p_macro	p_weigh	r_micro	r_macro	r_weigh	F1_micro	F1_macro	F1_weigh	roc_micro	roc_macro	pr_micro	pr_macro
0	0.4137060583395662	0.4137060583395662	0.3072175916659376	0.37670726377549557	0.4137060583395662	0.2728651782439632	0.4137060583395662	0.4137060583395662	0.257324254252868	0.3772297940003251	0.7058284292976942	0.5700986466710108	0.38661047860600645	0.281233555905571
1	0.4136593118922962	0.4136593118922962	0.3148639354554142	0.3792656484265761	0.4136593118922962	0.27221748757242115	0.4136593118922962	0.4136593118922962	0.25535688375678217	0.3758950677083748	0.705642263698399	0.569477785924165	0.3868114763367148	0.28190198312113457
2	0.41590314136125656	0.41590314136125656	0.3116913702170022	0.3804010426872221	0.41590314136125656	0.27440628917924126	0.41590314136125656	0.41590314136125656	0.2591680022060201	0.3795000752798522	0.706509551024091	0.5699181781269314	0.3886487163441202	0.28356712464783285
3	0.4168380703066567	0.4168380703066567	0.31213857406956846	0.3793388433645516	0.4168380703066567	0.27371624137369777	0.4168380703066567	0.4168380703066567	0.2574779808479694	0.3792529898154501	0.7071457094511691	0.5707760896289817	0.3898817563897118	0.28390815416564824
4	0.4175860134629768	0.4175860134629768	0.32111046544268484	0.3851869207596032	0.4175860134629768	0.27789068196946043	0.4175860134629768	0.41758601346297675	0.2638593218021131	0.3821674544568888	0.7071769444051297	0.5714002769609536	0.38710578748723257	0.2815488448227989
