Times	Accuary	p_micro	p_macro	p_weigh	r_micro	r_macro	r_weigh	F1_micro	F1_macro	F1_weigh	roc_micro	roc_macro	pr_micro	pr_macro
0	0.4080029917726253	0.4080029917726253	0.2617803910313384	0.35468783767150547	0.4080029917726253	0.26720171077413224	0.4080029917726253	0.4080029917726253	0.24322991139548278	0.36097485634100296	0.7043441979110316	0.5718379921191993	0.4185461079674857	0.2890391099963756
1	0.424971952131638	0.424971952131638	0.2771991848125994	0.3681646373689577	0.424971952131638	0.27319219038639686	0.424971952131638	0.424971952131638	0.24258774799121197	0.37009598420313794	0.7116436222182193	0.5600954982663607	0.42474890832807577	0.28661177559932177
2	0.4068343305908751	0.4068343305908751	0.28701975326695145	0.358187369969086	0.4068343305908751	0.26280537891511135	0.4068343305908751	0.4068343305908751	0.21675192573119462	0.3256914285047949	0.7193214184290462	0.5858294548617252	0.43687200375262036	0.30291557682731757
3	0.40716155572176516	0.40716155572176516	0.2807051844482377	0.36051107517236514	0.40716155572176516	0.2712915922687025	0.40716155572176516	0.40716155572176516	0.25543089822656634	0.36950781236647934	0.7118083929557404	0.5793931002471302	0.4213318864578296	0.2927450914414632
4	0.4227281226626776	0.4227281226626776	0.30754719507647177	0.37680570759876586	0.4227281226626776	0.27291513654635435	0.4227281226626776	0.4227281226626776	0.24248122812399228	0.36618928679485463	0.7244897554916061	0.5894974273308591	0.4433685879496175	0.3071555547463917
