Times	Accuary	Precision	Recall	MCC	AUROC	AUPR
0	0.7618424372398133	0.0765201122544434	0.8061760840998686	0.19962878976934711	0.8548194409950257	0.10930622968510356
1	0.7588936545982087	0.07563802243866355	0.8061760840998686	0.1978078524986459	0.8506892501176294	0.10137936708288647
2	0.781285480005046	0.07988568317909635	0.771353482260184	0.2005449725743828	0.8413303379050793	0.09893912399999193
3	0.7855588495017031	0.07893452339446343	0.7437582128777924	0.19403057638818402	0.8503096801886758	0.10977718066148187
4	0.7938217484546487	0.0831950357168627	0.7575558475689882	0.20453334593955383	0.8486117134177134	0.0959020099107654
