Times	Accuary	Precision	Recall	MCC	AUROC	AUPR
0	0.7612040357992826	0.07635858786195954	0.8065642458100558	0.1993607900338281	0.8541810786783355	0.11326281350758671
1	0.7684778600878223	0.07844205365654365	0.8044692737430168	0.20325512276619623	0.8564374888597208	0.10861481500174255
2	0.7789863573894681	0.0800885904122312	0.7828212290502793	0.20288329207460917	0.8559978195751565	0.11526698421687782
3	0.7745282070190729	0.0789492119089317	0.7870111731843575	0.20133980121825767	0.8517089739853257	0.09811956362128504
4	0.8219086246773707	0.09268119794435584	0.7304469273743017	0.21674064456597458	0.8550454276361041	0.11629009173148284
