Times	Accuary	Precision	Recall	MCC	AUROC	AUPR
0	0.7820389559519995	0.08222119957048626	0.7952522255192879	0.20915671369200253	0.8610463875984333	0.12475083123001568
1	0.7685788555353773	0.07753118653901944	0.793026706231454	0.19950414533449234	0.8602103123440686	0.1188916229060869
2	0.7968877968877969	0.08477794287601123	0.7618694362017804	0.2082437072595651	0.8516365335932782	0.09303183734487155
3	0.7598903251077164	0.07314671543114362	0.771513353115727	0.1869487486945029	0.8452928008441853	0.11545567388353159
4	0.7755047537656233	0.08053341279892721	0.8019287833827893	0.2069961492114034	0.860680698135389	0.13215313115921554
