Times	Accuary	p_micro	p_macro	p_weigh	r_micro	r_macro	r_weigh	F1_micro	F1_macro	F1_weigh	roc_micro	roc_macro	pr_micro	pr_macro
0	0.9007633587786259	0.9007633587786259	0.8815897065897065	0.9047330202546486	0.9007633587786259	0.8980892742453436	0.9007633587786259	0.9007633587786259	0.8880496739593421	0.9004656640173335	0.9847889378802496	0.9840684863966132	0.9626498832933885	0.953351562576227
1	0.8956743002544529	0.8956743002544529	0.8233200016058987	0.9012188283787286	0.8956743002544529	0.8809034467994006	0.8956743002544529	0.8956743002544529	0.8478378028242001	0.8966676730255647	0.9834508478526893	0.9821744702537581	0.958980814584317	0.9421682202905848
2	0.8600508905852418	0.8600508905852418	0.7823681378709841	0.8641674275464851	0.8600508905852418	0.8040649753800042	0.8600508905852418	0.8600508905852418	0.7915935672514619	0.8601949208858635	0.9692573816168011	0.9554753413484041	0.925992019517693	0.8887226644766533
3	0.8524173027989822	0.8524173027989822	0.8000777721431898	0.8567730008589823	0.8524173027989822	0.8205068507814173	0.8524173027989822	0.8524173027989822	0.8046228827015303	0.8528198060194125	0.9702382879353919	0.9587031127805357	0.9284893508741136	0.8966155019111263
4	0.8829516539440203	0.8829516539440203	0.8671163934037112	0.8884655420571794	0.8829516539440203	0.8769187540141297	0.8829516539440203	0.8829516539440203	0.8697204968944099	0.882070551420037	0.9754471270991287	0.9714598854087183	0.9425619904969353	0.9308177400029266
