Times	Accuary	Precision	Recall	MCC	AUROC	AUPR
0	0.5769230769230769	0.6011904761904762	0.45701357466063347	0.15847070673782832	0.6526791015744968	0.6193143923307343
1	0.5	nan	0.0	nan	0.6611453491943244	0.6308168963038328
2	0.5	0.5	1.0	nan	0.6883765688663214	0.6803880154560252
3	0.5475113122171946	0.5260545905707196	0.9592760180995475	0.16750758145645334	0.6785589975635224	0.6759640934093456
4	0.5	0.5	1.0	nan	0.6554943592473537	0.6483676814715906
