Times	Accuary	p_micro	p_macro	p_weigh	r_micro	r_macro	r_weigh	F1_micro	F1_macro	F1_weigh	roc_micro	roc_macro	pr_micro	pr_macro
0	0.45038167938931295	0.45038167938931295	0.34138011251818257	0.4503545755913739	0.45038167938931295	0.4736378719760222	0.45038167938931295	0.45038167938931295	0.365576745979931	0.436768318079471	0.8064733342397813	0.782937029152264	0.4921587643439424	0.4917173753447655
1	0.44529262086513993	0.44529262086513993	0.3843795093795094	0.47116640780762914	0.44529262086513993	0.5020043887818454	0.44529262086513993	0.44529262086513993	0.40872613333757624	0.4404950448999266	0.7853682013696	0.7820860827112253	0.47208224904096335	0.490231510504919
2	0.44274809160305345	0.44274809160305345	0.3450260789762887	0.4508969239084891	0.44274809160305345	0.44395204453007925	0.44274809160305345	0.44274809160305345	0.3642706234694365	0.4400390114526975	0.8109505403078039	0.7864640042625535	0.5114824307991883	0.5105914293762709
3	0.46564885496183206	0.46564885496183206	0.38418952361181485	0.4676657706776633	0.46564885496183206	0.4836410832798116	0.46564885496183206	0.465648854961832	0.408048002396097	0.4519309134720221	0.8181891757149609	0.7888496715830289	0.5233001523150093	0.5266857934613455
4	0.4707379134860051	0.4707379134860051	0.3989967056004792	0.4954344027367216	0.4707379134860051	0.468994861913937	0.4707379134860051	0.4707379134860051	0.413053705126614	0.4661168198887369	0.8104077505627532	0.7853692662259851	0.5017548708571077	0.5020917018105687
