Times	Accuary	p_micro	p_macro	p_weigh	r_micro	r_macro	r_weigh	F1_micro	F1_macro	F1_weigh	roc_micro	roc_macro	pr_micro	pr_macro
0	0.7186700767263428	0.7186700767263428	0.5530518458724596	0.752332500313529	0.7186700767263428	0.6144810508182601	0.7186700767263428	0.7186700767263429	0.5664779553397673	0.7309591178822038	0.8822046777122947	0.8524670435893064	0.6754466080268196	0.588060080896299
1	0.7033248081841432	0.7033248081841432	0.5502612317516163	0.7407957954387229	0.7033248081841432	0.6038436692506459	0.7033248081841432	0.7033248081841432	0.5662023766906306	0.7177772738949352	0.8636368591693322	0.8119774796781807	0.6643622988254491	0.5681299105608704
2	0.6956521739130435	0.6956521739130435	0.5868083630932328	0.7144820921604186	0.6956521739130435	0.6326227390180879	0.6956521739130435	0.6956521739130435	0.6021311701901167	0.6985472081328715	0.8761411380965153	0.8362415300671535	0.6746450417389894	0.5994057513837993
3	0.7033248081841432	0.7033248081841432	0.5745804750799753	0.7492163317135749	0.7033248081841432	0.6668819982773471	0.7033248081841432	0.7033248081841432	0.5950861103454281	0.7175270864762505	0.8715057244959588	0.8398390732055161	0.6460232372613107	0.5594692734218301
4	0.710997442455243	0.710997442455243	0.6003352444656792	0.7235584697744155	0.710997442455243	0.6517980189491818	0.710997442455243	0.710997442455243	0.6200523413520043	0.7147909344976631	0.8804058930366321	0.8455683524410345	0.6818661366613633	0.5823412527924797
