Times	Accuary	Precision	Recall	MCC	AUROC	AUPR
0	0.5772727272727273	0.5574324324324325	0.75	0.1646841548870773	0.6231404958677685	0.5879029722800039
1	0.6045454545454545	0.597457627118644	0.6409090909090909	0.2096460800889046	0.6683884297520661	0.6534593715612733
2	0.5840909090909091	0.5725490196078431	0.6636363636363637	0.1703514245409684	0.6274896694214875	0.5833591721170213
3	0.6068181818181818	0.6157635467980296	0.5681818181818182	0.2142770535826118	0.6557438016528925	0.6326865810438118
4	0.5840909090909091	0.5548961424332344	0.85	0.198594931936511	0.6160020661157025	0.5989674267047926
