Times	Accuary	p_micro	p_macro	p_weigh	r_micro	r_macro	r_weigh	F1_micro	F1_macro	F1_weigh	roc_micro	roc_macro	pr_micro	pr_macro
0	0.7099236641221374	0.7099236641221374	0.5735052961581983	0.728751344495805	0.7099236641221374	0.6153125669021622	0.7099236641221374	0.7099236641221375	0.5890509069341172	0.7166506855004778	0.8762460963381655	0.8311611126860214	0.6994925288086495	0.5701496102568328
1	0.7073791348600509	0.7073791348600509	0.5871528319550632	0.7748662325602077	0.7073791348600509	0.6847703917790623	0.7073791348600509	0.7073791348600509	0.6035445009867331	0.7218889016780702	0.8786179688225023	0.8573915209913442	0.6913105410842464	0.6078977697590118
2	0.6513994910941476	0.6513994910941476	0.5070878237695597	0.7055165951953771	0.6513994910941476	0.5872243630914151	0.6513994910941476	0.6513994910941476	0.5203158718170048	0.6704305807073847	0.848273540132989	0.8157370814597971	0.6063343310006954	0.5066431505624072
3	0.6895674300254453	0.6895674300254453	0.575254414897272	0.7190208991299505	0.6895674300254453	0.6369166131449369	0.6895674300254453	0.6895674300254453	0.588276261174968	0.6988158433505893	0.8485864805426603	0.8205886682225909	0.6344155585529376	0.5634427213618902
4	0.7073791348600509	0.7073791348600509	0.5753405135639161	0.7590709431787502	0.7073791348600509	0.6626605651894669	0.7073791348600509	0.7073791348600509	0.5976294065149487	0.7255544087574499	0.8645852892108938	0.8420478485527721	0.6555374203561729	0.5601504693230455
