Times	Accuary	p_micro	p_macro	p_weigh	r_micro	r_macro	r_weigh	F1_micro	F1_macro	F1_weigh	roc_micro	roc_macro	pr_micro	pr_macro
0	0.7964376590330788	0.7964376590330788	0.7053204648754386	0.8137667509475192	0.7964376590330788	0.7568828944551488	0.7964376590330788	0.7964376590330788	0.7245668276190937	0.799828997537051	0.9479590889765122	0.9410149001774579	0.8674171707816583	0.8467143279927263
1	0.8015267175572519	0.8015267175572519	0.7182964615479952	0.810318297163237	0.8015267175572519	0.7832155855277243	0.8015267175572519	0.8015267175572519	0.7455531604739161	0.8043981191013109	0.9527740548660075	0.9413072742945218	0.8830879051387149	0.8611801521180653
2	0.8015267175572519	0.8015267175572519	0.6966726889491117	0.8163634455117522	0.8015267175572519	0.786456326268465	0.8015267175572519	0.8015267175572519	0.7310522015844132	0.8057323427447848	0.9475555037585222	0.9392093916011203	0.874874747672761	0.8346257521700859
3	0.7633587786259542	0.7633587786259542	0.6970002281618503	0.7908648146913859	0.7633587786259542	0.7758349389852279	0.7633587786259542	0.7633587786259542	0.7221494694865769	0.7659419206620741	0.9472209812516322	0.9424972399843962	0.8669008427738883	0.8560742313534168
4	0.7964376590330788	0.7964376590330788	0.7349993776803073	0.7986348823122443	0.7964376590330788	0.769270498822522	0.7964376590330788	0.7964376590330788	0.7498214285714286	0.7965897249485036	0.9500050717928463	0.938568992715489	0.8709027657590026	0.8408040245707673
