Times	Accuary	p_micro	p_macro	p_weigh	r_micro	r_macro	r_weigh	F1_micro	F1_macro	F1_weigh	roc_micro	roc_macro	pr_micro	pr_macro
0	0.4578005115089514	0.4578005115089514	0.35849655548372306	0.4305572527158548	0.4578005115089514	0.41290913006029284	0.4578005115089514	0.4578005115089514	0.34819478328520265	0.39268700663905776	0.8271051776654174	0.781610494001548	0.5066310394632697	0.4951389800462006
1	0.4578005115089514	0.4578005115089514	0.33163011879016796	0.47103007079972314	0.4578005115089514	0.4709302325581395	0.4578005115089514	0.4578005115089514	0.3487587770244941	0.4410384618743017	0.8044186873014523	0.7760920827650557	0.4881677745713398	0.47745637937636876
2	0.41687979539641945	0.41687979539641945	0.32138716783698196	0.42100862269013706	0.41687979539641945	0.4065891472868217	0.41687979539641945	0.41687979539641945	0.3072379562688249	0.3462693154080305	0.8014992052642251	0.7783435399510102	0.4831036514239512	0.4901664943732012
3	0.4322250639386189	0.4322250639386189	0.35269636649776687	0.4582885279697644	0.4322250639386189	0.3996985357450473	0.4322250639386189	0.432225063938619	0.3664793325375632	0.44197409169992175	0.8109553617955578	0.7744576728200283	0.5026721230971382	0.4773177497265977
4	0.45268542199488493	0.45268542199488493	0.34191176470588236	0.4413720475402437	0.45268542199488493	0.43857665805340224	0.45268542199488493	0.45268542199488493	0.32802471444477393	0.3768704046376706	0.8151895919048148	0.7794201304531628	0.5085067042394794	0.49894017339714214
