Times	Accuary	p_micro	p_macro	p_weigh	r_micro	r_macro	r_weigh	F1_micro	F1_macro	F1_weigh	roc_micro	roc_macro	pr_micro	pr_macro
0	0.7620253164556962	0.7620253164556962	0.6472911509117504	0.7779797332900121	0.7620253164556962	0.6996972199284338	0.7620253164556962	0.7620253164556962	0.6675807746292748	0.7669320809986268	0.9388965443572077	0.923092988581659	0.8468735563146238	0.7584705304959402
1	0.810126582278481	0.810126582278481	0.7288321345425484	0.816620684650068	0.810126582278481	0.7585328929259565	0.810126582278481	0.810126582278481	0.7418329583421481	0.8122194127653967	0.9511979917748224	0.9372681083091405	0.8749644257697632	0.7831558719247955
2	0.8075949367088607	0.8075949367088607	0.7171150846702317	0.8205495667772288	0.8075949367088607	0.8034338012661713	0.8075949367088607	0.8075949367088607	0.7500689839399517	0.8112425503197247	0.9486150723708807	0.9343247469933675	0.8744297430061473	0.8222343128947421
3	0.7544303797468355	0.7544303797468355	0.665178641860577	0.7697902961153135	0.7544303797468355	0.7566749243049821	0.7544303797468355	0.7544303797468355	0.6996149022932971	0.7584428885022536	0.9409453613203013	0.9320041125909628	0.8559606208146825	0.8211885245778006
4	0.7746835443037975	0.7746835443037975	0.7012950961152613	0.7843686538644727	0.7746835443037975	0.6785198183319571	0.7746835443037975	0.7746835443037976	0.6853931621904392	0.7737351938458664	0.9417016503765422	0.9244482433288952	0.8482750510712449	0.7751723844330822
