Times	Accuary	p_micro	p_macro	p_weigh	r_micro	r_macro	r_weigh	F1_micro	F1_macro	F1_weigh	roc_micro	roc_macro	pr_micro	pr_macro
0	0.7877237851662404	0.7877237851662404	0.6932318141980719	0.7925007004669032	0.7877237851662404	0.7239771748492679	0.7877237851662404	0.7877237851662404	0.7065859246254101	0.7894438114672541	0.9266052245428362	0.8913678962356735	0.8252145482417861	0.7284035241026893
1	0.7698209718670077	0.7698209718670077	0.6882517744231816	0.7707860886529125	0.7698209718670077	0.6949504737295434	0.7698209718670077	0.7698209718670077	0.6911533007558192	0.7701001489809207	0.9290951786029656	0.8973235587751612	0.8370598288117689	0.764699396194847
2	0.7851662404092071	0.7851662404092071	0.6967034900084436	0.7913629417307373	0.7851662404092071	0.719282945736434	0.7851662404092071	0.7851662404092071	0.7061045396944337	0.7860967598061546	0.933668452369272	0.9084200793820941	0.8483022270100318	0.7580711558478023
3	0.7877237851662404	0.7877237851662404	0.7001162766921641	0.788506067749573	0.7877237851662404	0.7148471145564169	0.7877237851662404	0.7877237851662404	0.703262306656015	0.7871489940831855	0.9423887424423789	0.922816201154829	0.8670451722477894	0.7867471262898813
4	0.7851662404092071	0.7851662404092071	0.7464857478125195	0.7940714155813388	0.7851662404092071	0.7882105943152455	0.7851662404092071	0.7851662404092071	0.7586579931638002	0.7867103788241023	0.9353614903094564	0.9243775479404766	0.846015948375769	0.7877364024756863
