Times	Accuary	p_micro	p_macro	p_weigh	r_micro	r_macro	r_weigh	F1_micro	F1_macro	F1_weigh	roc_micro	roc_macro	pr_micro	pr_macro
0	0.48346055979643765	0.48346055979643765	0.42473067347928306	0.4889923529548558	0.48346055979643765	0.5185318989509741	0.48346055979643765	0.48346055979643765	0.4490675218327692	0.47424335739835444	0.8069308747008181	0.7721171278835117	0.5083042287219239	0.4850258338168548
1	0.49872773536895676	0.49872773536895676	0.4421229780014267	0.49629916377919236	0.49872773536895676	0.48431545707557266	0.49872773536895676	0.49872773536895676	0.4524924995529487	0.48268524553160097	0.8242958301229963	0.7722801046084454	0.5076182970123471	0.47364649247287116
2	0.4631043256997455	0.4631043256997455	0.3245993312579269	0.4960800812324757	0.4631043256997455	0.4730491329479769	0.4631043256997455	0.4631043256997455	0.33219232337352206	0.4595570008493621	0.7805402862217734	0.7659626377122215	0.4710114611659549	0.46862264318446584
3	0.49363867684478374	0.49363867684478374	0.4130647721073253	0.4975397709683888	0.49363867684478374	0.46770498822521944	0.49363867684478374	0.49363867684478374	0.42956668647345236	0.49140631229605963	0.8158291733840944	0.7708766513743109	0.5060521613188379	0.47297848918490415
4	0.4198473282442748	0.4198473282442748	0.3699010854341737	0.4402371953870607	0.4198473282442748	0.4459992506957825	0.4198473282442748	0.4198473282442748	0.3905961440892948	0.42018455905799484	0.7923996486434572	0.769436415165644	0.473532204039148	0.47166577898780787
