Times	Accuary	p_micro	p_macro	p_weigh	r_micro	r_macro	r_weigh	F1_micro	F1_macro	F1_weigh	roc_micro	roc_macro	pr_micro	pr_macro
0	0.5242966751918159	0.5242966751918159	0.3749649694049335	0.5146720422399275	0.5242966751918159	0.5087209302325582	0.5242966751918159	0.5242966751918159	0.39651754033961306	0.4891088689351759	0.8232110813857401	0.7907713261056322	0.5412123722643017	0.5266907484152787
1	0.42710997442455245	0.42710997442455245	0.3712605991569406	0.4404339033183148	0.42710997442455245	0.4630706287683032	0.42710997442455245	0.42710997442455245	0.39929418094921587	0.4285762652771601	0.7980902357607116	0.7863181309977024	0.4976764544610377	0.5290666522859726
2	0.49872122762148335	0.49872122762148335	0.42264136302883226	0.5315646391121965	0.49872122762148335	0.4829995693367787	0.49872122762148335	0.49872122762148335	0.41799335696275586	0.4714794487904296	0.8112562494140323	0.7871989484223281	0.5183494190407754	0.5232675043868313
3	0.40664961636828645	0.40664961636828645	0.3674506618055005	0.43367451497968784	0.40664961636828645	0.4716192937123169	0.40664961636828645	0.40664961636828645	0.3592411802900336	0.3494848305464526	0.780953813750564	0.7819485305152536	0.4628333367869405	0.5054323133474781
4	0.5115089514066496	0.5115089514066496	0.42156504013572715	0.5239589505355909	0.5115089514066496	0.5285637381567614	0.5115089514066496	0.5115089514066496	0.4393283399365805	0.5017582489543635	0.8170254424465218	0.7894511305686598	0.5091735740000962	0.5360998453504989
