Times	Accuary	p_micro	p_macro	p_weigh	r_micro	r_macro	r_weigh	F1_micro	F1_macro	F1_weigh	roc_micro	roc_macro	pr_micro	pr_macro
0	0.7723785166240409	0.7723785166240409	0.694075412151514	0.7917363902948509	0.7723785166240409	0.7763781223083549	0.7723785166240409	0.7723785166240409	0.7214145503619187	0.7785252841115002	0.9356209513717642	0.9262692243731152	0.8476910231461946	0.7829115750649815
1	0.7391304347826086	0.7391304347826086	0.6402536467337772	0.7850913028875426	0.7391304347826086	0.7399547803617571	0.7391304347826086	0.7391304347826085	0.6657469671303663	0.7468580333131551	0.9313714588470772	0.9303891675621045	0.8382696101763265	0.7906760313464498
2	0.7570332480818415	0.7570332480818415	0.6724651702786377	0.7768997489963815	0.7570332480818415	0.764416451335056	0.7570332480818415	0.7570332480818414	0.7049298710428994	0.7628278025591168	0.9389176331046151	0.9281100695301677	0.8561454989481727	0.7952147952057106
3	0.782608695652174	0.782608695652174	0.6902390828686726	0.7982160494332666	0.782608695652174	0.760099052540913	0.782608695652174	0.782608695652174	0.7161524032407901	0.7880992728742061	0.9566089529328912	0.9470121058799252	0.8869426311667493	0.8080510801054425
4	0.7723785166240409	0.7723785166240409	0.6866335956286114	0.7931666969267698	0.7723785166240409	0.7653316106804479	0.7723785166240409	0.7723785166240409	0.7142065198634293	0.778577180641651	0.9392708490045635	0.929953215619168	0.8606342852093103	0.8202551151480697
