Times	Accuary	Precision	Recall	MCC	AUROC	AUPR
0	0.8138823529411765	0.06775244299674267	0.40784313725490196	0.10389441344173715	0.6771814171393239	0.06524392667663782
1	0.7023529411764706	0.04699322978892871	0.4627450980392157	0.0645023645534617	0.6476081760781937	0.04982515468845479
2	0.17423529411764707	0.03118935403382312	0.8823529411764706	0.01651323799157867	0.6267396758582148	0.055384332809763626
3	0.548235294117647	0.049283379431732464	0.7686274509803922	0.1059988500871174	0.7040069441967205	0.06422181795897398
4	0.23823529411764705	0.03261196272918545	0.8509803921568627	0.02907006688521475	0.5763326555607082	0.03912381300291236
