Times	Accuary	Precision	Recall	MCC	AUROC	AUPR
0	0.7363636363636363	0.7909090909090909	0.7131147540983607	0.4755655540364707	0.832603305785124	0.8193700121184038
1	0.7931818181818182	0.8681818181818182	0.7549407114624506	0.593073673888349	0.880805785123967	0.8746913132981042
2	0.7818181818181819	0.7818181818181819	0.7818181818181819	0.5636363636363636	0.8759710743801653	0.8714556779910994
3	0.8	0.8363636363636363	0.7796610169491526	0.6015930993855523	0.8997727272727273	0.903870521418459
4	0.7818181818181819	0.7545454545454545	0.7980769230769231	0.564476706565153	0.866404958677686	0.8788405429787375
