Times	Accuary	p_micro	p_macro	p_weigh	r_micro	r_macro	r_weigh	F1_micro	F1_macro	F1_weigh	roc_micro	roc_macro	pr_micro	pr_macro
0	0.4708860759493671	0.4708860759493671	0.45651443341543996	0.657851428340939	0.4708860759493671	0.48546311588219104	0.4708860759493671	0.4708860759493671	0.33398728930643823	0.38047055915625805	0.7840089729210062	0.7882845126500897	0.503095563390708	0.5427563750968234
1	0.40759493670886077	0.40759493670886077	0.317924946034206	0.40469320595000463	0.40759493670886077	0.4388762730525736	0.40759493670886077	0.4075949367088607	0.3423256413464199	0.39714090596538676	0.8025466004379639	0.7821805700351709	0.4632931840397402	0.5138237554311529
2	0.44556962025316454	0.44556962025316454	0.4044426275063059	0.4512930928210515	0.44556962025316454	0.5338563170933113	0.44556962025316454	0.44556962025316454	0.4378791224980853	0.43412347007372865	0.7945094269080809	0.7844201770853718	0.4674442421676688	0.4916269394779044
3	0.4151898734177215	0.4151898734177215	0.33490100434141906	0.41637463773972033	0.4151898734177215	0.47161436829066883	0.4151898734177215	0.4151898734177215	0.36333475091970235	0.4051332851555292	0.7918175506062063	0.7887933878949165	0.47102499271675363	0.5181717373058091
4	0.49873417721518987	0.49873417721518987	0.4222391968389745	0.5082094068403343	0.49873417721518987	0.5283168180567024	0.49873417721518987	0.49873417721518987	0.4507763753274589	0.49739179611782186	0.8180291619932702	0.7898210629347489	0.5130326476146263	0.5162895529493289
