Times	Accuary	Precision	Recall	MCC	AUROC	AUPR
0	0.5636363636363636	0.55	0.7	0.13228756555322954	0.6072520661157025	0.5912023981591051
1	0.5363636363636364	0.5353982300884956	0.55	0.07275433515785173	0.5543801652892562	0.5465517010284038
2	0.5454545454545454	0.553763440860215	0.4681818181818182	0.09201458362691138	0.5890805785123967	0.5690531365808206
3	0.5454545454545454	0.5467289719626168	0.5318181818181819	0.09094291894731467	0.5789979338842974	0.5976836326129997
4	0.575	0.5781990521327014	0.5545454545454546	0.15012567429295345	0.6129338842975206	0.600319797441888
