Times	Accuary	Precision	Recall	MCC	AUROC	AUPR
0	0.5361990950226244	0.9321266968325792	0.5202020202020202	0.11854779319316988	0.897012755676583	0.9036782055176994
1	0.5429864253393665	0.497737556561086	0.5472636815920398	0.0863270799480373	0.727953973096374	0.7767939367383627
2	0.5452488687782805	0.4841628959276018	0.5515463917525774	0.09118077732527564	0.640384103519584	0.6920414314486165
3	0.5135746606334841	0.9366515837104072	0.5073529411764706	0.050942670810849335	0.9449028480170347	0.969080481568386
4	0.5859728506787331	0.6108597285067874	0.5818965517241379	0.1721590893695281	0.7811060379599106	0.8140918511194556
