Times	Accuary	p_micro	p_macro	p_weigh	r_micro	r_macro	r_weigh	F1_micro	F1_macro	F1_weigh	roc_micro	roc_macro	pr_micro	pr_macro
0	0.8734177215189873	0.8734177215189873	0.8459824201946227	0.8774813910379584	0.8734177215189873	0.8380298651252408	0.8734177215189873	0.8734177215189873	0.8406072707341207	0.8735833766069001	0.9698210756823159	0.9527731897985047	0.9300172033988217	0.9011110215151277
1	0.8556962025316456	0.8556962025316456	0.841730137332547	0.8570425328827037	0.8556962025316456	0.8279142581888247	0.8556962025316456	0.8556962025316456	0.8337933589387436	0.8557459967394166	0.9693895209101107	0.960322726696863	0.9257181594463346	0.8977708521623258
2	0.8632911392405064	0.8632911392405064	0.8060903970117332	0.8715850460598933	0.8632911392405064	0.8397330030278007	0.8632911392405064	0.8632911392405064	0.8189800240078345	0.863644434818732	0.9731186241521124	0.9751841081631223	0.9351985807597518	0.9224136891529728
3	0.8911392405063291	0.8911392405063291	0.8927648983570036	0.8934289133522978	0.8911392405063291	0.8660886319845857	0.8911392405063291	0.8911392405063291	0.8780421619510017	0.8907841051256674	0.9782150296426855	0.9766144763663518	0.946171301329035	0.9417047929598864
4	0.8936708860759494	0.8936708860759494	0.888109843208686	0.8945950375262046	0.8936708860759494	0.8421070740434902	0.8936708860759494	0.8936708860759494	0.8624563629079949	0.8932146914742595	0.9769865940287348	0.966626024167181	0.9446304914374096	0.9122194803861908
