Times	Accuary	p_micro	p_macro	p_weigh	r_micro	r_macro	r_weigh	F1_micro	F1_macro	F1_weigh	roc_micro	roc_macro	pr_micro	pr_macro
0	0.7620253164556962	0.7620253164556962	0.6338067031421462	0.774213478593546	0.7620253164556962	0.6772467657583265	0.7620253164556962	0.7620253164556962	0.6516681690671826	0.7665169286690573	0.922739945521551	0.9026346072929273	0.8224592596256958	0.7247825505363072
1	0.7772151898734178	0.7772151898734178	0.6979868069022481	0.7849518418207918	0.7772151898734178	0.7531826314340764	0.7772151898734178	0.7772151898734179	0.720609267642078	0.7786404398798372	0.9328761416439673	0.9112071078962866	0.8429292552618307	0.8069178702670226
2	0.7443037974683544	0.7443037974683544	0.6584774785736371	0.750806015081698	0.7443037974683544	0.6955339939443985	0.7443037974683544	0.7443037974683544	0.6745403337782857	0.7462433933297588	0.9203247342840356	0.8930281667643933	0.8159668090959805	0.7461171354664419
3	0.7746835443037975	0.7746835443037975	0.6738447284752889	0.7831800193935581	0.7746835443037975	0.7263109000825765	0.7746835443037975	0.7746835443037976	0.696050038185795	0.777596195929904	0.9349377770656412	0.9150044237844431	0.8495217170760719	0.7898143778509531
4	0.7493670886075949	0.7493670886075949	0.6710536953006833	0.7584390958540722	0.7493670886075949	0.7402628681530415	0.7493670886075949	0.7493670886075949	0.6996217829829738	0.7521680659977616	0.9363638305827058	0.9259311323501523	0.8442306239858883	0.8234076202531552
