Times	Accuary	Precision	Recall	MCC	AUROC	AUPR
0	0.7760180995475113	0.7601809954751131	0.7850467289719626	0.5523133242988668	0.8696586883970434	0.8728793273663222
1	0.7986425339366516	0.8009049773755657	0.7972972972972973	0.5972911825540009	0.8700477058209292	0.8657096896975562
2	0.8167420814479638	0.8280542986425339	0.8097345132743363	0.633646354359163	0.8790974795765852	0.8779513505036505
3	0.7941176470588235	0.7963800904977375	0.7927927927927928	0.5882413161516675	0.8538727708277881	0.8440158616444321
4	0.7692307692307693	0.7692307692307693	0.7692307692307693	0.5384615384615384	0.8415675354722467	0.8411622950009294
