Times	Accuary	p_micro	p_macro	p_weigh	r_micro	r_macro	r_weigh	F1_micro	F1_macro	F1_weigh	roc_micro	roc_macro	pr_micro	pr_macro
0	0.5521628498727735	0.5521628498727735	0.43557402961644864	0.6068152638863826	0.5521628498727735	0.5022746735174481	0.5521628498727735	0.5521628498727735	0.44686500441064336	0.5719367012537042	0.7907443017867819	0.7538909990000647	0.5327674546944419	0.427129450754938
1	0.55470737913486	0.55470737913486	0.4549007533050086	0.6137872788568474	0.55470737913486	0.5492721044744167	0.55470737913486	0.55470737913486	0.47156300178455873	0.5730863719054241	0.7960858708484139	0.7704947732842296	0.5742106812528484	0.49943045776511374
2	0.55470737913486	0.55470737913486	0.42092707614446745	0.5956557679801401	0.55470737913486	0.4581674159708842	0.55470737913486	0.55470737913486	0.42925803340288027	0.5713421582842295	0.7961074529456327	0.7276525488739412	0.5334693284283789	0.4203773019272798
3	0.5903307888040712	0.5903307888040712	0.46853741496598633	0.6362881030274705	0.5903307888040712	0.5174694926140013	0.5903307888040712	0.5903307888040712	0.4777556545006062	0.6081116165276638	0.8075179077451672	0.7662568202474381	0.5485593698832311	0.4489474161010657
4	0.5648854961832062	0.5648854961832062	0.452026096124301	0.5992712391337272	0.5648854961832062	0.5049266752301435	0.5648854961832062	0.5648854961832062	0.4587460191280056	0.5766584568408821	0.8099243115850541	0.7584808201818318	0.5625318826874077	0.44561758263535023
