Times	Accuary	Precision	Recall	MCC	AUROC	AUPR
0	0.5943686216648223	0.042527702905061394	0.5819672131147541	0.06128199491221649	0.642129059138165	0.05604577597708178
1	0.7781876306406	0.06228956228956229	0.45491803278688525	0.10025898291421236	0.6835563214187008	0.062004413690328955
2	0.7357678593384975	0.0546984572230014	0.47950819672131145	0.08648486448736416	0.6558358910206991	0.0601200587230001
3	0.5278495020287717	0.045040485829959516	0.7295081967213115	0.08571160451261362	0.6791311932572642	0.0671301405340953
4	0.6869543833763679	0.057987711213517666	0.6188524590163934	0.1125875530186477	0.7064235530277685	0.06686382759169422
