Times	Accuary	p_micro	p_macro	p_weigh	r_micro	r_macro	r_weigh	F1_micro	F1_macro	F1_weigh	roc_micro	roc_macro	pr_micro	pr_macro
0	0.4708860759493671	0.4708860759493671	0.36897250293446826	0.48931417698199975	0.4708860759493671	0.4738164051747867	0.4708860759493671	0.4708860759493671	0.3868454433324924	0.461383010659056	0.7960828926988195	0.7794103947121118	0.4914813870195244	0.5053927753483889
1	0.4708860759493671	0.4708860759493671	0.3893190345806713	0.48900288696424604	0.4708860759493671	0.47976878612716756	0.4708860759493671	0.4708860759493671	0.41319389552983565	0.4713049868969452	0.8000427281952678	0.7799224052620204	0.4789139764073926	0.49770598150206014
2	0.49873417721518987	0.49873417721518987	0.4202825966043775	0.5070720741978271	0.49873417721518987	0.5106317093311313	0.49873417721518987	0.49873417721518987	0.4428046898526954	0.4892666418741485	0.8157538855952571	0.7858451796405717	0.506760669206718	0.5179059982632311
3	0.45569620253164556	0.45569620253164556	0.44020954535660417	0.49659736143727207	0.45569620253164556	0.4799408202587393	0.45569620253164556	0.45569620253164556	0.4200454147485707	0.44518291438439284	0.7951952144421299	0.7626504920911285	0.47785885943882817	0.46785820068141837
4	0.47848101265822784	0.47848101265822784	0.406898906980424	0.5015417083241166	0.47848101265822784	0.4975399119185246	0.47848101265822784	0.47848101265822784	0.43240018548926595	0.4827046906189929	0.7976990866848261	0.7823048079387097	0.4751076130439974	0.5007208119683626
