Times	Accuary	p_micro	p_macro	p_weigh	r_micro	r_macro	r_weigh	F1_micro	F1_macro	F1_weigh	roc_micro	roc_macro	pr_micro	pr_macro
0	0.5959079283887468	0.5959079283887468	0.44934090163792956	0.6301633047438683	0.5959079283887468	0.47843453919035317	0.5959079283887468	0.5959079283887468	0.453722990950466	0.6082834709175429	0.8230475555061343	0.7729712527703565	0.5750934684999918	0.42989106173260827
1	0.6035805626598465	0.6035805626598465	0.4494414448452555	0.6205444254226529	0.6035805626598465	0.46718346253229975	0.6035805626598465	0.6035805626598465	0.45180015858229644	0.610499170770554	0.8159592537114922	0.7508600211960104	0.5606907062170675	0.4039399288487596
2	0.5703324808184144	0.5703324808184144	0.426620579855874	0.6003254901103554	0.5703324808184144	0.4879091300602928	0.5703324808184144	0.5703324808184144	0.4373101071338559	0.5802257686469998	0.8292680799663356	0.7866472351047868	0.5868034666665132	0.47430700332487463
3	0.6010230179028133	0.6010230179028133	0.472267316017316	0.6718398821979384	0.6010230179028133	0.5443798449612403	0.6010230179028133	0.6010230179028133	0.4792686445161774	0.6265377597106097	0.8170668690026883	0.7647446489435135	0.5687746027090752	0.4494379248105214
4	0.6445012787723785	0.6445012787723785	0.48913511405168797	0.6742918444422532	0.6445012787723785	0.5262273901808785	0.6445012787723785	0.6445012787723785	0.5006705985548947	0.6567828629185513	0.828206251921429	0.7803180823944407	0.6138629064083031	0.47255323217618755
