Times	Accuary	Precision	Recall	MCC	AUROC	AUPR
0	0.5243627340401534	0.040688212043710766	0.6578947368421053	0.060801655526312844	0.6097471148802238	0.04216482026598351
1	0.21170764719151816	0.03293038766152564	0.8909774436090225	0.035643134957394185	0.5787569942297603	0.040970091356399584
2	0.8056620798556282	0.05768063145112325	0.35714285714285715	0.07749729801286398	0.6651783528588914	0.058232471656976016
3	0.7869388675840289	0.04384485666104553	0.2932330827067669	0.04065482884087404	0.5697694089875852	0.04255889833088449
4	0.09000676742612226	0.030904280904280903	0.9661654135338346	0.020560430272238667	0.5877861077111384	0.03855061940692191
