Times	Accuary	Precision	Recall	MCC	AUROC	AUPR
0	0.5	nan	0.0	nan	0.6670829835588952	0.6511908017012316
1	0.665158371040724	0.6607929515418502	0.6787330316742082	0.330438545284618	0.7073155750291763	0.6878289643800809
2	0.502262443438914	0.5011337868480725	1.0	0.047619047619047616	0.6176368215229008	0.5998483079806026
3	0.5	0.5	1.0	nan	0.6257038144182142	0.6034171088645593
4	0.5	0.5	1.0	nan	0.6611862983968387	0.6278029363487359
