Times	Accuary	p_micro	p_macro	p_weigh	r_micro	r_macro	r_weigh	F1_micro	F1_macro	F1_weigh	roc_micro	roc_macro	pr_micro	pr_macro
0	0.9156010230179028	0.9156010230179028	0.8916554795756318	0.9165008365495955	0.9156010230179028	0.8876722652885444	0.9156010230179028	0.9156010230179028	0.8889776213719877	0.915168940456214	0.98813456217581	0.9837846446078548	0.9713859939978613	0.9459952022170666
1	0.887468030690537	0.887468030690537	0.8425673788577014	0.8908011247339686	0.887468030690537	0.8638781223083548	0.887468030690537	0.887468030690537	0.8517471218921683	0.8873514087319507	0.9750121554237172	0.962387705206293	0.9451823836446435	0.9163066638503661
2	0.8797953964194374	0.8797953964194374	0.8332268845803877	0.883200831618249	0.8797953964194374	0.8705641688199828	0.8797953964194374	0.8797953964194374	0.8494864673732325	0.8800078086678969	0.9765264050688662	0.9728313464263202	0.9398807672215471	0.9312385528507985
3	0.8900255754475703	0.8900255754475703	0.8648717601842602	0.8917860272719609	0.8900255754475703	0.8809431524547803	0.8900255754475703	0.8900255754475703	0.871977417336821	0.88998454013101	0.9812653850598395	0.9773695576716535	0.9540265873925309	0.9453314462035382
4	0.8797953964194374	0.8797953964194374	0.8699997651920729	0.8814707840086554	0.8797953964194374	0.8328596037898363	0.8797953964194374	0.8797953964194374	0.8478742728226403	0.8794629668214315	0.9675150389300612	0.9562362525562108	0.9232198107597721	0.8937860753329204
