Times	Accuary	p_micro	p_macro	p_weigh	r_micro	r_macro	r_weigh	F1_micro	F1_macro	F1_weigh	roc_micro	roc_macro	pr_micro	pr_macro
0	0.7709923664122137	0.7709923664122137	0.6994119348308108	0.778442344813274	0.7709923664122137	0.7287117319631771	0.7709923664122137	0.7709923664122138	0.7066228223070579	0.772882933935074	0.9249741554385805	0.902587196056784	0.8171545619233016	0.7494760245484406
1	0.727735368956743	0.727735368956743	0.6472206137811234	0.7360093250293571	0.727735368956743	0.708718689788054	0.727735368956743	0.727735368956743	0.6722534521554726	0.7299354786994278	0.9083721271530839	0.891798189320167	0.7822773126940475	0.761417888724442
2	0.7251908396946565	0.7251908396946565	0.6701387995299002	0.7394601632226102	0.7251908396946565	0.7371976022265039	0.7251908396946565	0.7251908396946565	0.695841845420497	0.7282168541924953	0.9172920079335789	0.8945098323945277	0.8073830067304952	0.7656677190310843
3	0.8040712468193384	0.8040712468193384	0.7719056921033907	0.8068353057695429	0.8040712468193384	0.8119192892314279	0.8040712468193384	0.8040712468193384	0.7899379814967606	0.8042949607864306	0.9515816439946735	0.9373651533136865	0.8792367565426995	0.8602185799504045
4	0.7582697201017812	0.7582697201017812	0.7001697893229395	0.7636245565730618	0.7582697201017812	0.7182455576964247	0.7582697201017812	0.7582697201017812	0.7039193962748876	0.7597512015832627	0.9277334265679933	0.894089197374465	0.831840137760806	0.7795135652045511
