Times	Accuary	Precision	Recall	MCC	AUROC	AUPR
0	0.5477272727272727	0.38636363636363635	0.5704697986577181	0.10085087394435786	0.6147314049586777	0.6407737292856514
1	0.5454545454545454	0.5727272727272728	0.5431034482758621	0.09104463009115371	0.6782851239669422	0.7085174525187695
2	0.5590909090909091	0.4	0.5866666666666667	0.12466045838619987	0.6805578512396695	0.7386204162394505
3	0.5409090909090909	0.5045454545454545	0.5441176470588235	0.0820354226434844	0.6664462809917355	0.6942717940365825
4	0.5409090909090909	0.8227272727272728	0.5261627906976745	0.09905072696163268	0.8422727272727273	0.8628357513321937
