Times	Accuary	Precision	Recall	MCC	AUROC	AUPR
0	0.7727272727272727	0.7681818181818182	0.7752293577981652	0.5454770862957417	0.8603099173553719	0.8507314372170951
1	0.759090909090909	0.7363636363636363	0.7714285714285715	0.5187179609203506	0.8640909090909091	0.863329727380947
2	0.75	0.7863636363636364	0.7330508474576272	0.5013275828212935	0.8583057851239668	0.8506722623930634
3	0.8045454545454546	0.8227272727272728	0.793859649122807	0.6094940136413814	0.9007851239669422	0.8969700997072276
4	0.7931818181818182	0.7772727272727272	0.8028169014084507	0.5866606782293576	0.873305785123967	0.8698992785113673
