Times	Accuary	Precision	Recall	MCC	AUROC	AUPR
0	0.5454545454545454	0.5304878048780488	0.7909090909090909	0.10434798389121028	0.5809504132231404	0.5703369486129297
1	0.5454545454545454	0.5340136054421769	0.7136363636363636	0.09653391119992656	0.5533057851239669	0.5466512613766872
2	0.5	nan	0.0	nan	0.554400826446281	0.5562617454769344
3	0.5181818181818182	0.5093457943925234	0.990909090909091	0.11162911443718951	0.5905061983471074	0.5798310891847658
4	0.5	nan	0.0	nan	0.5640392561983472	0.5481134192810827
