Times	Accuary	p_micro	p_macro	p_weigh	r_micro	r_macro	r_weigh	F1_micro	F1_macro	F1_weigh	roc_micro	roc_macro	pr_micro	pr_macro
0	0.640506329113924	0.640506329113924	0.5330322351599223	0.6967543277968	0.640506329113924	0.6407927332782823	0.640506329113924	0.640506329113924	0.5561016916689886	0.6564987197236812	0.8553266036425785	0.8330124101432472	0.6559701456360292	0.5848769347664502
1	0.6531645569620254	0.6531645569620254	0.5215986244460274	0.7041397169843465	0.6531645569620254	0.5970788604459125	0.6531645569620254	0.6531645569620254	0.5312086086638748	0.6687045312380479	0.8465993697591198	0.8317842585556652	0.6400583049560169	0.5542174472944543
2	0.6860759493670886	0.6860759493670886	0.5622762654012654	0.7012471178610419	0.6860759493670886	0.6054913294797688	0.6860759493670886	0.6860759493670886	0.5788605020761599	0.6914049876860058	0.8653250013352562	0.8415443689070938	0.7119802886390684	0.588505792997389
3	0.6683544303797468	0.6683544303797468	0.534054144458336	0.6941380141372562	0.6683544303797468	0.5923135150013763	0.6683544303797468	0.6683544303797468	0.5496443282619969	0.6775283960180838	0.8619302462212252	0.8264290105750729	0.6530264680262724	0.5448293329743179
4	0.6658227848101266	0.6658227848101266	0.5302656324319478	0.7092911597951855	0.6658227848101266	0.5699490778970548	0.6658227848101266	0.6658227848101266	0.5367728179048933	0.6757566555417044	0.8436489878758746	0.7992950534255601	0.5880187231088198	0.4979319288804822
