Times	Accuary	Precision	Recall	MCC	AUROC	AUPR
0	0.5022727272727273	0.5011441647597255	0.9954545454545455	0.027618408833305373	0.6208161157024794	0.6118490529076721
1	0.575	0.5514018691588785	0.8045454545454546	0.16884489835811703	0.6201342975206611	0.623332330036173
2	0.5727272727272728	0.5816326530612245	0.5181818181818182	0.14632786278045254	0.6145351239669423	0.6051780010831515
3	0.5	0.5	1.0	nan	0.6795661157024793	0.6662939290380371
4	0.5704545454545454	0.5474006116207951	0.8136363636363636	0.16126814696513692	0.6608161157024793	0.6422741416506308
