Times	Accuary	p_micro	p_macro	p_weigh	r_micro	r_macro	r_weigh	F1_micro	F1_macro	F1_weigh	roc_micro	roc_macro	pr_micro	pr_macro
0	0.5873417721518988	0.5873417721518988	0.43447055676076585	0.6272783155681986	0.5873417721518988	0.45490985411505636	0.5873417721518988	0.5873417721518988	0.43757335930619634	0.6044029900308235	0.7876130961918496	0.7314191970707091	0.5327023325524013	0.3973091292355285
1	0.579746835443038	0.579746835443038	0.4484101760036161	0.6407768590844608	0.579746835443038	0.4953894852738783	0.579746835443038	0.579746835443038	0.4509216112229981	0.602308559089723	0.7924456550766437	0.7535817517127976	0.5553761657168451	0.43105500733948127
2	0.5974683544303797	0.5974683544303797	0.4466701629463296	0.6518385837056662	0.5974683544303797	0.48007844756399665	0.5974683544303797	0.5974683544303797	0.4474582011171111	0.6151117428206269	0.8166810874325696	0.7567926820089239	0.5950303647522341	0.45912294163293954
3	0.589873417721519	0.589873417721519	0.44804424982578805	0.6382492663364875	0.589873417721519	0.4877339664189375	0.589873417721519	0.589873417721519	0.452983895243829	0.6056072291360245	0.8097014367355659	0.7485050730819932	0.5811852657122674	0.4368007778581837
4	0.6253164556962025	0.6253164556962025	0.48734909791277614	0.6783811856546146	0.6253164556962025	0.5438515001376273	0.6253164556962025	0.6253164556962025	0.4986842262578973	0.6457117752838775	0.8195417401057522	0.7801176845866599	0.5932962364258632	0.4528455706531976
