Times	Accuary	Precision	Recall	MCC	AUROC	AUPR
0	0.5363636363636364	0.6727272727272727	0.5285714285714286	0.07559289460184544	0.750392561983471	0.7404777873420799
1	0.5318181818181819	0.6636363636363637	0.5251798561151079	0.06597025008621997	0.7435330578512397	0.7691271986370387
2	0.5159090909090909	0.6954545454545454	0.5117056856187291	0.03409203216557757	0.7257644628099174	0.7376315804513324
3	0.5340909090909091	0.5818181818181818	0.5311203319502075	0.06849457883056882	0.714400826446281	0.7448647311150358
4	0.525	0.40454545454545454	0.5329341317365269	0.05151730383232759	0.6433471074380165	0.6699283667362954
