Times	Accuary	p_micro	p_macro	p_weigh	r_micro	r_macro	r_weigh	F1_micro	F1_macro	F1_weigh	roc_micro	roc_macro	pr_micro	pr_macro
0	0.8392680514342236	0.8392680514342236	0.4605655876023873	0.8957013691156587	0.8392680514342236	0.45311485899721193	0.8392680514342236	0.8392680514342236	0.44897094606949045	0.8659490710443839	0.9462456214414275	0.7523340039413777	0.882011916854783	0.43840494622215787
1	0.7920375865479723	0.7920375865479723	0.4540449780698801	0.88944358197922	0.7920375865479723	0.4202682937977056	0.7920375865479723	0.7920375865479722	0.4291413363753065	0.8373815516133684	0.932239920713888	0.7695148561228509	0.8652827024252985	0.4317678063110781
2	0.799455984174085	0.799455984174085	0.4559545870265108	0.8907060393217807	0.799455984174085	0.4328785593491476	0.799455984174085	0.799455984174085	0.4336818176853849	0.8419330506015389	0.9427953613124082	0.7821620918440253	0.87244066069335	0.4412531589288864
3	0.7601384767556875	0.7601384767556875	0.45305235823178003	0.8868610110167332	0.7601384767556875	0.41289364230540704	0.7601384767556875	0.7601384767556874	0.41923922746770975	0.8165839705724287	0.9156704233158305	0.7259906611718113	0.8230986769580027	0.4268614482225982
4	0.8422354104846687	0.8422354104846687	0.4563755081659451	0.8926936299137331	0.8422354104846687	0.44136386489327667	0.8422354104846687	0.8422354104846687	0.44468950600346135	0.8662469987429999	0.9448984737782187	0.7492636927161742	0.8835603654278672	0.43342295869519
