Times	Accuary	p_micro	p_macro	p_weigh	r_micro	r_macro	r_weigh	F1_micro	F1_macro	F1_weigh	roc_micro	roc_macro	pr_micro	pr_macro
0	0.7801681503461919	0.7801681503461919	0.41227355072463767	0.8057763305332167	0.7801681503461919	0.4053955848073495	0.7801681503461919	0.7801681503461919	0.4049764887870571	0.788593915888639	0.9243459698835395	0.8104229826079018	0.8050182293784889	0.42654065112714656
1	0.7678041543026706	0.7678041543026706	0.4145028521490737	0.8102012387104572	0.7678041543026706	0.40353078294254763	0.7678041543026706	0.7678041543026706	0.4033415969246402	0.7847427068744628	0.9185621940389967	0.8154062217773074	0.7921867078664786	0.4150173661545473
2	0.755192878338279	0.755192878338279	0.4073156194082269	0.7955274949231809	0.755192878338279	0.39712052653229124	0.755192878338279	0.7551928783382789	0.39509846557442774	0.7677990976880674	0.9150035604069056	0.7889267517645857	0.7811269991329062	0.4143011132786799
3	0.7386251236399605	0.7386251236399605	0.40897906630743486	0.7994800952426446	0.7386251236399605	0.39311897253073724	0.7386251236399605	0.7386251236399606	0.39198282775686266	0.7622319102184271	0.913841658668592	0.7916421051961219	0.7796502320267156	0.4157786591268499
4	0.7495054401582592	0.7495054401582592	0.40667227238524295	0.7933817131671715	0.7495054401582592	0.3986493898258604	0.7495054401582592	0.7495054401582592	0.3951410015500535	0.7661645337078711	0.9161281826385201	0.8094622140201668	0.7851447784757508	0.4137947941641341
