Times	Accuary	p_micro	p_macro	p_weigh	r_micro	r_macro	r_weigh	F1_micro	F1_macro	F1_weigh	roc_micro	roc_macro	pr_micro	pr_macro
0	0.6102868447082097	0.6102868447082097	0.3552341173636899	0.6745802080135294	0.6102868447082097	0.39026463732346084	0.6102868447082097	0.6102868447082097	0.343638796113929	0.6345330741353957	0.8483906667279771	0.6264349572980572	0.6351655318428013	0.3675782235057431
1	0.5929772502472799	0.5929772502472799	0.3442397631619024	0.6687894873959513	0.5929772502472799	0.3323460852872618	0.5929772502472799	0.5929772502472799	0.32406555309407004	0.622707730884772	0.8459421226384483	0.6286198803073582	0.6115977396982496	0.35362520945226583
2	0.548219584569733	0.548219584569733	0.3310358881859181	0.6424101660713032	0.548219584569733	0.3272750125691302	0.548219584569733	0.548219584569733	0.30277747850983905	0.5794605086524187	0.830723584422327	0.6145544549748624	0.5928152356355538	0.34867392409973885
3	0.6083086053412463	0.6083086053412463	0.351250946698365	0.6752745644119875	0.6083086053412463	0.36716029068970246	0.6083086053412463	0.6083086053412463	0.33670033469813077	0.6351789035395383	0.8476851077318635	0.6351123566056035	0.6336236566693945	0.36317211915024855
4	0.5776458951533135	0.5776458951533135	0.35053344558859867	0.6839798252986183	0.5776458951533135	0.32455322455322455	0.5776458951533135	0.5776458951533135	0.32089791808675616	0.6209890914146755	0.8358839119830234	0.6139012069786012	0.6185122748887653	0.3576980723193601
