Times	Accuary	p_micro	p_macro	p_weigh	r_micro	r_macro	r_weigh	F1_micro	F1_macro	F1_weigh	roc_micro	roc_macro	pr_micro	pr_macro
0	0.751730959446093	0.751730959446093	0.5066862794618483	0.8086740866992038	0.751730959446093	0.48817587641117055	0.751730959446093	0.7517309594460931	0.4753061043131578	0.7372056142053703	0.9502710438229263	0.9466041950742059	0.8647426869977343	0.582072652986267
1	0.8405044510385756	0.8405044510385756	0.548391231701939	0.8588923440703826	0.8405044510385756	0.5288792906439965	0.8405044510385756	0.8405044510385756	0.5313772813261373	0.8358955142815424	0.9693150525557476	0.8976327884965756	0.9161055083516307	0.6183378647098056
2	0.862759643916914	0.862759643916914	0.559591945861448	0.883536748808796	0.862759643916914	0.6374262991910051	0.862759643916914	0.862759643916914	0.5795995032849981	0.8607897892867714	0.9759804612174097	0.9692378332323277	0.9335703461379241	0.6440987933396733
3	0.8748763600395648	0.8748763600395648	0.5607328595259122	0.8830209352458431	0.8748763600395648	0.5728689611042552	0.8748763600395648	0.8748763600395648	0.5631051294186334	0.872763165223324	0.9800594181119456	0.9673229267499031	0.944757486255845	0.6171197719025774
4	0.826162215628091	0.826162215628091	0.5588436208464116	0.8511294608708563	0.826162215628091	0.5392682480917774	0.826162215628091	0.826162215628091	0.5397251646705219	0.8204787405887989	0.9666612673548435	0.9240476289069777	0.9074256153768447	0.6326139472141854
