Times	Accuary	p_micro	p_macro	p_weigh	r_micro	r_macro	r_weigh	F1_micro	F1_macro	F1_weigh	roc_micro	roc_macro	pr_micro	pr_macro
0	0.4493076162215628	0.4493076162215628	0.17682275298554367	0.34787384341072836	0.4493076162215628	0.22838109602815485	0.4493076162215628	0.4493076162215628	0.17006119524244118	0.33457143158972846	0.797770243200169	0.5308310892098939	0.44968578683706056	0.223163842385762
1	0.46958456973293766	0.46958456973293766	0.1929581749807982	0.3796180119058433	0.46958456973293766	0.23868778280542985	0.46958456973293766	0.46958456973293766	0.1733661471151217	0.34107345856773197	0.8083094899397103	0.473662261891292	0.4873643905643607	0.24327317988651917
2	0.4678536102868447	0.4678536102868447	0.17860590182018754	0.3513819374088556	0.4678536102868447	0.23780794369029665	0.4678536102868447	0.4678536102868447	0.16865549173602157	0.33180590807413146	0.8019019804569779	0.46325007732008644	0.47483348214956994	0.23129702969038468
3	0.47799208704253215	0.47799208704253215	0.20128456965624192	0.3959990198281555	0.47799208704253215	0.24296128707893414	0.47799208704253215	0.47799208704253215	0.17314726405395975	0.34064283699636594	0.8046975358103394	0.4583597200846302	0.4767648723490344	0.2363940249903331
4	0.4638971315529179	0.4638971315529179	0.18752555991243475	0.36893010748351407	0.4638971315529179	0.23579688285570638	0.4638971315529179	0.4638971315529179	0.17235872281248674	0.33909149324830473	0.804932331478693	0.4688838167799243	0.46584718179153595	0.22659176290148478
