Times	Accuary	p_micro	p_macro	p_weigh	r_micro	r_macro	r_weigh	F1_micro	F1_macro	F1_weigh	roc_micro	roc_macro	pr_micro	pr_macro
0	0.4000989119683482	0.4000989119683482	0.22784225711206116	0.43868273926398577	0.4000989119683482	0.23430686960098723	0.4000989119683482	0.4000989119683482	0.2206502331761691	0.4175665020182856	0.7623209075376919	0.4477166235962675	0.46393829533653574	0.26144259916229384
1	0.3724035608308605	0.3724035608308605	0.22641854845950254	0.4418507957864351	0.3724035608308605	0.2113899172722702	0.3724035608308605	0.37240356083086046	0.20796480728692787	0.4024992323599622	0.7589252927654031	0.4276937256023958	0.46335132213684777	0.25791687619006687
2	0.40059347181008903	0.40059347181008903	0.23575869841842945	0.4602262243406444	0.40059347181008903	0.22129896247543307	0.40059347181008903	0.40059347181008903	0.22082228176710977	0.4279189719241944	0.760542049326841	0.45503079020094195	0.4640050419059029	0.2630321239903366
3	0.39688427299703266	0.39688427299703266	0.23267830983510313	0.4549920526328655	0.39688427299703266	0.21499382969971204	0.39688427299703266	0.39688427299703266	0.21754685618011352	0.42298503433938167	0.7707722267389739	0.4591840591477119	0.4743039050015379	0.26451199337197107
4	0.40875370919881304	0.40875370919881304	0.2375153330867802	0.4634973918123184	0.40875370919881304	0.22544677544677544	0.40875370919881304	0.40875370919881304	0.22406007727028912	0.43398680814151186	0.7748483504725305	0.4482216272305205	0.4764904907977663	0.2606146590454567
