Times	Accuary	Precision	Recall	MCC	AUROC	AUPR
0	0.745985401459854	0.7182481751824817	0.7604327666151468	0.4927295537490843	0.8675539453353935	0.8998392620490389
1	0.7437956204379562	0.7401459854014598	0.7455882352941177	0.48760423066560943	0.8806691885555971	0.911444812711347
2	0.7372262773722628	0.689051094890511	0.7625201938610663	0.4766702724260986	0.8615291171612767	0.8852657613456092
3	0.7065693430656934	0.7532846715328467	0.6889185580774366	0.4149537813966478	0.8658596622089616	0.8956264723074899
4	0.7423357664233576	0.7562043795620438	0.7357954545454546	0.48485808241934064	0.8726474505834088	0.9048435545010873
