Times	Accuary	Precision	Recall	MCC	AUROC	AUPR
0	0.9423357664233577	0.925561797752809	0.962043795620438	0.8853595588484849	0.9853034258617934	0.9844719301236318
1	0.9343065693430657	0.912621359223301	0.9605839416058394	0.8698151845527139	0.9846384996536842	0.9852379039889353
2	0.92992700729927	0.8921438082556591	0.9781021897810219	0.8638732014122218	0.9871021365016783	0.9869177250348998
3	0.9284671532846716	0.8960863697705803	0.9693430656934306	0.859812341442641	0.9808343545207523	0.9787718041115039
4	0.9262773722627737	0.8903743315508021	0.9722627737226277	0.8561835035332126	0.9820533859022857	0.9811890102191659
