Times	Accuary	p_micro	p_macro	p_weigh	r_micro	r_macro	r_weigh	F1_micro	F1_macro	F1_weigh	roc_micro	roc_macro	pr_micro	pr_macro
0	0.6743323442136498	0.6743323442136498	0.4270620329098822	0.7266709752387208	0.6743323442136498	0.6912707390648567	0.6743323442136498	0.6743323442136498	0.4506792460118574	0.6921693454558587	0.8865649223526372	0.7903240590644768	0.654406923544494	0.4384290890643255
1	0.6008902077151336	0.6008902077151336	0.40097732434924876	0.7381249672775847	0.6008902077151336	0.5161827551533434	0.6008902077151336	0.6008902077151336	0.3790281735151386	0.6577929110180423	0.8312353062895683	0.7293071080211527	0.5597454533038984	0.37404269762254144
2	0.6750741839762612	0.6750741839762612	0.42058264865327727	0.7154689307364801	0.6750741839762612	0.6646241830065359	0.6750741839762612	0.6750741839762612	0.44766140468487714	0.6913404197702464	0.8724055786937163	0.7991884356919761	0.6254834271155761	0.4229650716001432
3	0.5971810089020771	0.5971810089020771	0.3967887239290847	0.7293297549797824	0.5971810089020771	0.6385432378079436	0.5971810089020771	0.5971810089020771	0.3779595024200893	0.6519151463618056	0.8398800142057545	0.7509414346263196	0.589697439127828	0.4902819174295542
4	0.6431750741839762	0.6431750741839762	0.3965967849466122	0.6930093727468319	0.6431750741839762	0.599798893916541	0.6431750741839762	0.6431750741839762	0.4118369693019399	0.6613014337145581	0.8678890512962751	0.776350453672713	0.6229997767151159	0.40034726091507084
