Times	Accuary	Precision	Recall	MCC	AUROC	AUPR
0	0.7182481751824817	0.7167883211678832	0.718887262079063	0.4364982108759812	0.833521231818424	0.8600581238066496
1	0.737956204379562	0.7182481751824817	0.7477203647416414	0.47628253495809586	0.8585689168309447	0.8890776590463048
2	0.7510948905109489	0.7051094890510949	0.7765273311897106	0.5043272692044951	0.8733507379189088	0.9001785384558956
3	0.7386861313868613	0.7357664233576642	0.7400881057268722	0.4773804018877337	0.8718631786456391	0.8997930810965324
4	0.7423357664233576	0.7226277372262774	0.7522796352583586	0.4850484711843185	0.8662113058767115	0.8962092366424588
