Times	Accuary	Precision	Recall	MCC	AUROC	AUPR
0	0.8007299270072993	0.7576642335766424	0.829073482428115	0.6037033442432574	0.911443337418083	0.9315713672963299
1	0.8131386861313868	0.7489051094890511	0.8592964824120602	0.6315102146769516	0.9087601896744631	0.9305247824824059
2	0.8051094890510949	0.743065693430657	0.8483333333333334	0.6149719312216422	0.9014630507752144	0.9239966052408674
3	0.8321167883211679	0.8116788321167884	0.8462709284627092	0.6647891870776413	0.9167861899941392	0.9348821872545822
4	0.8306569343065694	0.7839416058394161	0.8647342995169082	0.6642193037903938	0.9228301987319516	0.941819752922907
