Times	Accuary	p_micro	p_macro	p_weigh	r_micro	r_macro	r_weigh	F1_micro	F1_macro	F1_weigh	roc_micro	roc_macro	pr_micro	pr_macro
0	0.8895478131949592	0.8895478131949592	0.6421349578646223	0.9068721124429574	0.8895478131949592	0.830569778518695	0.8895478131949592	0.8895478131949592	0.6979848853047139	0.8950954212859392	0.9866346192065324	0.9728845625715612	0.9657873612104443	0.8555049632454519
1	0.9132690882134915	0.9132690882134915	0.6772074407148585	0.9279373358852026	0.9132690882134915	0.8426361435262364	0.9132690882134915	0.9132690882134915	0.7298329583264258	0.9178962234853085	0.9888191071441328	0.9650364492985395	0.9717440612822041	0.874418970666477
2	0.9006671608598962	0.9006671608598962	0.6349414239244747	0.9230346531925857	0.9006671608598962	0.9239104548702073	0.9006671608598962	0.9006671608598962	0.7058014253792173	0.9076551679370839	0.9837125964139303	0.9826781476227682	0.9608053714758117	0.8879290950762592
3	0.9080800593031876	0.9080800593031876	0.6480850775205613	0.9196992796791932	0.9080800593031876	0.8162161625783917	0.9080800593031876	0.9080800593031876	0.7020897878619863	0.9105081176748118	0.9857019164916018	0.9814108804106232	0.9643473998246791	0.8341259974604457
4	0.910303928836175	0.910303928836175	0.6988884806557221	0.917329793717284	0.910303928836175	0.7917857426371359	0.910303928836175	0.910303928836175	0.7355696649839961	0.9111750896827295	0.9889123407815836	0.9829613387858814	0.9721392166257815	0.8408563267437268
