Times	Accuary	p_micro	p_macro	p_weigh	r_micro	r_macro	r_weigh	F1_micro	F1_macro	F1_weigh	roc_micro	roc_macro	pr_micro	pr_macro
0	0.733679525222552	0.733679525222552	0.46446966552334346	0.8371367701444513	0.733679525222552	0.7700477626948216	0.733679525222552	0.733679525222552	0.46124762951433074	0.7746516412601321	0.8894888056306445	0.8861923128741164	0.7432758526514744	0.497572912569573
1	0.7477744807121661	0.7477744807121661	0.4703031226373478	0.817571764374706	0.7477744807121661	0.7907239819004526	0.7477744807121661	0.7477744807121661	0.48494768880555683	0.7736187147396835	0.9078953837168007	0.8791543234079491	0.7681574900995709	0.5725217148689412
2	0.776706231454006	0.776706231454006	0.4770828446976043	0.8487218378867802	0.776706231454006	0.7513826043237808	0.776706231454006	0.776706231454006	0.4832341360452281	0.8030378777960406	0.9110186685333733	0.8795202143632962	0.7926546119735551	0.536224944702972
3	0.7477744807121661	0.7477744807121661	0.4667948071836824	0.8307216947508469	0.7477744807121661	0.679989944695827	0.7477744807121661	0.7477744807121661	0.4693689863082127	0.775720012208592	0.9069724866234038	0.8755052685656611	0.7799037417265803	0.4984415820269395
4	0.7433234421364985	0.7433234421364985	0.44709872190583916	0.8131234221238246	0.7433234421364985	0.5615573152337858	0.7433234421364985	0.7433234421364984	0.4464006241963193	0.7690935966425008	0.9025168619957911	0.8452532538714383	0.766641258949829	0.46446426555408193
