Times	Accuary	p_micro	p_macro	p_weigh	r_micro	r_macro	r_weigh	F1_micro	F1_macro	F1_weigh	roc_micro	roc_macro	pr_micro	pr_macro
0	0.9658500371195249	0.9658500371195249	0.7332192896709026	0.964734637124895	0.9658500371195249	0.5311085972850679	0.9658500371195249	0.9658500371195249	0.5576205004165969	0.9610422069926509	0.9960541788905735	0.9883694034013886	0.9895609202024362	0.6998786359475778
1	0.9680772086117297	0.9680772086117297	0.7343060476101684	0.9668742674552092	0.9680772086117297	0.5457516339869282	0.9680772086117297	0.9680772086117297	0.5780287840238303	0.9639100821720439	0.9956926286557588	0.9666409368649703	0.9891866673491172	0.7092078825305878
2	0.9524870081662955	0.9524870081662955	0.7271398512396325	0.9527653195898335	0.9524870081662955	0.5513448969331323	0.9524870081662955	0.9524870081662955	0.5877772492438068	0.9490352504720712	0.9956794012081436	0.9447054220418886	0.9892788169035037	0.7114909300437021
3	0.9658500371195249	0.9658500371195249	0.7331207968180459	0.9645407224658186	0.9658500371195249	0.5311085972850679	0.9658500371195249	0.9658500371195249	0.5576115768788232	0.9610246381565888	0.995878547780572	0.9872456975952495	0.9899089812906627	0.72243155794194
4	0.9658500371195249	0.9658500371195249	0.6835414068526435	0.9626962219548705	0.9658500371195249	0.5446204122674712	0.9658500371195249	0.9658500371195249	0.573135923657793	0.961847545251307	0.9949632818914221	0.9743131868265198	0.9877920389423404	0.685089319224989
