Times	Accuary	Precision	Recall	MCC	AUROC	AUPR
0	0.9452554744525548	0.9259776536312849	0.9678832116788321	0.891424261054171	0.9867462304864404	0.986310220422424
1	0.9291970802919708	0.9140845070422535	0.9474452554744526	0.8589664157911566	0.9786882625606053	0.9773857070139876
2	0.9175182481751825	0.8885869565217391	0.9547445255474453	0.8373605428039373	0.9737013159997869	0.9724000680705588
3	0.9175182481751825	0.8994413407821229	0.9401459854014599	0.8358929136442391	0.9770280782140763	0.9781080143108442
4	0.9102189781021898	0.8611825192802056	0.9781021897810219	0.8281054897456465	0.9815376418562523	0.981129123073732
