Times	Accuary	p_micro	p_macro	p_weigh	r_micro	r_macro	r_weigh	F1_micro	F1_macro	F1_weigh	roc_micro	roc_macro	pr_micro	pr_macro
0	0.7594654788418709	0.7594654788418709	0.46858963295004974	0.837436562235073	0.7594654788418709	0.7427099044746104	0.7594654788418709	0.7594654788418709	0.46944661305093116	0.7875160968945448	0.9080236778660894	0.864730084939131	0.7680726912722218	0.47541865129973315
1	0.7216035634743875	0.7216035634743875	0.463305843336803	0.8324415536589822	0.7216035634743875	0.6116138763197587	0.7216035634743875	0.7216035634743874	0.4532250260939984	0.7620283934716453	0.8997978588804031	0.8145325318965119	0.763210951378022	0.4986602752482736
2	0.749072011878248	0.749072011878248	0.4612143051585681	0.8437517141823868	0.749072011878248	0.737430869783811	0.749072011878248	0.749072011878248	0.4550543177290498	0.786312025271062	0.9116803322734841	0.851626374952302	0.7783308105284735	0.46857615228927985
3	0.7498144023756496	0.7498144023756496	0.46132784014091643	0.8349397588717031	0.7498144023756496	0.7378079436902966	0.7498144023756496	0.7498144023756496	0.457363871396572	0.7775527666994448	0.9070319867240518	0.8679415714034192	0.7859973442556516	0.4874784863174648
4	0.7297698589458055	0.7297698589458055	0.46272607168578583	0.8438268692265533	0.7297698589458055	0.6852061337355455	0.7297698589458055	0.7297698589458055	0.45120007653340016	0.7738939074892598	0.9048985096524542	0.8596393905278094	0.7609281537621252	0.5126157533818494
