Times	Accuary	p_micro	p_macro	p_weigh	r_micro	r_macro	r_weigh	F1_micro	F1_macro	F1_weigh	roc_micro	roc_macro	pr_micro	pr_macro
0	0.6597479614529281	0.6597479614529281	0.4200092965828986	0.7100064643972668	0.6597479614529281	0.5876498372628404	0.6597479614529281	0.6597479614529281	0.43892804481686576	0.6767066591960059	0.8841314700526779	0.8096458937178881	0.6805922396177831	0.5469350883473001
1	0.6679021497405485	0.6679021497405485	0.40863690949010506	0.7208191334958398	0.6679021497405485	0.6283589346669842	0.6679021497405485	0.6679021497405485	0.422187182508341	0.6877642521975308	0.8923807236798602	0.7661627608353463	0.6939383182110607	0.4307833152314243
2	0.614529280948851	0.614529280948851	0.38502452818397703	0.7116477587262303	0.614529280948851	0.5263058664761451	0.614529280948851	0.614529280948851	0.37234703582471973	0.6549226672800241	0.8418184186073093	0.748656185702705	0.5925489041230281	0.36872969845425296
3	0.6990363232023721	0.6990363232023721	0.4419145479431529	0.7650731630353708	0.6990363232023721	0.5948539334762245	0.6990363232023721	0.6990363232023721	0.446317169353455	0.7254769525282717	0.8864738507122482	0.7810058474661852	0.6757337780134827	0.4706728028616213
4	0.6397331356560415	0.6397331356560415	0.41188367851874524	0.7086248175144091	0.6397331356560415	0.7017146939747559	0.6397331356560415	0.6397331356560415	0.4211306662314501	0.6677175572707662	0.8509170325033709	0.8214327050306021	0.5971606565716184	0.4108765270006187
