Times	Accuary	Precision	Recall	MCC	AUROC	AUPR
0	0.737956204379562	0.6875912408759124	0.7646103896103896	0.47834536598478383	0.8706185731791783	0.8965800314918213
1	0.7343065693430657	0.7094890510948905	0.7465437788018433	0.46919145377251054	0.8525909744791944	0.8789362616578132
2	0.7583941605839416	0.7357664233576642	0.7706422018348624	0.5173183416609451	0.8806755820768288	0.9090082784080401
3	0.7437956204379562	0.6817518248175183	0.7783333333333333	0.49138905509097724	0.8424082263306516	0.8708079840910972
4	0.7386861313868613	0.6978102189781021	0.7599364069952306	0.47897552921932474	0.8579807128776173	0.8880923577770483
