Times	Accuary	p_micro	p_macro	p_weigh	r_micro	r_macro	r_weigh	F1_micro	F1_macro	F1_weigh	roc_micro	roc_macro	pr_micro	pr_macro
0	0.9443620178041543	0.9443620178041543	0.7047423954154489	0.9448013481136165	0.9443620178041543	0.642156862745098	0.9443620178041543	0.9443620178041543	0.6674555257097952	0.9426833942675811	0.9960275618053047	0.9945351415085326	0.9894041724714313	0.8290632727650662
1	0.9451038575667656	0.9451038575667656	0.7048384307349197	0.9449902840685397	0.9451038575667656	0.6425339366515836	0.9451038575667656	0.9451038575667656	0.6678333255471725	0.9434266621969021	0.9964010498756997	0.993973183044612	0.9902424747381716	0.7574857471924704
2	0.956973293768546	0.956973293768546	0.728442513368984	0.9546213245211762	0.956973293768546	0.5945198592257416	0.956973293768546	0.956973293768546	0.6347321791423483	0.9542927760848892	0.9960431543819177	0.9931265797305593	0.9902314855475006	0.7488111267430793
3	0.9577151335311572	0.9577151335311572	0.7138534211667751	0.9558247573696496	0.9577151335311572	0.6894796380090498	0.9577151335311572	0.9577151335311572	0.7006552591722239	0.9562463651824289	0.9970555712092797	0.9933802314186594	0.9918692884864375	0.7692982447815743
4	0.9502967359050445	0.9502967359050445	0.6751365410231038	0.9504833683067371	0.9502967359050445	0.6857088989441931	0.9502967359050445	0.9502967359050445	0.6795551649612563	0.9489668579408596	0.9967910477330962	0.9948162618374256	0.9913018001621728	0.7558336824639285
