Times	Accuary	p_micro	p_macro	p_weigh	r_micro	r_macro	r_weigh	F1_micro	F1_macro	F1_weigh	roc_micro	roc_macro	pr_micro	pr_macro
0	0.9079435783221975	0.9079435783221975	0.9536194799088575	0.9086851230276837	0.9079435783221975	0.8856837606837606	0.9079435783221975	0.9079435783221975	0.913920093659959	0.9077567531185802	0.9856601607833001	0.9603657421768004	0.9605914006046463	0.9227066957219847
1	0.9235337787676318	0.9235337787676318	0.924039649767525	0.9241157538338869	0.9235337787676318	0.8665786827551534	0.9235337787676318	0.9235337787676318	0.8902930247981622	0.9230253647222383	0.9899531105353497	0.9670264497437184	0.9731910816096845	0.9040117046906664
2	0.9034892353377877	0.9034892353377877	0.87203627198312	0.9073909264399543	0.9034892353377877	0.8699095022624435	0.9034892353377877	0.9034892353377877	0.8602839049617115	0.9030466158385269	0.986781278825961	0.9518616897311276	0.9652667616218873	0.9029165002000303
3	0.9123979213066072	0.9123979213066072	0.9300255847953216	0.915437652222613	0.9123979213066072	0.7625691302161891	0.9123979213066072	0.9123979213066072	0.8038140962369669	0.911938864058725	0.9903303683642075	0.9457030793142654	0.9740106051476904	0.7979171612304428
4	0.9131403118040089	0.9131403118040089	0.8739474684919599	0.9151512148780088	0.9131403118040089	0.7918552036199094	0.9131403118040089	0.9131403118040089	0.8241109971963363	0.9128005676055563	0.9879724839695276	0.9497491004513758	0.9676597525522401	0.8605137228787203
