Times	Accuary	p_micro	p_macro	p_weigh	r_micro	r_macro	r_weigh	F1_micro	F1_macro	F1_weigh	roc_micro	roc_macro	pr_micro	pr_macro
0	0.9666172106824926	0.9666172106824926	0.6836165371513733	0.9621298638912773	0.9666172106824926	0.5453745600804425	0.9666172106824926	0.9666172106824926	0.5736544649023803	0.9621541653072374	0.9949828591722507	0.9525603608641192	0.9894779507333568	0.6712675944645321
1	0.9636498516320475	0.9636498516320475	0.6701188311225218	0.9594993621193827	0.9636498516320475	0.5708898944193062	0.9636498516320475	0.9636498516320475	0.6004067886019354	0.9603757386350334	0.9960805765657883	0.9774870926219335	0.9908054209632504	0.7240594539851348
2	0.9688427299703264	0.9688427299703264	0.6517250676439259	0.9631861123083766	0.9688427299703264	0.5194821518350929	0.9688427299703264	0.9688427299703264	0.5358751406663003	0.9631184942061467	0.9955201610181182	0.9869155737889945	0.9893805690036507	0.7072083019918026
3	0.9673590504451038	0.9673590504451038	0.6513625134232282	0.9624728379810096	0.9673590504451038	0.5727752639517345	0.9673590504451038	0.9673590504451038	0.5981678269305117	0.964150156048257	0.996822966654633	0.991901036774365	0.9920885769464077	0.7126772043944862
4	0.9599406528189911	0.9599406528189911	0.6602911514611651	0.9572535964100328	0.9599406528189911	0.5554927099044746	0.9599406528189911	0.9599406528189911	0.5833873372002953	0.9563376990023617	0.9949991855171746	0.9668346308070817	0.9882485024630248	0.6888005296007027
