Times	Accuary	Precision	Recall	MCC	AUROC	AUPR
0	0.9664233576642336	0.941908713692946	0.9941605839416059	0.9342854149722993	0.9972507858703181	0.9971134886954225
1	0.9656934306569344	0.9430555555555555	0.9912408759124087	0.9326050271964744	0.9978155469124621	0.9978315837822965
2	0.9678832116788321	0.9482517482517483	0.9897810218978103	0.9366651427847638	0.9970866854920346	0.997013569774118
3	0.9656934306569344	0.9455307262569832	0.9883211678832117	0.9323420959878052	0.9970504555383879	0.9968719133007633
4	0.9700729927007299	0.9548022598870056	0.9868613138686131	0.9406763899428251	0.9975853801481166	0.9974424269419229
