Times	Accuary	Precision	Recall	MCC	AUROC	AUPR
0	0.8328467153284671	0.7824817518248175	0.8701298701298701	0.6690965855492681	0.9151174809526347	0.936720367479624
1	0.827007299270073	0.7941605839416058	0.85	0.6554304242983311	0.9210485374820182	0.939792573079864
2	0.8306569343065694	0.8058394160583942	0.847926267281106	0.6621299955107393	0.932674090255208	0.9499168611396407
3	0.8408759124087591	0.8014598540145985	0.8700475435816165	0.6838801239679089	0.9156587990835953	0.934018956679426
4	0.8124087591240876	0.7678832116788321	0.842948717948718	0.627309782929336	0.9162874953380573	0.9351710185301039
