Times	Accuary	Precision	Recall	MCC	AUROC	AUPR
0	0.8211678832116789	0.7693430656934307	0.8583061889250815	0.6458142047900157	0.9063540945175557	0.9285186310808016
1	0.8211678832116789	0.781021897810219	0.8492063492063492	0.6444163369068286	0.9225062603228729	0.9416413541720242
2	0.8189781021897811	0.7708029197080292	0.8529886914378029	0.6409381816929387	0.917892269167244	0.9373414493149791
3	0.8182481751824817	0.8	0.8303030303030303	0.6369206756546671	0.9241451329319623	0.9403762867265402
4	0.8291970802919708	0.8014598540145985	0.848531684698609	0.6594095808333442	0.9211082103468486	0.9410770373161543
