Times	Accuary	p_micro	p_macro	p_weigh	r_micro	r_macro	r_weigh	F1_micro	F1_macro	F1_weigh	roc_micro	roc_macro	pr_micro	pr_macro
0	0.9058561897702001	0.9058561897702001	0.9134798534798535	0.9094750961911823	0.9058561897702001	0.8388654044613797	0.9058561897702001	0.9058561897702001	0.8704987961764217	0.9055177927654304	0.9892203414915514	0.9611755109347462	0.9701537468934112	0.8810695208387951
1	0.9080800593031876	0.9080800593031876	0.9551379361833057	0.9118056388125474	0.9080800593031876	0.788873342859411	0.9080800593031876	0.9080800593031876	0.8525958686799016	0.9073094397444694	0.9863307398263144	0.9462000648882811	0.964038104200651	0.8367132491571041
2	0.9065974796145293	0.9065974796145293	0.9113937716389512	0.9100543670941648	0.9065974796145293	0.826461657537509	0.9065974796145293	0.9065974796145293	0.8628173512608033	0.9061864965141726	0.9900240923778664	0.9719771303356126	0.9731816847080716	0.87913413816697
3	0.9125277983691623	0.9125277983691623	0.9565179433920334	0.9145185959048725	0.9125277983691623	0.7929169643565928	0.9125277983691623	0.9125277983691623	0.8517028545715117	0.9122184114086849	0.9909676937203574	0.9750860939731583	0.9754472906205478	0.8441159922803162
4	0.8969607116382505	0.8969607116382505	0.8987382987382988	0.8986315554143575	0.8969607116382505	0.8581209811859967	0.8969607116382505	0.8969607116382505	0.8649228491904939	0.8965285197287781	0.9864410082933975	0.9756215663946625	0.9628240600922604	0.9175500398956971
