Times	Accuary	p_micro	p_macro	p_weigh	r_micro	r_macro	r_weigh	F1_micro	F1_macro	F1_weigh	roc_micro	roc_macro	pr_micro	pr_macro
0	0.9428359317000743	0.9428359317000743	0.6850088053546584	0.9434848708473076	0.9428359317000743	0.6275138260432378	0.9428359317000743	0.9428359317000744	0.6507130477671447	0.9413133386745334	0.9959874905088469	0.9889772631213273	0.9893532987100065	0.8143431248368913
1	0.9487750556792873	0.9487750556792873	0.6638743980738363	0.947917523156506	0.9487750556792873	0.6035067873303168	0.9487750556792873	0.9487750556792873	0.6269065460200763	0.9469607721197049	0.9972474048941924	0.9961195274296135	0.9921831845588975	0.7617123835981374
2	0.9547141796585004	0.9547141796585004	0.7104749482121078	0.9541581226651359	0.9547141796585004	0.660570638511815	0.9547141796585004	0.9547141796585004	0.6818967259842093	0.9534726186415164	0.996271696918023	0.9874517314914987	0.9901459484219368	0.7283586700923902
3	0.9398663697104677	0.9398663697104677	0.6869326233534794	0.9420105228480209	0.9398663697104677	0.6395173453996983	0.9398663697104677	0.9398663697104677	0.6591017875776961	0.9385211140727915	0.9955050560999936	0.9898955425854877	0.9876674619010984	0.7511762749600019
4	0.9510022271714922	0.9510022271714922	0.6854376284756032	0.9504681445562729	0.9510022271714922	0.618149824032177	0.9510022271714922	0.9510022271714922	0.6443380733773747	0.9493575134348906	0.9972207662844118	0.9919258669048189	0.9926526189932874	0.806164766473419
