Times	Accuary	p_micro	p_macro	p_weigh	r_micro	r_macro	r_weigh	F1_micro	F1_macro	F1_weigh	roc_micro	roc_macro	pr_micro	pr_macro
0	0.8887240356083086	0.8887240356083086	0.5954995621662289	0.9164360148039674	0.8887240356083086	0.8272687280040221	0.8887240356083086	0.8887240356083087	0.6486846101635957	0.8971174524331478	0.9832509128077791	0.9633560599423483	0.9583461611761109	0.8390523937154647
1	0.9020771513353115	0.9020771513353115	0.668423013949091	0.9167024406899453	0.9020771513353115	0.8961789844142786	0.9020771513353115	0.9020771513353115	0.7369114639872762	0.9053316799645095	0.9878584274758077	0.98459724108523	0.9690632087756031	0.9328344457472225
2	0.9176557863501483	0.9176557863501483	0.6156671563142243	0.9337224000573805	0.9176557863501483	0.8770739064856712	0.9176557863501483	0.9176557863501483	0.6719844907106458	0.9234229955756391	0.9867429162007237	0.9810990669650643	0.9677459994366034	0.9171623654986942
3	0.9028189910979229	0.9028189910979229	0.7129763094048808	0.917269910391996	0.9028189910979229	0.7723102061337355	0.9028189910979229	0.9028189910979227	0.7162965625840609	0.9065630974788583	0.9867410817799457	0.9682592844230501	0.966629909572893	0.8002053607406724
4	0.9020771513353115	0.9020771513353115	0.547955747955748	0.9139731353381206	0.9020771513353115	0.6206636500754148	0.9020771513353115	0.9020771513353115	0.5703217815314602	0.9053545199727887	0.9861560849938509	0.9652473011259615	0.9653133823848766	0.6733786345001826
