Times	Accuary	Precision	Recall	MCC	AUROC	AUPR
0	0.9321167883211678	0.9145658263305322	0.9532846715328467	0.865009109615917	0.9810325536789387	0.9810414297541318
1	0.9145985401459854	0.876657824933687	0.964963503649635	0.8334360977894393	0.9771048004688582	0.9751216232359319
2	0.9116788321167884	0.8615384615384616	0.981021897810219	0.8313919149818947	0.9779508764452021	0.9779821548106906
3	0.9255474452554745	0.9042995839112344	0.9518248175182482	0.8522726934356843	0.980244019393681	0.9798416415277149
4	0.9087591240875912	0.8645833333333334	0.9693430656934306	0.8235864093362705	0.9790249880121477	0.9779735361996257
