Times	Accuary	p_micro	p_macro	p_weigh	r_micro	r_macro	r_weigh	F1_micro	F1_macro	F1_weigh	roc_micro	roc_macro	pr_micro	pr_macro
0	0.9525574499629355	0.9525574499629355	0.7270793004472331	0.9519750220801054	0.9525574499629355	0.5612248948162261	0.9525574499629355	0.9525574499629355	0.5992695098594588	0.9489568125628502	0.996456389096024	0.9958665121419632	0.9904730793564203	0.7879846782405546
1	0.9458858413639734	0.9458858413639734	0.6996232329219881	0.9457381865894088	0.9458858413639734	0.5961736921489244	0.9458858413639734	0.9458858413639734	0.6305925934744246	0.9433709562365751	0.9956299251035323	0.98903717500312	0.9884860273472051	0.7638518608150903
2	0.9444032616753151	0.9444032616753151	0.6891348293660503	0.9455786267448224	0.9444032616753151	0.6337620068270223	0.9444032616753151	0.9444032616753151	0.656060992125814	0.9425575350289269	0.9951771283416886	0.9929048694955307	0.9864958900213989	0.7533976386307584
3	0.9436619718309859	0.9436619718309859	0.7008800391664771	0.9438690277353238	0.9436619718309859	0.6078232912598238	0.9436619718309859	0.9436619718309859	0.6407836348898872	0.9414565355038159	0.9956264448695213	0.9942709567529759	0.9887978614008843	0.7557068732619181
4	0.9540400296515937	0.9540400296515937	0.7280430812204555	0.9538697193451802	0.9540400296515937	0.6003215051202667	0.9540400296515937	0.9540400296515937	0.6401113691722828	0.9515013721607813	0.9965236125634982	0.9885966613916181	0.9910162935293854	0.7493835565881313
