Times	Accuary	p_micro	p_macro	p_weigh	r_micro	r_macro	r_weigh	F1_micro	F1_macro	F1_weigh	roc_micro	roc_macro	pr_micro	pr_macro
0	0.9012620638455828	0.9012620638455828	0.5979407571500333	0.9182436181606322	0.9012620638455828	0.8552664655605833	0.9012620638455828	0.9012620638455828	0.6374075818816263	0.9077682861982533	0.984822514291614	0.9800494687435681	0.9627458852799838	0.8951233755419661
1	0.9020044543429844	0.9020044543429844	0.6192471437280003	0.9136922235832642	0.9020044543429844	0.71675465057818	0.9020044543429844	0.9020044543429844	0.6530164820370798	0.9038045362749336	0.9866170380180729	0.964733735633534	0.9675035261638028	0.7602031835161409
2	0.9086859688195991	0.9086859688195991	0.6194438357103333	0.9229544155592796	0.9086859688195991	0.8725490196078431	0.9086859688195991	0.908685968819599	0.6776315530761896	0.9128058403811052	0.9867490369223992	0.9739309800692053	0.9679936886658107	0.8952098546170926
3	0.9161098737936154	0.9161098737936154	0.6833717494089835	0.9275317095515646	0.9161098737936154	0.8898315736551031	0.9161098737936154	0.9161098737936154	0.7499273636056358	0.9192663791585678	0.9902237220678103	0.9811105046061523	0.9758904296868341	0.9048856975400086
4	0.9005196733481812	0.9005196733481812	0.6017170838343515	0.9200632033408529	0.9005196733481812	0.881913021618904	0.9005196733481812	0.9005196733481813	0.659130879826436	0.906357379742636	0.9864983584186365	0.9813849433067247	0.9656021904504567	0.8824101570116918
