Times	Accuary	p_micro	p_macro	p_weigh	r_micro	r_macro	r_weigh	F1_micro	F1_macro	F1_weigh	roc_micro	roc_macro	pr_micro	pr_macro
0	0.6273199703043801	0.6273199703043801	0.4042509223767715	0.726398026439723	0.6273199703043801	0.743149824032177	0.6273199703043801	0.6273199703043801	0.4007102062328179	0.6658900623901817	0.8639331043882609	0.8228414307350538	0.6242357425653883	0.4113438208646537
1	0.5953971789161099	0.5953971789161099	0.3874573655403317	0.7253139417279653	0.5953971789161099	0.6323529411764706	0.5953971789161099	0.5953971789161099	0.3632616598353715	0.6490927283420064	0.8339400506354043	0.7973174534614225	0.5714116191165111	0.3772957222791167
2	0.6443949517446177	0.6443949517446177	0.39900435754112773	0.7112180199141654	0.6443949517446177	0.6013071895424837	0.6443949517446177	0.6443949517446177	0.3995987985788358	0.6667731412312398	0.8806667441942069	0.7797917353643762	0.6697495015182646	0.39613507623681876
3	0.6733481811432813	0.6733481811432813	0.41389872955606	0.7165335376098606	0.6733481811432813	0.6141277023629965	0.6733481811432813	0.6733481811432813	0.4334081302933034	0.6879206612981514	0.8880742985732544	0.7938296659456708	0.6603951814999668	0.4072664649470331
4	0.6265775798069785	0.6265775798069785	0.3914536559581847	0.69328788404724	0.6265775798069785	0.5922574157868276	0.6265775798069785	0.6265775798069785	0.39451160363085147	0.6547721649312186	0.8811622223361253	0.8018505101058945	0.6682059512738159	0.4067453064349673
