Times	Accuary	p_micro	p_macro	p_weigh	r_micro	r_macro	r_weigh	F1_micro	F1_macro	F1_weigh	roc_micro	roc_macro	pr_micro	pr_macro
0	0.9651593773165308	0.9651593773165308	0.6978402793327363	0.9626926766422659	0.9651593773165308	0.5676351512264826	0.9651593773165308	0.9651593773165308	0.6011979591239145	0.9615613182845455	0.9971064601752242	0.9869858706985324	0.9932080783385129	0.727689042041164
1	0.9681245366938473	0.9681245366938473	0.7342386225818637	0.9660495382409952	0.9681245366938473	0.5308009843613559	0.9681245366938473	0.9681245366938473	0.5558700914470145	0.9625879309719191	0.9965860736054841	0.96933585101263	0.9927252608050918	0.68791569526123
2	0.9621942179392142	0.9621942179392142	0.6695163252283272	0.9581595956304846	0.9621942179392142	0.5277843931094706	0.9621942179392142	0.9621942179392142	0.5501107791638588	0.956926453923316	0.9967727240505968	0.9925734720567934	0.9919765291953394	0.7009609285674316
3	0.9636767976278725	0.9636767976278725	0.6264902427912209	0.9588229235599096	0.9636767976278725	0.5413193617527983	0.9636767976278725	0.9636767976278725	0.5627392719958727	0.9594000764856994	0.9966879162428566	0.9927520780387694	0.9915749001100311	0.7067333802892639
4	0.971830985915493	0.971830985915493	0.6535698747147562	0.9665930129060047	0.971830985915493	0.5454671747241406	0.971830985915493	0.971830985915493	0.5697372603863025	0.967281849180485	0.9967331592849987	0.9922773286754826	0.9919631090574502	0.742767786582101
