Times	Accuary	p_micro	p_macro	p_weigh	r_micro	r_macro	r_weigh	F1_micro	F1_macro	F1_weigh	roc_micro	roc_macro	pr_micro	pr_macro
0	0.7353595255744997	0.7353595255744997	0.4576422764227642	0.8179668770001266	0.7353595255744997	0.713795943478606	0.7353595255744997	0.7353595255744997	0.4613035555131143	0.7647986851590827	0.9042673713591028	0.8504717732610017	0.7725011649687524	0.46616805509774606
1	0.7272053372868792	0.7272053372868792	0.46882324234098	0.8376663420711309	0.7272053372868792	0.7845518774311344	0.7272053372868792	0.7272053372868791	0.4632074288702482	0.7654681820269641	0.8985702282832024	0.8790098109006832	0.7497813780148217	0.5237071174181434
2	0.7509266123054115	0.7509266123054115	0.47844075977542705	0.8456855094445999	0.7509266123054115	0.8221798840993887	0.7509266123054115	0.7509266123054116	0.4836205171408111	0.7817967258247208	0.8997833645913299	0.904738051494068	0.7563723283181281	0.5359919069965784
3	0.7687175685693106	0.7687175685693106	0.47867859826080983	0.8291376552792329	0.7687175685693106	0.7307642692704612	0.7687175685693106	0.7687175685693106	0.4942001675346093	0.7884323579209482	0.9096034859489216	0.8791815004672296	0.780243824261775	0.47903304680177916
4	0.7613046701260193	0.7613046701260193	0.4778457911809447	0.84319381166292	0.7613046701260193	0.7269935302056044	0.7613046701260193	0.7613046701260193	0.4816357588603943	0.7879058353710503	0.9141213792057483	0.8896294676055192	0.7947337743619707	0.5624335517608355
