Times	Accuary	Precision	Recall	MCC	AUROC	AUPR
0	0.9664233576642336	0.9557774607703281	0.9781021897810219	0.933101290980468	0.994507965261868	0.9937268810296737
1	0.9532846715328467	0.921302578018996	0.9912408759124087	0.9091928280499995	0.9958356865043423	0.9948298908797136
2	0.954014598540146	0.9237057220708447	0.9897810218978103	0.9103613200851209	0.9950684639565242	0.9941121564633246
3	0.9416058394160584	0.9038718291054739	0.9883211678832117	0.8870920061659785	0.994718951462518	0.9931653075006168
4	0.9554744525547445	0.9250681198910081	0.9912408759124087	0.9132885269021149	0.9951579732537695	0.9941360361202921
