Times	Accuary	p_micro	p_macro	p_weigh	r_micro	r_macro	r_weigh	F1_micro	F1_macro	F1_weigh	roc_micro	roc_macro	pr_micro	pr_macro
0	0.9013353115727003	0.9013353115727003	0.9213199591106568	0.905018940327494	0.9013353115727003	0.7715560583207641	0.9013353115727003	0.9013353115727002	0.8238701892955305	0.9008857107493903	0.9870127594971634	0.9329034406713927	0.9641090978047088	0.8548115906890463
1	0.8998516320474778	0.8998516320474778	0.9505218289730006	0.902658672430562	0.8998516320474778	0.7978255404725993	0.8998516320474778	0.8998516320474778	0.8518055969672444	0.8995521411679432	0.9855491668794594	0.9217096485496781	0.9605607080483635	0.8459245296430025
2	0.8991097922848664	0.8991097922848664	0.8539623505346399	0.9032648447779837	0.8991097922848664	0.8055241327300151	0.8991097922848664	0.8991097922848664	0.8255441991604612	0.8986225639269608	0.9869297519569601	0.9529507457409223	0.9646344092552959	0.8688548365272533
3	0.8991097922848664	0.8991097922848664	0.8673236075872901	0.9010698867370128	0.8991097922848664	0.7920123177476119	0.8991097922848664	0.8991097922848664	0.8214890408370533	0.8986193889464877	0.9843323038563927	0.9248033216839558	0.958308186010937	0.8495871336743751
4	0.8998516320474778	0.8998516320474778	0.8740736497091334	0.9026220293020846	0.8998516320474778	0.8599484665661137	0.8998516320474778	0.8998516320474778	0.8660324879831525	0.8996690448197585	0.9869081975128189	0.9500248274095789	0.9628825227800998	0.9055363232575764
