Times	Accuary	Precision	Recall	MCC	AUROC	AUPR
0	0.9591240875912409	0.9337931034482758	0.9883211678832117	0.9198177474836738	0.9949405935318877	0.9944635294792128
1	0.9635036496350365	0.9440559440559441	0.9854014598540146	0.9278976063468408	0.9932569662741755	0.9931084267222796
2	0.9613138686131387	0.9401114206128134	0.9854014598540146	0.9237002438965434	0.9947530502424211	0.9942666270304074
3	0.9518248175182482	0.918809201623816	0.9912408759124087	0.9064706568225601	0.9938046779263681	0.992774378948778
4	0.9598540145985401	0.9424157303370787	0.9795620437956204	0.9204233037533754	0.992536629548724	0.9914857858265961
