Times	Accuary	p_micro	p_macro	p_weigh	r_micro	r_macro	r_weigh	F1_micro	F1_macro	F1_weigh	roc_micro	roc_macro	pr_micro	pr_macro
0	0.8739813736903376	0.8739813736903376	0.6838400540884186	0.8816675130454802	0.8739813736903376	0.8055321543416327	0.8739813736903376	0.8739813736903376	0.7087183786919758	0.8772230990963116	0.9762420758451115	0.9633745967685792	0.939502975716451	0.8341110099893955
1	0.8544819557625145	0.8544819557625145	0.6575476941463821	0.8702539875961727	0.8544819557625145	0.8171700598151547	0.8544819557625145	0.8544819557625145	0.6817340147915443	0.8606808070010857	0.9703661566024873	0.9603410422265186	0.9247078226260729	0.8232850885671691
2	0.8611757857974389	0.8611757857974389	0.6651356794347199	0.8758781659191381	0.8611757857974389	0.816488878008701	0.8611757857974389	0.8611757857974389	0.6920299319458342	0.8668830621915161	0.9742846972163082	0.9610559385505331	0.9346681408421931	0.8244171858650191
3	0.8591385331781141	0.8591385331781141	0.6583911022547608	0.8813426850495686	0.8591385331781141	0.8224458221977968	0.8591385331781141	0.8591385331781141	0.675459669094264	0.8688243376486623	0.9743781658785993	0.9632705420667554	0.9362641901729903	0.8448758050551568
4	0.8707799767171129	0.8707799767171129	0.677691986370591	0.8816564558780292	0.8707799767171129	0.8085379852083404	0.8707799767171129	0.8707799767171129	0.7031720920595654	0.8747580903346139	0.9756777910891683	0.9632065047030988	0.9387876141089669	0.815293220212846
