Times	Accuary	Precision	Recall	MCC	AUROC	AUPR
0	0.7499397154569568	0.33723780986107327	0.6461377870563675	0.3284260441055795	0.7693637030829272	0.3366159764619657
1	0.735632183908046	0.3081866443140542	0.5756784968684759	0.2714493133120499	0.7293193212303939	0.2986915473322927
2	0.7693111486214934	0.33061079545454547	0.4859081419624217	0.26464438832071707	0.7181410946201261	0.2893383978434481
3	0.6959247648902821	0.2856486796785304	0.6492693110647182	0.26765009379020044	0.7360013686470726	0.311068916433198
4	0.7012298046780805	0.2908246225319396	0.6534446764091858	0.2757210414233009	0.730366460212537	0.28097176954224484
