Times	Accuary	Precision	Recall	MCC	AUROC	AUPR
0	0.727802981205444	0.3032101429727542	0.5912677538137823	0.2708162600903717	0.7374017757176139	0.31403358072948084
1	0.7007453013609851	0.2772670807453416	0.5870594423987375	0.23754169808063086	0.7135114581836329	0.2883157683124345
2	0.6865683732987686	0.27052238805970147	0.6102051551814834	0.23551686148758438	0.7197327764564259	0.29023892416751185
3	0.7343648736228127	0.3033675799086758	0.5591793792740662	0.26053065016224675	0.7424499460839064	0.3192425894473033
4	0.7485418016850292	0.3173398117218342	0.5497106785902157	0.2729522506459226	0.7285507665343737	0.29488580113636004
