Times	Accuary	p_micro	p_macro	p_weigh	r_micro	r_macro	r_weigh	F1_micro	F1_macro	F1_weigh	roc_micro	roc_macro	pr_micro	pr_macro
0	0.860011641443539	0.860011641443539	0.6481829681979777	0.8820778172464306	0.860011641443539	0.7836729702929572	0.860011641443539	0.860011641443539	0.6684885257862324	0.869010029320061	0.9724385040857988	0.9600765003081148	0.9309593397727716	0.7620030482155421
1	0.8725261932479628	0.8725261932479628	0.668173885760756	0.8858674899222518	0.8725261932479628	0.7933518637910595	0.8725261932479628	0.8725261932479628	0.6925379548867961	0.8777968784938331	0.9765863894946024	0.9655475452586879	0.9404665718350697	0.7874593455947783
2	0.869615832363213	0.869615832363213	0.681239199525089	0.88085861468547	0.869615832363213	0.8487476578826219	0.869615832363213	0.869615832363213	0.7071452743213802	0.8743151082611308	0.976694779826738	0.9663686269469489	0.9394125419273297	0.7779550225193166
3	0.8713620488940629	0.8713620488940629	0.6751393543365999	0.8807440618934396	0.8713620488940629	0.8045977438696941	0.8713620488940629	0.8713620488940629	0.7009952856570197	0.8753034194633189	0.9778420967156854	0.9676759595016728	0.9442830984804148	0.7714270878152683
4	0.8640861466821886	0.8640861466821886	0.6709612437106005	0.8803080834584436	0.8640861466821886	0.8342842623092175	0.8640861466821886	0.8640861466821886	0.7012924251600041	0.8687465799732988	0.9734005776902599	0.9629703441796587	0.9333609381486364	0.7976322225172203
