Times	Accuary	p_micro	p_macro	p_weigh	r_micro	r_macro	r_weigh	F1_micro	F1_macro	F1_weigh	roc_micro	roc_macro	pr_micro	pr_macro
0	0.8745634458672875	0.8745634458672875	0.6864737101880719	0.8878851424653327	0.8745634458672875	0.8879499908900451	0.8745634458672875	0.8745634458672875	0.7221818057969556	0.8792924533693155	0.9769454130589259	0.971919187431075	0.9425705318801569	0.8540072919194699
1	0.8629220023282888	0.8629220023282888	0.6711066030439171	0.8804663751260333	0.8629220023282888	0.8375306438896319	0.8629220023282888	0.8629220023282888	0.6863101150928151	0.870109125597521	0.973913137755275	0.9681616698459656	0.9334714796984604	0.8216001725791757
2	0.8719441210710128	0.8719441210710128	0.6833317522241106	0.8844840433454931	0.8719441210710128	0.8361864919273245	0.8719441210710128	0.8719441210710129	0.6966792430754796	0.8772685288424754	0.9764732840841996	0.9698053169601859	0.9414353943585919	0.8170270949085215
3	0.8728172293364377	0.8728172293364377	0.6765352668416222	0.8884066157964762	0.8728172293364377	0.8580077247131851	0.8728172293364377	0.8728172293364377	0.7059465936657383	0.8786137902360108	0.975644220861268	0.9685220283044145	0.9389428147999019	0.7869703553492629
4	0.8757275902211874	0.8757275902211874	0.68525086425512	0.89038389908974	0.8757275902211874	0.8880690067109727	0.8757275902211874	0.8757275902211874	0.7163338332336713	0.8815166807519716	0.9765292721093689	0.9719105969063562	0.9416686011002219	0.833110265972252
