Times	Accuary	Precision	Recall	MCC	AUROC	AUPR
0	0.70776	0.3011049723756906	0.6794805194805195	0.29743228708961816	0.7470275275551872	0.31944905483203
1	0.77392	0.34438687392055267	0.5179220779220779	0.2895789976231965	0.7473995149058977	0.3197487819644884
2	0.6468	0.25834627329192544	0.6914285714285714	0.24206653540083709	0.7261448527831507	0.29853955836962365
3	0.75952	0.31646859083191853	0.4841558441558442	0.249891322557132	0.7190110466365786	0.2902069390966105
4	0.68056	0.26971046770601337	0.6290909090909091	0.24001258782628418	0.7216817659881489	0.2852639157522848
